doc_id,doc_title,quipu_based,speaker,section,seq,level,item,unit,quantity,quantity_raw,context,page,confidence,notes
A1.a,"Cédula de encomienda de Francisco Pizarro a Lucas Martínez Vegazo (tributarios por curaca/pueblo), Cuzco 22 ene. 1540; AGI Justicia 401 (copia, f.258v)",no,,totales globales de la cédula,1,total,indios tributarios,indios,1638,"1,638",total de la encomienda afirmado globalmente por la cédula,147,high,"table by modern author from AGI Justicia 401 (Trelles 1991, Cuadros I, VI-IX); texto p.147 n.6: la suma desagregada da 1637"
A1.a,"Cédula de encomienda de Francisco Pizarro a Lucas Martínez Vegazo (tributarios por curaca/pueblo), Cuzco 22 ene. 1540; AGI Justicia 401 (copia, f.258v)",no,,totales globales de la cédula,2,subtotal,indios tributarios,indios,900,900,"Tarapacá (curaca Tuscasanga), cifra global sin desglose por pueblo",148,high,"table by modern author from AGI Justicia 401 (Trelles 1991, Cuadros I, VI-IX); Cuadro I. Orden de regiones en el cuadro por magnitud, no el del documento"
A1.a,"Cédula de encomienda de Francisco Pizarro a Lucas Martínez Vegazo (tributarios por curaca/pueblo), Cuzco 22 ene. 1540; AGI Justicia 401 (copia, f.258v)",no,,totales globales de la cédula,3,subtotal,indios tributarios,indios,444,444,"Arica (valles de Azapa y Lluta, incl. mitmas de Sama/Locumba)",148,high,"table by modern author from AGI Justicia 401 (Trelles 1991, Cuadros I, VI-IX); Cuadro I; el desglose de Cuadro VIII da 446, pero la cita textual (p.143) da 444"
A1.a,"Cédula de encomienda de Francisco Pizarro a Lucas Martínez Vegazo (tributarios por curaca/pueblo), Cuzco 22 ene. 1540; AGI Justicia 401 (copia, f.258v)",no,,totales globales de la cédula,4,subtotal,indios tributarios,indios,194,ciento e noventa e quatro,"Ilo, cacique Pola 'pescador'",143,high,cita textual p.143 y Cuadro I p.148; el desglose por pueblos (Cuadro VII) da solo 173
A1.a,"Cédula de encomienda de Francisco Pizarro a Lucas Martínez Vegazo (tributarios por curaca/pueblo), Cuzco 22 ene. 1540; AGI Justicia 401 (copia, f.258v)",no,,totales globales de la cédula,5,subtotal,indios tributarios,indios,100,100,mitmas residentes en Arequipa,148,high,"table by modern author from AGI Justicia 401 (Trelles 1991, Cuadros I, VI-IX)"
A1.a,"Cédula de encomienda de Francisco Pizarro a Lucas Martínez Vegazo (tributarios por curaca/pueblo), Cuzco 22 ene. 1540; AGI Justicia 401 (copia, f.258v)",no,,Arequipa (mitmas) | Ahuelaynmina / principal Ayta,6,item,indios tributarios,indios,30,treynta,"pueblo Ahuelaynmina, principal Ayta, sirvieron antes a Pedro Godínez",155,high,"table by modern author from AGI Justicia 401 (Trelles 1991, Cuadros I, VI-IX); cita textual n.14: 'treynta yndios con su prinzipal que se llama Ayta mytima del cazique Cacha de la Provincia de los Canas'. Posición de este bloque en la cédula no indicada"
A1.a,"Cédula de encomienda de Francisco Pizarro a Lucas Martínez Vegazo (tributarios por curaca/pueblo), Cuzco 22 ene. 1540; AGI Justicia 401 (copia, f.258v)",no,,Arequipa (mitmas) | Ahuelaynmina / principal Pauca,7,item,indios tributarios,indios,35,35,"pueblo Ahuelaynmina, principal Pauca, sirvieron antes a Nogueral de Ulloa",155,high,"table by modern author from AGI Justicia 401 (Trelles 1991, Cuadros I, VI-IX); mitmas del curaca Canchis (p.156). Posición de este bloque en la cédula no indicada"
A1.a,"Cédula de encomienda de Francisco Pizarro a Lucas Martínez Vegazo (tributarios por curaca/pueblo), Cuzco 22 ene. 1540; AGI Justicia 401 (copia, f.258v)",no,,Arequipa (mitmas) | Ahuelaynmina / principal Purimaqui,8,item,indios tributarios,indios,10,10,"pueblo Ahuelaynmina, principal Purimaqui, sirvieron antes a Lucas Martínez",155,high,"table by modern author from AGI Justicia 401 (Trelles 1991, Cuadros I, VI-IX); mitmas del curaca Cabaytopa (p.156). Posición de este bloque en la cédula no indicada"
A1.a,"Cédula de encomienda de Francisco Pizarro a Lucas Martínez Vegazo (tributarios por curaca/pueblo), Cuzco 22 ene. 1540; AGI Justicia 401 (copia, f.258v)",no,,Arequipa (mitmas) | Yumina (Ynmina) / principal Mora,9,item,indios tributarios,indios,25,veinte e zinco,"pueblo Yumina (Ynmina), principal Mora, sirvieron antes a Solar",155,high,"table by modern author from AGI Justicia 401 (Trelles 1991, Cuadros I, VI-IX); cita textual n.14: mitmas del pueblo Pisquicancha. Posición de este bloque en la cédula no indicada"
A1.a,"Cédula de encomienda de Francisco Pizarro a Lucas Martínez Vegazo (tributarios por curaca/pueblo), Cuzco 22 ene. 1540; AGI Justicia 401 (copia, f.258v)",no,,"Arica, Azapa y Lluta (curaca principal de Lluta: Cayoa) | Camarasa",10,item,indios tributarios,indios,120,120,pueblo Camarasa; principal,143; 160,high,"table by modern author from AGI Justicia 401 (Trelles 1991, Cuadros I, VI-IX); table only; Larraín: Camarones (dudoso, Trelles p.160 n.). Orden = orden de Cuadro VIII y de la cita (misma secuencia)"
A1.a,"Cédula de encomienda de Francisco Pizarro a Lucas Martínez Vegazo (tributarios por curaca/pueblo), Cuzco 22 ene. 1540; AGI Justicia 401 (copia, f.258v)",no,,"Arica, Azapa y Lluta (curaca principal de Lluta: Cayoa) | Azapa",11,item,indios tributarios,indios,10,10,pueblo Azapa; principal Guacocan,143; 160,high,"table by modern author from AGI Justicia 401 (Trelles 1991, Cuadros I, VI-IX); table only. Orden = orden de Cuadro VIII y de la cita (misma secuencia)"
A1.a,"Cédula de encomienda de Francisco Pizarro a Lucas Martínez Vegazo (tributarios por curaca/pueblo), Cuzco 22 ene. 1540; AGI Justicia 401 (copia, f.258v)",no,,"Arica, Azapa y Lluta (curaca principal de Lluta: Cayoa) | Guator",12,item,indios tributarios,indios,27,veynte y siete,pueblo Guator; principal Lalio,143; 160,high,cita textual p.143; Guator = Cuanta (Larraín). Orden = orden de Cuadro VIII y de la cita (misma secuencia)
A1.a,"Cédula de encomienda de Francisco Pizarro a Lucas Martínez Vegazo (tributarios por curaca/pueblo), Cuzco 22 ene. 1540; AGI Justicia 401 (copia, f.258v)",no,,"Arica, Azapa y Lluta (curaca principal de Lluta: Cayoa) | estancia cabe Guator",13,item,indios tributarios,indios,15,quinze,pueblo estancia cabe Guator; principal (Lalio),143; 160,high,cita p.143 'una estancia que paresció thener quinze yndios'; la versión de Barriga omite la cifra (n.4 p.146). Orden = orden de Cuadro VIII y de la cita (misma secuencia)
A1.a,"Cédula de encomienda de Francisco Pizarro a Lucas Martínez Vegazo (tributarios por curaca/pueblo), Cuzco 22 ene. 1540; AGI Justicia 401 (copia, f.258v)",no,,"Arica, Azapa y Lluta (curaca principal de Lluta: Cayoa) | Ariaca (pescadores de Lalio)",14,item,indios tributarios,indios,18,diez y ocho,"pueblo Ariaca (pescadores de Lalio); principal (Lalio); pescadores, costa de la mar",143; 160,medium,cita textual p.143 da 18; Cuadro VIII p.160 y texto p.163 dan 15 -> probable error del cuadro moderno; con 18 y 30 la suma = 444 = total del documento. Orden = orden de Cuadro VIII y de la cita (misma secuencia)
A1.a,"Cédula de encomienda de Francisco Pizarro a Lucas Martínez Vegazo (tributarios por curaca/pueblo), Cuzco 22 ene. 1540; AGI Justicia 401 (copia, f.258v)",no,,"Arica, Azapa y Lluta (curaca principal de Lluta: Cayoa) | estancia valle arriba (sementeras) 1",15,item,indios tributarios,indios,6,seis,pueblo estancia valle arriba (sementeras) 1; principal (Lalio); sementeras,143; 160,high,cita p.143. Orden = orden de Cuadro VIII y de la cita (misma secuencia)
A1.a,"Cédula de encomienda de Francisco Pizarro a Lucas Martínez Vegazo (tributarios por curaca/pueblo), Cuzco 22 ene. 1540; AGI Justicia 401 (copia, f.258v)",no,,"Arica, Azapa y Lluta (curaca principal de Lluta: Cayoa) | estancia valle arriba (sementeras) 2",16,item,indios tributarios,indios,4,quatro,pueblo estancia valle arriba (sementeras) 2; principal (Lalio); sementeras,143; 160,high,cita p.143. Orden = orden de Cuadro VIII y de la cita (misma secuencia)
A1.a,"Cédula de encomienda de Francisco Pizarro a Lucas Martínez Vegazo (tributarios por curaca/pueblo), Cuzco 22 ene. 1540; AGI Justicia 401 (copia, f.258v)",no,,"Arica, Azapa y Lluta (curaca principal de Lluta: Cayoa) | Yllavaya (Ullavaya)",17,item,indios tributarios,indios,70,setenta,pueblo Yllavaya (Ullavaya); principal (principal sin nombre); mitmas,143; 160,high,cita p.143; = Ilabaya (Larraín). Orden = orden de Cuadro VIII y de la cita (misma secuencia)
A1.a,"Cédula de encomienda de Francisco Pizarro a Lucas Martínez Vegazo (tributarios por curaca/pueblo), Cuzco 22 ene. 1540; AGI Justicia 401 (copia, f.258v)",no,,"Arica, Azapa y Lluta (curaca principal de Lluta: Cayoa) | Auca",18,item,indios tributarios,indios,50,cincuenta,"pueblo Auca; principal Auca; mitmas, naturales del cacique Cariapassa (Lupaqa)",143; 160,high,cita p.143; devueltos a Chucuito en 1557 (A1.d). Orden = orden de Cuadro VIII y de la cita (misma secuencia)
A1.a,"Cédula de encomienda de Francisco Pizarro a Lucas Martínez Vegazo (tributarios por curaca/pueblo), Cuzco 22 ene. 1540; AGI Justicia 401 (copia, f.258v)",no,,"Arica, Azapa y Lluta (curaca principal de Lluta: Cayoa) | Inchachura",19,item,indios tributarios,indios,94,noventa e quatro,"pueblo Inchachura; principal Canche; mitmas, naturales del cacique Cariapassa (Lupaqa)",143; 160,high,cita p.143; Pease: San Benito de Tarata; devueltos a Chucuito 1557. Orden = orden de Cuadro VIII y de la cita (misma secuencia)
A1.a,"Cédula de encomienda de Francisco Pizarro a Lucas Martínez Vegazo (tributarios por curaca/pueblo), Cuzco 22 ene. 1540; AGI Justicia 401 (copia, f.258v)",no,,"Arica, Azapa y Lluta (curaca principal de Lluta: Cayoa) | Ariaca (pescadores de Tarapacá)",20,item,indios tributarios,indios,30,treynta,pueblo Ariaca (pescadores de Tarapacá); principal Pano; pescadores 'yndios de Tarapacá',143; 160,medium,cita textual p.143 da 30; Cuadro VIII y texto p.163 dan 35 -> probable error del cuadro; la cifra 30 cuadra con total 444 y con Choque 2020 Tabla 1 (mittanis 244 = 70+50+94+30). Orden = orden de Cuadro VIII y de la cita (misma secuencia)
A1.a,"Cédula de encomienda de Francisco Pizarro a Lucas Martínez Vegazo (tributarios por curaca/pueblo), Cuzco 22 ene. 1540; AGI Justicia 401 (copia, f.258v)",no,,"Ilo (cacique Pola, pescador; 194 tributarios) | Ylo",21,item,indios tributarios,indios,20,20,pueblo Ylo; principal (Pola); 'a la boca' del río de Moquegua,157,high,"table by modern author from AGI Justicia 401 (Trelles 1991, Cuadros I, VI-IX); Cuadro VII; suma de pueblos = 173 (vs 194 global). En la cita p.143 Ilo sigue inmediatamente a Arica ('E más el cacique Pola...')"
A1.a,"Cédula de encomienda de Francisco Pizarro a Lucas Martínez Vegazo (tributarios por curaca/pueblo), Cuzco 22 ene. 1540; AGI Justicia 401 (copia, f.258v)",no,,"Ilo (cacique Pola, pescador; 194 tributarios) | Chiri",22,item,indios tributarios,indios,6,6,"pueblo Chiri; principal ; estancia de Ilo, de pescadores",157,high,"table by modern author from AGI Justicia 401 (Trelles 1991, Cuadros I, VI-IX); Cuadro VII; suma de pueblos = 173 (vs 194 global). En la cita p.143 Ilo sigue inmediatamente a Arica ('E más el cacique Pola...')"
A1.a,"Cédula de encomienda de Francisco Pizarro a Lucas Martínez Vegazo (tributarios por curaca/pueblo), Cuzco 22 ene. 1540; AGI Justicia 401 (copia, f.258v)",no,,"Ilo (cacique Pola, pescador; 194 tributarios) | Meca",23,item,indios tributarios,indios,30,30,pueblo Meca; principal Casaveli; 'a la boca del río Yrabaya',157,high,"table by modern author from AGI Justicia 401 (Trelles 1991, Cuadros I, VI-IX); Cuadro VII; suma de pueblos = 173 (vs 194 global). En la cita p.143 Ilo sigue inmediatamente a Arica ('E más el cacique Pola...')"
A1.a,"Cédula de encomienda de Francisco Pizarro a Lucas Martínez Vegazo (tributarios por curaca/pueblo), Cuzco 22 ene. 1540; AGI Justicia 401 (copia, f.258v)",no,,"Ilo (cacique Pola, pescador; 194 tributarios) | Ete",24,item,indios tributarios,indios,25,25,pueblo Ete; principal Guata; a la vera del río,157,high,"table by modern author from AGI Justicia 401 (Trelles 1991, Cuadros I, VI-IX); Cuadro VII; suma de pueblos = 173 (vs 194 global). En la cita p.143 Ilo sigue inmediatamente a Arica ('E más el cacique Pola...')"
A1.a,"Cédula de encomienda de Francisco Pizarro a Lucas Martínez Vegazo (tributarios por curaca/pueblo), Cuzco 22 ene. 1540; AGI Justicia 401 (copia, f.258v)",no,,"Ilo (cacique Pola, pescador; 194 tributarios) | Piato",25,item,indios tributarios,indios,12,12,"pueblo Piato; principal Ulli; pueblo de pescadores, costa",157,high,"table by modern author from AGI Justicia 401 (Trelles 1991, Cuadros I, VI-IX); Cuadro VII; suma de pueblos = 173 (vs 194 global). En la cita p.143 Ilo sigue inmediatamente a Arica ('E más el cacique Pola...')"
A1.a,"Cédula de encomienda de Francisco Pizarro a Lucas Martínez Vegazo (tributarios por curaca/pueblo), Cuzco 22 ene. 1540; AGI Justicia 401 (copia, f.258v)",no,,"Ilo (cacique Pola, pescador; 194 tributarios) | Tamanco",26,item,indios tributarios,indios,14,14,pueblo Tamanco; principal Ilo,157,high,"table by modern author from AGI Justicia 401 (Trelles 1991, Cuadros I, VI-IX); Cuadro VII; suma de pueblos = 173 (vs 194 global). En la cita p.143 Ilo sigue inmediatamente a Arica ('E más el cacique Pola...')"
A1.a,"Cédula de encomienda de Francisco Pizarro a Lucas Martínez Vegazo (tributarios por curaca/pueblo), Cuzco 22 ene. 1540; AGI Justicia 401 (copia, f.258v)",no,,"Ilo (cacique Pola, pescador; 194 tributarios) | Parica",27,item,indios tributarios,indios,26,26,pueblo Parica; principal Moto; ¿= Arica? (Trelles p.163),157,high,"table by modern author from AGI Justicia 401 (Trelles 1991, Cuadros I, VI-IX); Cuadro VII; suma de pueblos = 173 (vs 194 global). En la cita p.143 Ilo sigue inmediatamente a Arica ('E más el cacique Pola...')"
A1.a,"Cédula de encomienda de Francisco Pizarro a Lucas Martínez Vegazo (tributarios por curaca/pueblo), Cuzco 22 ene. 1540; AGI Justicia 401 (copia, f.258v)",no,,"Ilo (cacique Pola, pescador; 194 tributarios) | Tacari",28,item,indios tributarios,indios,40,40,pueblo Tacari; principal Machina; pescadores,157,high,"table by modern author from AGI Justicia 401 (Trelles 1991, Cuadros I, VI-IX); Cuadro VII; suma de pueblos = 173 (vs 194 global). En la cita p.143 Ilo sigue inmediatamente a Arica ('E más el cacique Pola...')"
A1.a,"Cédula de encomienda de Francisco Pizarro a Lucas Martínez Vegazo (tributarios por curaca/pueblo), Cuzco 22 ene. 1540; AGI Justicia 401 (copia, f.258v)",no,,Tarapacá (curaca Tuscasanga; valle de Cato: Opo),29,total,indios tributarios,indios,900,900,"sin cifras por pueblo; principales Opo (Pachica, Puchuca, Guamba), Ayavirey (Canina), Taucari, Ayaviri (Omaguata), Chuquecambeco (Chuyapa)",165,high,duplicado intencional del subtotal global para marcar la sección; cédula sin desglose numérico (Cuadro IX p.164)
A1.b,"Otras cédulas de encomienda de enero 1540 a vecinos de Arequipa (Arica/Tacna y región); AGI Justicia 401 (via Trelles n.5, Choque 2020 n.17 y Tabla 1)",no,,totales por encomendero (cédulas ene. 1540),1,total,indios tributarios,indios,800,800,encomienda de Pedro Pizarro,147,high,Trelles p.147 n.5; Choque p.157
A1.b,"Otras cédulas de encomienda de enero 1540 a vecinos de Arequipa (Arica/Tacna y región); AGI Justicia 401 (via Trelles n.5, Choque 2020 n.17 y Tabla 1)",no,,totales por encomendero (cédulas ene. 1540),2,total,indios tributarios,indios,800,800,encomienda de Pedro de Fuentes / de la Fuente,147,high,Trelles n.5 (Barriga 1939); Choque n.17
A1.b,"Otras cédulas de encomienda de enero 1540 a vecinos de Arequipa (Arica/Tacna y región); AGI Justicia 401 (via Trelles n.5, Choque 2020 n.17 y Tabla 1)",no,,totales por encomendero (cédulas ene. 1540),3,total,indios tributarios,indios,600,600,encomienda de Hernando de Torres,147,high,Trelles n.5; Choque 'unos 600'
A1.b,"Otras cédulas de encomienda de enero 1540 a vecinos de Arequipa (Arica/Tacna y región); AGI Justicia 401 (via Trelles n.5, Choque 2020 n.17 y Tabla 1)",no,,totales por encomendero (cédulas ene. 1540),4,total,indios tributarios,indios,593,593,encomienda de Diego Hernández,147,high,Trelles n.5; Choque n.17
A1.b,"Otras cédulas de encomienda de enero 1540 a vecinos de Arequipa (Arica/Tacna y región); AGI Justicia 401 (via Trelles n.5, Choque 2020 n.17 y Tabla 1)",no,,totales por encomendero (cédulas ene. 1540),5,total,indios tributarios,indios,287,287,encomienda de Martín López de Carbajal,147,high,Trelles n.5; Choque n.17
A1.b,"Otras cédulas de encomienda de enero 1540 a vecinos de Arequipa (Arica/Tacna y región); AGI Justicia 401 (via Trelles n.5, Choque 2020 n.17 y Tabla 1)",no,,Choque Tabla 1 (Arica y Tacna 1540) | Lucas Martínez de Vegazo,6,item,indios tributarios agricultores,indios,200,200,Lucas Martínez de Vegazo,Choque 2020: 159,medium,"table by modern author from AGI Justicia 401, AGI Justicia 658, Barriga 1940, Cavagnaro 1988; clasificación del autor moderno: 200 = Camarasa..estancias de Arica, 194 = Ilo, 244 = Ullavaya+Auca+Inchachura+Pano(30) de la cédula A1.a"
A1.b,"Otras cédulas de encomienda de enero 1540 a vecinos de Arequipa (Arica/Tacna y región); AGI Justicia 401 (via Trelles n.5, Choque 2020 n.17 y Tabla 1)",no,,Choque Tabla 1 (Arica y Tacna 1540) | Lucas Martínez de Vegazo,7,item,indios tributarios pescadores,indios,194,194,Lucas Martínez de Vegazo,Choque 2020: 159,medium,"table by modern author from AGI Justicia 401, AGI Justicia 658, Barriga 1940, Cavagnaro 1988; clasificación del autor moderno: 200 = Camarasa..estancias de Arica, 194 = Ilo, 244 = Ullavaya+Auca+Inchachura+Pano(30) de la cédula A1.a"
A1.b,"Otras cédulas de encomienda de enero 1540 a vecinos de Arequipa (Arica/Tacna y región); AGI Justicia 401 (via Trelles n.5, Choque 2020 n.17 y Tabla 1)",no,,Choque Tabla 1 (Arica y Tacna 1540) | Lucas Martínez de Vegazo,8,item,indios tributarios mittanis,indios,244,244,Lucas Martínez de Vegazo,Choque 2020: 159,medium,"table by modern author from AGI Justicia 401, AGI Justicia 658, Barriga 1940, Cavagnaro 1988; clasificación del autor moderno: 200 = Camarasa..estancias de Arica, 194 = Ilo, 244 = Ullavaya+Auca+Inchachura+Pano(30) de la cédula A1.a"
A1.b,"Otras cédulas de encomienda de enero 1540 a vecinos de Arequipa (Arica/Tacna y región); AGI Justicia 401 (via Trelles n.5, Choque 2020 n.17 y Tabla 1)",no,,Choque Tabla 1 (Arica y Tacna 1540) | Lucas Martínez de Vegazo,9,subtotal,indios tributarios,indios,638,638,Lucas Martínez de Vegazo,Choque 2020: 159,medium,total de fila del cuadro moderno
A1.b,"Otras cédulas de encomienda de enero 1540 a vecinos de Arequipa (Arica/Tacna y región); AGI Justicia 401 (via Trelles n.5, Choque 2020 n.17 y Tabla 1)",no,,Choque Tabla 1 (Arica y Tacna 1540) | Pedro Pizarro,10,item,indios tributarios agricultores,indios,800,800,Pedro Pizarro,Choque 2020: 159,medium,"table by modern author from AGI Justicia 401, AGI Justicia 658, Barriga 1940, Cavagnaro 1988"
A1.b,"Otras cédulas de encomienda de enero 1540 a vecinos de Arequipa (Arica/Tacna y región); AGI Justicia 401 (via Trelles n.5, Choque 2020 n.17 y Tabla 1)",no,,Choque Tabla 1 (Arica y Tacna 1540) | Pedro Pizarro,11,item,indios tributarios pescadores,indios,41,41,Pedro Pizarro,Choque 2020: 159,medium,"table by modern author from AGI Justicia 401, AGI Justicia 658, Barriga 1940, Cavagnaro 1988"
A1.b,"Otras cédulas de encomienda de enero 1540 a vecinos de Arequipa (Arica/Tacna y región); AGI Justicia 401 (via Trelles n.5, Choque 2020 n.17 y Tabla 1)",no,,Choque Tabla 1 (Arica y Tacna 1540) | Pedro Pizarro,12,item,indios tributarios mittanis,indios,40,40,Pedro Pizarro,Choque 2020: 159,medium,"table by modern author from AGI Justicia 401, AGI Justicia 658, Barriga 1940, Cavagnaro 1988"
A1.b,"Otras cédulas de encomienda de enero 1540 a vecinos de Arequipa (Arica/Tacna y región); AGI Justicia 401 (via Trelles n.5, Choque 2020 n.17 y Tabla 1)",no,,Choque Tabla 1 (Arica y Tacna 1540) | Pedro Pizarro,13,subtotal,indios tributarios,indios,881,881,Pedro Pizarro,Choque 2020: 159,medium,total de fila del cuadro moderno
A1.b,"Otras cédulas de encomienda de enero 1540 a vecinos de Arequipa (Arica/Tacna y región); AGI Justicia 401 (via Trelles n.5, Choque 2020 n.17 y Tabla 1)",no,,Choque Tabla 1 (Arica y Tacna 1540) | Hernando de Torres,14,item,indios tributarios agricultores,indios,600,600,Hernando de Torres,Choque 2020: 159,medium,"table by modern author from AGI Justicia 401, AGI Justicia 658, Barriga 1940, Cavagnaro 1988"
A1.b,"Otras cédulas de encomienda de enero 1540 a vecinos de Arequipa (Arica/Tacna y región); AGI Justicia 401 (via Trelles n.5, Choque 2020 n.17 y Tabla 1)",no,,Choque Tabla 1 (Arica y Tacna 1540) | Hernando de Torres,15,subtotal,indios tributarios,indios,600,600,Hernando de Torres,Choque 2020: 159,medium,total de fila del cuadro moderno
A1.b,"Otras cédulas de encomienda de enero 1540 a vecinos de Arequipa (Arica/Tacna y región); AGI Justicia 401 (via Trelles n.5, Choque 2020 n.17 y Tabla 1)",no,,Choque Tabla 1 (Arica y Tacna 1540) | Hernán Rodríguez de Huelva,16,item,indios tributarios agricultores,indios,299,299,Hernán Rodríguez de Huelva,Choque 2020: 159,medium,"table by modern author from AGI Justicia 401, AGI Justicia 658, Barriga 1940, Cavagnaro 1988"
A1.b,"Otras cédulas de encomienda de enero 1540 a vecinos de Arequipa (Arica/Tacna y región); AGI Justicia 401 (via Trelles n.5, Choque 2020 n.17 y Tabla 1)",no,,Choque Tabla 1 (Arica y Tacna 1540) | Hernán Rodríguez de Huelva,17,subtotal,indios tributarios,indios,299,299,Hernán Rodríguez de Huelva,Choque 2020: 159,medium,total de fila del cuadro moderno
A1.b,"Otras cédulas de encomienda de enero 1540 a vecinos de Arequipa (Arica/Tacna y región); AGI Justicia 401 (via Trelles n.5, Choque 2020 n.17 y Tabla 1)",no,,Choque Tabla 1 (Arica y Tacna 1540) | Lope de Mendieta,18,item,indios tributarios agricultores,indios,111,111,Lope de Mendieta,Choque 2020: 159,medium,"table by modern author from AGI Justicia 401, AGI Justicia 658, Barriga 1940, Cavagnaro 1988"
A1.b,"Otras cédulas de encomienda de enero 1540 a vecinos de Arequipa (Arica/Tacna y región); AGI Justicia 401 (via Trelles n.5, Choque 2020 n.17 y Tabla 1)",no,,Choque Tabla 1 (Arica y Tacna 1540) | Lope de Mendieta,19,item,indios tributarios pescadores,indios,26,26,Lope de Mendieta,Choque 2020: 159,medium,"table by modern author from AGI Justicia 401, AGI Justicia 658, Barriga 1940, Cavagnaro 1988"
A1.b,"Otras cédulas de encomienda de enero 1540 a vecinos de Arequipa (Arica/Tacna y región); AGI Justicia 401 (via Trelles n.5, Choque 2020 n.17 y Tabla 1)",no,,Choque Tabla 1 (Arica y Tacna 1540) | Lope de Mendieta,20,item,indios tributarios mittanis,indios,12,12,Lope de Mendieta,Choque 2020: 159,medium,"table by modern author from AGI Justicia 401, AGI Justicia 658, Barriga 1940, Cavagnaro 1988"
A1.b,"Otras cédulas de encomienda de enero 1540 a vecinos de Arequipa (Arica/Tacna y región); AGI Justicia 401 (via Trelles n.5, Choque 2020 n.17 y Tabla 1)",no,,Choque Tabla 1 (Arica y Tacna 1540) | Lope de Mendieta,21,subtotal,indios tributarios,indios,149,149,Lope de Mendieta,Choque 2020: 159,medium,total de fila del cuadro moderno
A1.b,"Otras cédulas de encomienda de enero 1540 a vecinos de Arequipa (Arica/Tacna y región); AGI Justicia 401 (via Trelles n.5, Choque 2020 n.17 y Tabla 1)",no,,Choque Tabla 1 (Arica y Tacna 1540) | Encomienda Real de Chucuito,22,item,indios tributarios mittanis,indios,465,465,Encomienda Real de Chucuito,Choque 2020: 159,medium,"table by modern author from AGI Justicia 401, AGI Justicia 658, Barriga 1940, Cavagnaro 1988; Chucuito sin dato de 1540: cifra de la Visita de Toledo (Cook 1975: 79-80)"
A1.b,"Otras cédulas de encomienda de enero 1540 a vecinos de Arequipa (Arica/Tacna y región); AGI Justicia 401 (via Trelles n.5, Choque 2020 n.17 y Tabla 1)",no,,Choque Tabla 1 (Arica y Tacna 1540) | Encomienda Real de Chucuito,23,subtotal,indios tributarios,indios,465,465,Encomienda Real de Chucuito,Choque 2020: 159,medium,total de fila del cuadro moderno
A1.c,Variaciones de la encomienda: Cochuna (cédula 1538 s/Cúneo Vidal; encomienda de Vaca de Castro a Hernando de Silva ca.1543) y Carumas (Barriga 1955: 29),no,,"Cochuna (Moquegua), Vaca de Castro ca. 1543",1,total,indios tributarios,indios,135,135,"indios del valle de Cochuna encomendados a Hernando de Silva, disputados por Lucas Martínez (mitmas del Collao)",169,medium,cifra citada por Trelles sin transcripción; AMA LPL 01; Barriga 1939
A1.c,Variaciones de la encomienda: Cochuna (cédula 1538 s/Cúneo Vidal; encomienda de Vaca de Castro a Hernando de Silva ca.1543) y Carumas (Barriga 1955: 29),no,,"Cochuna, cédula de 1538 (Cúneo Vidal 1977: II,325)",2,total,indígenas,indios,94,94,Pizarro habría encomendado 94 indígenas del valle de Cochuna a Lucas Martínez,170,low,Trelles no conoce la cédula; dato de segunda mano
A1.c,Variaciones de la encomienda: Cochuna (cédula 1538 s/Cúneo Vidal; encomienda de Vaca de Castro a Hernando de Silva ca.1543) y Carumas (Barriga 1955: 29),no,,Carumas (parcialidad de Catari el Viejo),3,total,indios tributarios,indios,249,249,tributarios de los Carumas encomendados a Lucas Martínez (ca. 1540s),154,medium,Trelles Cuadro V p.154 y n. p.155: 'consta en Barriga 1955: 29'; fecha exacta no dada
A1.d,"Provisión del virrey marqués de Cañete a petición de los caciques de Chucuito para que se les devuelvan pueblos de mitimaes de la costa de Arequipa, 1557 (Barriga 1955: 299-301)",no,caciques principales de Chucuito (petición),pueblo de Auca,1,item,indios naturales del cacique Cariapasa,indios,50,cincuenta,"pueblo de Auca, principal 'Aura', mitimaes devueltos a Chucuito",173,high,cita textual; la cédula 1540 da el mismo 50 (principal Auca)
A1.d,"Provisión del virrey marqués de Cañete a petición de los caciques de Chucuito para que se les devuelvan pueblos de mitimaes de la costa de Arequipa, 1557 (Barriga 1955: 299-301)",no,caciques principales de Chucuito (petición),pueblo de Inchenchura,2,item,indios naturales del cacique Cariapasa,indios,94,noventa y quatro,"pueblo Inchenchura (=Inchachura), principal Canche, 'con los demás que hubieren multiplicado'",173,high,cita textual; idéntico a cédula 1540
A1.e,"Tasa de La Gasca para el repartimiento de Tarapacá, aprobada Lima 1 mar. 1550 (Loayza, Cianca, fray Domingo de Santo Tomás); traslado en AGN DIE L2 C15",no,,tasa anual 1550 | Tarapacá,1,item,"ropa (vestidos, mitad lana mitad algodón)",piezas,150,150,tributo anual de Tarapacá al encomendero,189,high,"table by modern author from AGN DIE L2 C15 f.250r-271v (tasa de La Gasca aprobada Lima 1 mar. 1550; Trelles 1991 Cuadros I-IV); orden de items = orden del cuadro (ropa primero, como en la tasa); epígrafe p.183 transcribe: 'ciento e cinquenta vestidos de ropa, la mitad de lana e la mitad de algodón'; Urbina 2019 Tabla 3: 75 lana + 75 algodón"
A1.e,"Tasa de La Gasca para el repartimiento de Tarapacá, aprobada Lima 1 mar. 1550 (Loayza, Cianca, fray Domingo de Santo Tomás); traslado en AGN DIE L2 C15",no,,tasa anual 1550 | Tarapacá,2,item,maíz,fanegas,800,800,tributo anual de Tarapacá al encomendero,189,high,"table by modern author from AGN DIE L2 C15 f.250r-271v (tasa de La Gasca aprobada Lima 1 mar. 1550; Trelles 1991 Cuadros I-IV); orden de items = orden del cuadro (ropa primero, como en la tasa); epígrafe p.183: 'ochocientos hanegas de maíz ... las quatrocientas ... en terminos de Tarapaca, e las otras quatrocientas en vuestras tierras' (400+400)"
A1.e,"Tasa de La Gasca para el repartimiento de Tarapacá, aprobada Lima 1 mar. 1550 (Loayza, Cianca, fray Domingo de Santo Tomás); traslado en AGN DIE L2 C15",no,,tasa anual 1550 | Tarapacá,3,item,trigo,fanegas,12,12,tributo anual de Tarapacá al encomendero,189,high,"table by modern author from AGN DIE L2 C15 f.250r-271v (tasa de La Gasca aprobada Lima 1 mar. 1550; Trelles 1991 Cuadros I-IV); orden de items = orden del cuadro (ropa primero, como en la tasa); el encomendero da la semilla (p.213)"
A1.e,"Tasa de La Gasca para el repartimiento de Tarapacá, aprobada Lima 1 mar. 1550 (Loayza, Cianca, fray Domingo de Santo Tomás); traslado en AGN DIE L2 C15",no,,tasa anual 1550 | Tarapacá,4,item,aves,unidades,240,240,tributo anual de Tarapacá al encomendero,189,high,"table by modern author from AGN DIE L2 C15 f.250r-271v (tasa de La Gasca aprobada Lima 1 mar. 1550; Trelles 1991 Cuadros I-IV); orden de items = orden del cuadro (ropa primero, como en la tasa)"
A1.e,"Tasa de La Gasca para el repartimiento de Tarapacá, aprobada Lima 1 mar. 1550 (Loayza, Cianca, fray Domingo de Santo Tomás); traslado en AGN DIE L2 C15",no,,tasa anual 1550 | Tarapacá,5,item,huevos,unidades,1300,1300,tributo anual de Tarapacá al encomendero,189,high,"table by modern author from AGN DIE L2 C15 f.250r-271v (tasa de La Gasca aprobada Lima 1 mar. 1550; Trelles 1991 Cuadros I-IV); orden de items = orden del cuadro (ropa primero, como en la tasa)"
A1.e,"Tasa de La Gasca para el repartimiento de Tarapacá, aprobada Lima 1 mar. 1550 (Loayza, Cianca, fray Domingo de Santo Tomás); traslado en AGN DIE L2 C15",no,,tasa anual 1550 | Tarapacá,6,item,puercos,unidades,20,20,tributo anual de Tarapacá al encomendero,189,high,"table by modern author from AGN DIE L2 C15 f.250r-271v (tasa de La Gasca aprobada Lima 1 mar. 1550; Trelles 1991 Cuadros I-IV); orden de items = orden del cuadro (ropa primero, como en la tasa)"
A1.e,"Tasa de La Gasca para el repartimiento de Tarapacá, aprobada Lima 1 mar. 1550 (Loayza, Cianca, fray Domingo de Santo Tomás); traslado en AGN DIE L2 C15",no,,tasa anual 1550 | Tarapacá,7,item,carneros de la tierra (llamas),cabezas,80,80,tributo anual de Tarapacá al encomendero,189,medium,"table by modern author from AGN DIE L2 C15 f.250r-271v (tasa de La Gasca aprobada Lima 1 mar. 1550; Trelles 1991 Cuadros I-IV); orden de items = orden del cuadro (ropa primero, como en la tasa); Urbina Tabla 3: 80"
A1.e,"Tasa de La Gasca para el repartimiento de Tarapacá, aprobada Lima 1 mar. 1550 (Loayza, Cianca, fray Domingo de Santo Tomás); traslado en AGN DIE L2 C15",no,,tasa anual 1550 | Tarapacá,8,item,ovejas de la tierra (alpacas),cabezas,80,80,tributo anual de Tarapacá al encomendero,189,medium,"table by modern author from AGN DIE L2 C15 f.250r-271v (tasa de La Gasca aprobada Lima 1 mar. 1550; Trelles 1991 Cuadros I-IV); orden de items = orden del cuadro (ropa primero, como en la tasa); epígrafe p.183: 'ochenta ovejas, la mitad pacos e dando machos no se os pidan hembras' - posible que 80 sea el total de ganado (mitad pacos); pero cargo 1565 = 173 = 160+13 apoya 80+80"
A1.e,"Tasa de La Gasca para el repartimiento de Tarapacá, aprobada Lima 1 mar. 1550 (Loayza, Cianca, fray Domingo de Santo Tomás); traslado en AGN DIE L2 C15",no,,tasa anual 1550 | Tarapacá,9,item,cueros (de lobo marino),unidades,15,15,tributo anual de Tarapacá al encomendero,189,high,"table by modern author from AGN DIE L2 C15 f.250r-271v (tasa de La Gasca aprobada Lima 1 mar. 1550; Trelles 1991 Cuadros I-IV); orden de items = orden del cuadro (ropa primero, como en la tasa)"
A1.e,"Tasa de La Gasca para el repartimiento de Tarapacá, aprobada Lima 1 mar. 1550 (Loayza, Cianca, fray Domingo de Santo Tomás); traslado en AGN DIE L2 C15",no,,tasa anual 1550 | Tarapacá,10,item,cántaros,unidades,100,100,tributo anual de Tarapacá al encomendero,189,high,"table by modern author from AGN DIE L2 C15 f.250r-271v (tasa de La Gasca aprobada Lima 1 mar. 1550; Trelles 1991 Cuadros I-IV); orden de items = orden del cuadro (ropa primero, como en la tasa); olleros principales Ojacayo y Oja (Urbina p.232)"
A1.e,"Tasa de La Gasca para el repartimiento de Tarapacá, aprobada Lima 1 mar. 1550 (Loayza, Cianca, fray Domingo de Santo Tomás); traslado en AGN DIE L2 C15",no,,tasa anual 1550 | Tarapacá,11,item,pescado seco,arrobas,150,150,tributo anual de Tarapacá al encomendero,189,low,"table by modern author from AGN DIE L2 C15 f.250r-271v (tasa de La Gasca aprobada Lima 1 mar. 1550; Trelles 1991 Cuadros I-IV); orden de items = orden del cuadro (ropa primero, como en la tasa); Urbina 2019 (Tabla 3, n.31, f.267v) lee en la tasa '340 arreldes de pescado fresco' y sugiere que las 150 arrobas de Trelles son del cargo 1565 -> discrepancia"
A1.e,"Tasa de La Gasca para el repartimiento de Tarapacá, aprobada Lima 1 mar. 1550 (Loayza, Cianca, fray Domingo de Santo Tomás); traslado en AGN DIE L2 C15",no,,tasa anual 1550 | Tarapacá,12,item,sebo,arrobas,4,4,tributo anual de Tarapacá al encomendero,189,low,"table by modern author from AGN DIE L2 C15 f.250r-271v (tasa de La Gasca aprobada Lima 1 mar. 1550; Trelles 1991 Cuadros I-IV); orden de items = orden del cuadro (ropa primero, como en la tasa); Urbina Tabla 3: 40 arrobas -> discrepancia"
A1.e,"Tasa de La Gasca para el repartimiento de Tarapacá, aprobada Lima 1 mar. 1550 (Loayza, Cianca, fray Domingo de Santo Tomás); traslado en AGN DIE L2 C15",no,,tasa anual 1550 | Tarapacá,13,item,sal,cargas,40,40,tributo anual de Tarapacá al encomendero,189,medium,"table by modern author from AGN DIE L2 C15 f.250r-271v (tasa de La Gasca aprobada Lima 1 mar. 1550; Trelles 1991 Cuadros I-IV); orden de items = orden del cuadro (ropa primero, como en la tasa); Urbina: 40 fanegas (unidad distinta)"
A1.e,"Tasa de La Gasca para el repartimiento de Tarapacá, aprobada Lima 1 mar. 1550 (Loayza, Cianca, fray Domingo de Santo Tomás); traslado en AGN DIE L2 C15",no,,tasa anual 1550 | Tarapacá,14,item,aceite de lobo,cántaros,15,15,tributo anual de Tarapacá al encomendero,189,high,"table by modern author from AGN DIE L2 C15 f.250r-271v (tasa de La Gasca aprobada Lima 1 mar. 1550; Trelles 1991 Cuadros I-IV); orden de items = orden del cuadro (ropa primero, como en la tasa)"
A1.e,"Tasa de La Gasca para el repartimiento de Tarapacá, aprobada Lima 1 mar. 1550 (Loayza, Cianca, fray Domingo de Santo Tomás); traslado en AGN DIE L2 C15",no,,tasa anual 1550 | Tarapacá,15,item,indios de servicio,indios,20,20,tributo anual de Tarapacá al encomendero,189,high,"table by modern author from AGN DIE L2 C15 f.250r-271v (tasa de La Gasca aprobada Lima 1 mar. 1550; Trelles 1991 Cuadros I-IV); orden de items = orden del cuadro (ropa primero, como en la tasa)"
A1.e,"Tasa de La Gasca para el repartimiento de Tarapacá, aprobada Lima 1 mar. 1550 (Loayza, Cianca, fray Domingo de Santo Tomás); traslado en AGN DIE L2 C15",no,,tasa anual 1550 | Tarapacá,16,item,indios guarda de ganado,indios,10,10,tributo anual de Tarapacá al encomendero,189,high,"table by modern author from AGN DIE L2 C15 f.250r-271v (tasa de La Gasca aprobada Lima 1 mar. 1550; Trelles 1991 Cuadros I-IV); orden de items = orden del cuadro (ropa primero, como en la tasa)"
A1.e,"Tasa de La Gasca para el repartimiento de Tarapacá, 1550 - variante de lectura Urbina et al. 2019",no,,tasa anual 1550 | Tarapacá (lectura Urbina f.267v),17,item,pescado fresco,arreldes,340,340 arreldes,según Urbina et al. 2019 Tabla 3 y n.31 (AGN DIE L2 C15 f.267v),"Urbina 2019: 231, 233",medium,table by modern author from AGN DIE L2 C15; alterna a la fila 'pescado seco 150 arrobas' de Trelles
A1.f,"Tasa de La Gasca para el repartimiento de Arica, aprobada Lima 1 mar. 1550 (Loayza, Cianca, fray Domingo de Santo Tomás); traslado en AGN DIE L2 C15",no,,tasa anual 1550 | Arica,1,item,ropa (algodón),piezas,60,60,tributo anual de Arica al encomendero,190,high,"table by modern author from AGN DIE L2 C15 f.250r-271v (tasa de La Gasca aprobada Lima 1 mar. 1550; Trelles 1991 Cuadros I-IV); orden de items = orden del cuadro (ropa primero, como en la tasa)"
A1.f,"Tasa de La Gasca para el repartimiento de Arica, aprobada Lima 1 mar. 1550 (Loayza, Cianca, fray Domingo de Santo Tomás); traslado en AGN DIE L2 C15",no,,tasa anual 1550 | Arica,2,item,maíz,fanegas,600,600,tributo anual de Arica al encomendero,190,high,"table by modern author from AGN DIE L2 C15 f.250r-271v (tasa de La Gasca aprobada Lima 1 mar. 1550; Trelles 1991 Cuadros I-IV); orden de items = orden del cuadro (ropa primero, como en la tasa); mitad en casa del encomendero (p.213 n.36)"
A1.f,"Tasa de La Gasca para el repartimiento de Arica, aprobada Lima 1 mar. 1550 (Loayza, Cianca, fray Domingo de Santo Tomás); traslado en AGN DIE L2 C15",no,,tasa anual 1550 | Arica,3,item,trigo,fanegas,400,400,tributo anual de Arica al encomendero,190,high,"table by modern author from AGN DIE L2 C15 f.250r-271v (tasa de La Gasca aprobada Lima 1 mar. 1550; Trelles 1991 Cuadros I-IV); orden de items = orden del cuadro (ropa primero, como en la tasa)"
A1.f,"Tasa de La Gasca para el repartimiento de Arica, aprobada Lima 1 mar. 1550 (Loayza, Cianca, fray Domingo de Santo Tomás); traslado en AGN DIE L2 C15",no,,tasa anual 1550 | Arica,4,item,frijoles (y papas),fanegas,12,12,tributo anual de Arica al encomendero,190,high,"table by modern author from AGN DIE L2 C15 f.250r-271v (tasa de La Gasca aprobada Lima 1 mar. 1550; Trelles 1991 Cuadros I-IV); orden de items = orden del cuadro (ropa primero, como en la tasa)"
A1.f,"Tasa de La Gasca para el repartimiento de Arica, aprobada Lima 1 mar. 1550 (Loayza, Cianca, fray Domingo de Santo Tomás); traslado en AGN DIE L2 C15",no,,tasa anual 1550 | Arica,5,item,coca,cestos,20,20,tributo anual de Arica al encomendero,190,high,"table by modern author from AGN DIE L2 C15 f.250r-271v (tasa de La Gasca aprobada Lima 1 mar. 1550; Trelles 1991 Cuadros I-IV); orden de items = orden del cuadro (ropa primero, como en la tasa)"
A1.f,"Tasa de La Gasca para el repartimiento de Arica, aprobada Lima 1 mar. 1550 (Loayza, Cianca, fray Domingo de Santo Tomás); traslado en AGN DIE L2 C15",no,,tasa anual 1550 | Arica,6,item,ají,cestos,200,200,tributo anual de Arica al encomendero,190,high,"table by modern author from AGN DIE L2 C15 f.250r-271v (tasa de La Gasca aprobada Lima 1 mar. 1550; Trelles 1991 Cuadros I-IV); orden de items = orden del cuadro (ropa primero, como en la tasa)"
A1.f,"Tasa de La Gasca para el repartimiento de Arica, aprobada Lima 1 mar. 1550 (Loayza, Cianca, fray Domingo de Santo Tomás); traslado en AGN DIE L2 C15",no,,tasa anual 1550 | Arica,7,item,aves,unidades,300,300,tributo anual de Arica al encomendero,190,high,"table by modern author from AGN DIE L2 C15 f.250r-271v (tasa de La Gasca aprobada Lima 1 mar. 1550; Trelles 1991 Cuadros I-IV); orden de items = orden del cuadro (ropa primero, como en la tasa)"
A1.f,"Tasa de La Gasca para el repartimiento de Arica, aprobada Lima 1 mar. 1550 (Loayza, Cianca, fray Domingo de Santo Tomás); traslado en AGN DIE L2 C15",no,,tasa anual 1550 | Arica,8,item,huevos,unidades,2080,2080,tributo anual de Arica al encomendero,190,high,"table by modern author from AGN DIE L2 C15 f.250r-271v (tasa de La Gasca aprobada Lima 1 mar. 1550; Trelles 1991 Cuadros I-IV); orden de items = orden del cuadro (ropa primero, como en la tasa)"
A1.f,"Tasa de La Gasca para el repartimiento de Arica, aprobada Lima 1 mar. 1550 (Loayza, Cianca, fray Domingo de Santo Tomás); traslado en AGN DIE L2 C15",no,,tasa anual 1550 | Arica,9,item,puercos,unidades,12,12,tributo anual de Arica al encomendero,190,high,"table by modern author from AGN DIE L2 C15 f.250r-271v (tasa de La Gasca aprobada Lima 1 mar. 1550; Trelles 1991 Cuadros I-IV); orden de items = orden del cuadro (ropa primero, como en la tasa)"
A1.f,"Tasa de La Gasca para el repartimiento de Arica, aprobada Lima 1 mar. 1550 (Loayza, Cianca, fray Domingo de Santo Tomás); traslado en AGN DIE L2 C15",no,,tasa anual 1550 | Arica,10,item,carneros de la tierra,cabezas,30,30,tributo anual de Arica al encomendero,190,high,"table by modern author from AGN DIE L2 C15 f.250r-271v (tasa de La Gasca aprobada Lima 1 mar. 1550; Trelles 1991 Cuadros I-IV); orden de items = orden del cuadro (ropa primero, como en la tasa)"
A1.f,"Tasa de La Gasca para el repartimiento de Arica, aprobada Lima 1 mar. 1550 (Loayza, Cianca, fray Domingo de Santo Tomás); traslado en AGN DIE L2 C15",no,,tasa anual 1550 | Arica,11,item,ovejas de la tierra,cabezas,100,100,tributo anual de Arica al encomendero,190,high,"table by modern author from AGN DIE L2 C15 f.250r-271v (tasa de La Gasca aprobada Lima 1 mar. 1550; Trelles 1991 Cuadros I-IV); orden de items = orden del cuadro (ropa primero, como en la tasa)"
A1.f,"Tasa de La Gasca para el repartimiento de Arica, aprobada Lima 1 mar. 1550 (Loayza, Cianca, fray Domingo de Santo Tomás); traslado en AGN DIE L2 C15",no,,tasa anual 1550 | Arica,12,item,cueros,unidades,25,25,tributo anual de Arica al encomendero,190,high,"table by modern author from AGN DIE L2 C15 f.250r-271v (tasa de La Gasca aprobada Lima 1 mar. 1550; Trelles 1991 Cuadros I-IV); orden de items = orden del cuadro (ropa primero, como en la tasa)"
A1.f,"Tasa de La Gasca para el repartimiento de Arica, aprobada Lima 1 mar. 1550 (Loayza, Cianca, fray Domingo de Santo Tomás); traslado en AGN DIE L2 C15",no,,tasa anual 1550 | Arica,13,item,sogas,unidades,2,2,tributo anual de Arica al encomendero,190,high,"table by modern author from AGN DIE L2 C15 f.250r-271v (tasa de La Gasca aprobada Lima 1 mar. 1550; Trelles 1991 Cuadros I-IV); orden de items = orden del cuadro (ropa primero, como en la tasa)"
A1.f,"Tasa de La Gasca para el repartimiento de Arica, aprobada Lima 1 mar. 1550 (Loayza, Cianca, fray Domingo de Santo Tomás); traslado en AGN DIE L2 C15",no,,tasa anual 1550 | Arica,14,item,pescado seco,arrobas,200,200,tributo anual de Arica al encomendero,190,high,"table by modern author from AGN DIE L2 C15 f.250r-271v (tasa de La Gasca aprobada Lima 1 mar. 1550; Trelles 1991 Cuadros I-IV); orden de items = orden del cuadro (ropa primero, como en la tasa)"
A1.f,"Tasa de La Gasca para el repartimiento de Arica, aprobada Lima 1 mar. 1550 (Loayza, Cianca, fray Domingo de Santo Tomás); traslado en AGN DIE L2 C15",no,,tasa anual 1550 | Arica,15,item,sebo,arrobas,3,3,tributo anual de Arica al encomendero,190,high,"table by modern author from AGN DIE L2 C15 f.250r-271v (tasa de La Gasca aprobada Lima 1 mar. 1550; Trelles 1991 Cuadros I-IV); orden de items = orden del cuadro (ropa primero, como en la tasa)"
A1.f,"Tasa de La Gasca para el repartimiento de Arica, aprobada Lima 1 mar. 1550 (Loayza, Cianca, fray Domingo de Santo Tomás); traslado en AGN DIE L2 C15",no,,tasa anual 1550 | Arica,16,item,hilo,ovillos,36,36,tributo anual de Arica al encomendero,190,high,"table by modern author from AGN DIE L2 C15 f.250r-271v (tasa de La Gasca aprobada Lima 1 mar. 1550; Trelles 1991 Cuadros I-IV); orden de items = orden del cuadro (ropa primero, como en la tasa)"
A1.f,"Tasa de La Gasca para el repartimiento de Arica, aprobada Lima 1 mar. 1550 (Loayza, Cianca, fray Domingo de Santo Tomás); traslado en AGN DIE L2 C15",no,,tasa anual 1550 | Arica,17,item,sal,cargas,40,40,tributo anual de Arica al encomendero,190,high,"table by modern author from AGN DIE L2 C15 f.250r-271v (tasa de La Gasca aprobada Lima 1 mar. 1550; Trelles 1991 Cuadros I-IV); orden de items = orden del cuadro (ropa primero, como en la tasa)"
A1.f,"Tasa de La Gasca para el repartimiento de Arica, aprobada Lima 1 mar. 1550 (Loayza, Cianca, fray Domingo de Santo Tomás); traslado en AGN DIE L2 C15",no,,tasa anual 1550 | Arica,18,item,aceite de lobo,cántaros,18,18,tributo anual de Arica al encomendero,190,high,"table by modern author from AGN DIE L2 C15 f.250r-271v (tasa de La Gasca aprobada Lima 1 mar. 1550; Trelles 1991 Cuadros I-IV); orden de items = orden del cuadro (ropa primero, como en la tasa)"
A1.f,"Tasa de La Gasca para el repartimiento de Arica, aprobada Lima 1 mar. 1550 (Loayza, Cianca, fray Domingo de Santo Tomás); traslado en AGN DIE L2 C15",no,,tasa anual 1550 | Arica,19,item,indios de servicio,indios,12,12,tributo anual de Arica al encomendero,190,high,"table by modern author from AGN DIE L2 C15 f.250r-271v (tasa de La Gasca aprobada Lima 1 mar. 1550; Trelles 1991 Cuadros I-IV); orden de items = orden del cuadro (ropa primero, como en la tasa); mitas en casa del encomendero en Arica"
A1.f,"Tasa de La Gasca para el repartimiento de Arica, aprobada Lima 1 mar. 1550 (Loayza, Cianca, fray Domingo de Santo Tomás); traslado en AGN DIE L2 C15",no,,tasa anual 1550 | Arica,20,item,indios guarda de ganado,indios,10,10,tributo anual de Arica al encomendero,190,high,"table by modern author from AGN DIE L2 C15 f.250r-271v (tasa de La Gasca aprobada Lima 1 mar. 1550; Trelles 1991 Cuadros I-IV); orden de items = orden del cuadro (ropa primero, como en la tasa)"
A1.g,"Tasa de La Gasca para el repartimiento de Ilo, aprobada Lima 1 mar. 1550 (Loayza, Cianca, fray Domingo de Santo Tomás); traslado en AGN DIE L2 C15",no,,tasa anual 1550 | Ilo,1,item,ropa,piezas,120,120,tributo anual de Ilo al encomendero,191,high,"table by modern author from AGN DIE L2 C15 f.250r-271v (tasa de La Gasca aprobada Lima 1 mar. 1550; Trelles 1991 Cuadros I-IV); orden de items = orden del cuadro (ropa primero, como en la tasa); podían sustituir ropa por lonas"
A1.g,"Tasa de La Gasca para el repartimiento de Ilo, aprobada Lima 1 mar. 1550 (Loayza, Cianca, fray Domingo de Santo Tomás); traslado en AGN DIE L2 C15",no,,tasa anual 1550 | Ilo,2,item,maíz,fanegas,300,300,tributo anual de Ilo al encomendero,191,high,"table by modern author from AGN DIE L2 C15 f.250r-271v (tasa de La Gasca aprobada Lima 1 mar. 1550; Trelles 1991 Cuadros I-IV); orden de items = orden del cuadro (ropa primero, como en la tasa)"
A1.g,"Tasa de La Gasca para el repartimiento de Ilo, aprobada Lima 1 mar. 1550 (Loayza, Cianca, fray Domingo de Santo Tomás); traslado en AGN DIE L2 C15",no,,tasa anual 1550 | Ilo,3,item,trigo,fanegas,300,300,tributo anual de Ilo al encomendero,191,high,"table by modern author from AGN DIE L2 C15 f.250r-271v (tasa de La Gasca aprobada Lima 1 mar. 1550; Trelles 1991 Cuadros I-IV); orden de items = orden del cuadro (ropa primero, como en la tasa)"
A1.g,"Tasa de La Gasca para el repartimiento de Ilo, aprobada Lima 1 mar. 1550 (Loayza, Cianca, fray Domingo de Santo Tomás); traslado en AGN DIE L2 C15",no,,tasa anual 1550 | Ilo,4,item,frijoles (y papas),fanegas,10,10,tributo anual de Ilo al encomendero,191,high,"table by modern author from AGN DIE L2 C15 f.250r-271v (tasa de La Gasca aprobada Lima 1 mar. 1550; Trelles 1991 Cuadros I-IV); orden de items = orden del cuadro (ropa primero, como en la tasa)"
A1.g,"Tasa de La Gasca para el repartimiento de Ilo, aprobada Lima 1 mar. 1550 (Loayza, Cianca, fray Domingo de Santo Tomás); traslado en AGN DIE L2 C15",no,,tasa anual 1550 | Ilo,5,item,ají,cestos,100,100,tributo anual de Ilo al encomendero,191,high,"table by modern author from AGN DIE L2 C15 f.250r-271v (tasa de La Gasca aprobada Lima 1 mar. 1550; Trelles 1991 Cuadros I-IV); orden de items = orden del cuadro (ropa primero, como en la tasa)"
A1.g,"Tasa de La Gasca para el repartimiento de Ilo, aprobada Lima 1 mar. 1550 (Loayza, Cianca, fray Domingo de Santo Tomás); traslado en AGN DIE L2 C15",no,,tasa anual 1550 | Ilo,6,item,aves,unidades,200,200,tributo anual de Ilo al encomendero,191,high,"table by modern author from AGN DIE L2 C15 f.250r-271v (tasa de La Gasca aprobada Lima 1 mar. 1550; Trelles 1991 Cuadros I-IV); orden de items = orden del cuadro (ropa primero, como en la tasa)"
A1.g,"Tasa de La Gasca para el repartimiento de Ilo, aprobada Lima 1 mar. 1550 (Loayza, Cianca, fray Domingo de Santo Tomás); traslado en AGN DIE L2 C15",no,,tasa anual 1550 | Ilo,7,item,perdices,unidades,150,150,tributo anual de Ilo al encomendero,191,high,"table by modern author from AGN DIE L2 C15 f.250r-271v (tasa de La Gasca aprobada Lima 1 mar. 1550; Trelles 1991 Cuadros I-IV); orden de items = orden del cuadro (ropa primero, como en la tasa)"
A1.g,"Tasa de La Gasca para el repartimiento de Ilo, aprobada Lima 1 mar. 1550 (Loayza, Cianca, fray Domingo de Santo Tomás); traslado en AGN DIE L2 C15",no,,tasa anual 1550 | Ilo,8,item,huevos,unidades,1560,1560,tributo anual de Ilo al encomendero,191,high,"table by modern author from AGN DIE L2 C15 f.250r-271v (tasa de La Gasca aprobada Lima 1 mar. 1550; Trelles 1991 Cuadros I-IV); orden de items = orden del cuadro (ropa primero, como en la tasa)"
A1.g,"Tasa de La Gasca para el repartimiento de Ilo, aprobada Lima 1 mar. 1550 (Loayza, Cianca, fray Domingo de Santo Tomás); traslado en AGN DIE L2 C15",no,,tasa anual 1550 | Ilo,9,item,puercos,unidades,10,10,tributo anual de Ilo al encomendero,191,high,"table by modern author from AGN DIE L2 C15 f.250r-271v (tasa de La Gasca aprobada Lima 1 mar. 1550; Trelles 1991 Cuadros I-IV); orden de items = orden del cuadro (ropa primero, como en la tasa)"
A1.g,"Tasa de La Gasca para el repartimiento de Ilo, aprobada Lima 1 mar. 1550 (Loayza, Cianca, fray Domingo de Santo Tomás); traslado en AGN DIE L2 C15",no,,tasa anual 1550 | Ilo,10,item,mantas,unidades,6,6,tributo anual de Ilo al encomendero,191,high,"table by modern author from AGN DIE L2 C15 f.250r-271v (tasa de La Gasca aprobada Lima 1 mar. 1550; Trelles 1991 Cuadros I-IV); orden de items = orden del cuadro (ropa primero, como en la tasa)"
A1.g,"Tasa de La Gasca para el repartimiento de Ilo, aprobada Lima 1 mar. 1550 (Loayza, Cianca, fray Domingo de Santo Tomás); traslado en AGN DIE L2 C15",no,,tasa anual 1550 | Ilo,11,item,mandiles,unidades,6,6,tributo anual de Ilo al encomendero,191,high,"table by modern author from AGN DIE L2 C15 f.250r-271v (tasa de La Gasca aprobada Lima 1 mar. 1550; Trelles 1991 Cuadros I-IV); orden de items = orden del cuadro (ropa primero, como en la tasa)"
A1.g,"Tasa de La Gasca para el repartimiento de Ilo, aprobada Lima 1 mar. 1550 (Loayza, Cianca, fray Domingo de Santo Tomás); traslado en AGN DIE L2 C15",no,,tasa anual 1550 | Ilo,12,item,lonas,unidades,2,2,tributo anual de Ilo al encomendero,191,high,"table by modern author from AGN DIE L2 C15 f.250r-271v (tasa de La Gasca aprobada Lima 1 mar. 1550; Trelles 1991 Cuadros I-IV); orden de items = orden del cuadro (ropa primero, como en la tasa)"
A1.g,"Tasa de La Gasca para el repartimiento de Ilo, aprobada Lima 1 mar. 1550 (Loayza, Cianca, fray Domingo de Santo Tomás); traslado en AGN DIE L2 C15",no,,tasa anual 1550 | Ilo,13,item,sogas,unidades,80,80,tributo anual de Ilo al encomendero,191,high,"table by modern author from AGN DIE L2 C15 f.250r-271v (tasa de La Gasca aprobada Lima 1 mar. 1550; Trelles 1991 Cuadros I-IV); orden de items = orden del cuadro (ropa primero, como en la tasa)"
A1.g,"Tasa de La Gasca para el repartimiento de Ilo, aprobada Lima 1 mar. 1550 (Loayza, Cianca, fray Domingo de Santo Tomás); traslado en AGN DIE L2 C15",no,,tasa anual 1550 | Ilo,14,item,pescado seco,arrobas,400,400,tributo anual de Ilo al encomendero,191,high,"table by modern author from AGN DIE L2 C15 f.250r-271v (tasa de La Gasca aprobada Lima 1 mar. 1550; Trelles 1991 Cuadros I-IV); orden de items = orden del cuadro (ropa primero, como en la tasa)"
A1.g,"Tasa de La Gasca para el repartimiento de Ilo, aprobada Lima 1 mar. 1550 (Loayza, Cianca, fray Domingo de Santo Tomás); traslado en AGN DIE L2 C15",no,,tasa anual 1550 | Ilo,15,item,alpargatas,pares,20,20,tributo anual de Ilo al encomendero,191,high,"table by modern author from AGN DIE L2 C15 f.250r-271v (tasa de La Gasca aprobada Lima 1 mar. 1550; Trelles 1991 Cuadros I-IV); orden de items = orden del cuadro (ropa primero, como en la tasa)"
A1.g,"Tasa de La Gasca para el repartimiento de Ilo, aprobada Lima 1 mar. 1550 (Loayza, Cianca, fray Domingo de Santo Tomás); traslado en AGN DIE L2 C15",no,,tasa anual 1550 | Ilo,16,item,indios de servicio,indios,8,8,tributo anual de Ilo al encomendero,191,high,"table by modern author from AGN DIE L2 C15 f.250r-271v (tasa de La Gasca aprobada Lima 1 mar. 1550; Trelles 1991 Cuadros I-IV); orden de items = orden del cuadro (ropa primero, como en la tasa)"
A1.g,"Tasa de La Gasca para el repartimiento de Ilo, aprobada Lima 1 mar. 1550 (Loayza, Cianca, fray Domingo de Santo Tomás); traslado en AGN DIE L2 C15",no,,tasa anual 1550 | Ilo,17,item,indios guarda de ganado,indios,10,10,tributo anual de Ilo al encomendero,191,medium,"table by modern author from AGN DIE L2 C15 f.250r-271v (tasa de La Gasca aprobada Lima 1 mar. 1550; Trelles 1991 Cuadros I-IV); orden de items = orden del cuadro (ropa primero, como en la tasa); Cuadro XVIII p.220 da 8 para Ilo (total 16) -> discrepancia interna de Trelles"
A1.h,"Tasa de La Gasca para el repartimiento de Carumas, aprobada Lima 1 mar. 1550 (Loayza, Cianca, fray Domingo de Santo Tomás); traslado en AGN DIE L2 C15",no,,tasa anual 1550 | Carumas,1,item,ropa,piezas,30,30,tributo anual de Carumas al encomendero,192,high,"table by modern author from AGN DIE L2 C15 f.250r-271v (tasa de La Gasca aprobada Lima 1 mar. 1550; Trelles 1991 Cuadros I-IV); orden de items = orden del cuadro (ropa primero, como en la tasa); 15 de lana (ahuasca?) según p.198"
A1.h,"Tasa de La Gasca para el repartimiento de Carumas, aprobada Lima 1 mar. 1550 (Loayza, Cianca, fray Domingo de Santo Tomás); traslado en AGN DIE L2 C15",no,,tasa anual 1550 | Carumas,2,item,maíz,fanegas,300,300,tributo anual de Carumas al encomendero,192,high,"table by modern author from AGN DIE L2 C15 f.250r-271v (tasa de La Gasca aprobada Lima 1 mar. 1550; Trelles 1991 Cuadros I-IV); orden de items = orden del cuadro (ropa primero, como en la tasa)"
A1.h,"Tasa de La Gasca para el repartimiento de Carumas, aprobada Lima 1 mar. 1550 (Loayza, Cianca, fray Domingo de Santo Tomás); traslado en AGN DIE L2 C15",no,,tasa anual 1550 | Carumas,3,item,trigo,fanegas,200,200,tributo anual de Carumas al encomendero,192,high,"table by modern author from AGN DIE L2 C15 f.250r-271v (tasa de La Gasca aprobada Lima 1 mar. 1550; Trelles 1991 Cuadros I-IV); orden de items = orden del cuadro (ropa primero, como en la tasa)"
A1.h,"Tasa de La Gasca para el repartimiento de Carumas, aprobada Lima 1 mar. 1550 (Loayza, Cianca, fray Domingo de Santo Tomás); traslado en AGN DIE L2 C15",no,,tasa anual 1550 | Carumas,4,item,frijoles (y papas),fanegas,12,12,tributo anual de Carumas al encomendero,192,high,"table by modern author from AGN DIE L2 C15 f.250r-271v (tasa de La Gasca aprobada Lima 1 mar. 1550; Trelles 1991 Cuadros I-IV); orden de items = orden del cuadro (ropa primero, como en la tasa)"
A1.h,"Tasa de La Gasca para el repartimiento de Carumas, aprobada Lima 1 mar. 1550 (Loayza, Cianca, fray Domingo de Santo Tomás); traslado en AGN DIE L2 C15",no,,tasa anual 1550 | Carumas,5,item,coca,cestos,60,60,tributo anual de Carumas al encomendero,192,high,"table by modern author from AGN DIE L2 C15 f.250r-271v (tasa de La Gasca aprobada Lima 1 mar. 1550; Trelles 1991 Cuadros I-IV); orden de items = orden del cuadro (ropa primero, como en la tasa)"
A1.h,"Tasa de La Gasca para el repartimiento de Carumas, aprobada Lima 1 mar. 1550 (Loayza, Cianca, fray Domingo de Santo Tomás); traslado en AGN DIE L2 C15",no,,tasa anual 1550 | Carumas,6,item,ají,cestos,100,100,tributo anual de Carumas al encomendero,192,high,"table by modern author from AGN DIE L2 C15 f.250r-271v (tasa de La Gasca aprobada Lima 1 mar. 1550; Trelles 1991 Cuadros I-IV); orden de items = orden del cuadro (ropa primero, como en la tasa)"
A1.h,"Tasa de La Gasca para el repartimiento de Carumas, aprobada Lima 1 mar. 1550 (Loayza, Cianca, fray Domingo de Santo Tomás); traslado en AGN DIE L2 C15",no,,tasa anual 1550 | Carumas,7,item,sebo,arrobas,12,12,tributo anual de Carumas al encomendero,192,high,"table by modern author from AGN DIE L2 C15 f.250r-271v (tasa de La Gasca aprobada Lima 1 mar. 1550; Trelles 1991 Cuadros I-IV); orden de items = orden del cuadro (ropa primero, como en la tasa)"
A1.h,"Tasa de La Gasca para el repartimiento de Carumas, aprobada Lima 1 mar. 1550 (Loayza, Cianca, fray Domingo de Santo Tomás); traslado en AGN DIE L2 C15",no,,tasa anual 1550 | Carumas,8,item,aves,unidades,200,200,tributo anual de Carumas al encomendero,192,high,"table by modern author from AGN DIE L2 C15 f.250r-271v (tasa de La Gasca aprobada Lima 1 mar. 1550; Trelles 1991 Cuadros I-IV); orden de items = orden del cuadro (ropa primero, como en la tasa)"
A1.h,"Tasa de La Gasca para el repartimiento de Carumas, aprobada Lima 1 mar. 1550 (Loayza, Cianca, fray Domingo de Santo Tomás); traslado en AGN DIE L2 C15",no,,tasa anual 1550 | Carumas,9,item,huevos,unidades,2080,2080,tributo anual de Carumas al encomendero,192,high,"table by modern author from AGN DIE L2 C15 f.250r-271v (tasa de La Gasca aprobada Lima 1 mar. 1550; Trelles 1991 Cuadros I-IV); orden de items = orden del cuadro (ropa primero, como en la tasa)"
A1.h,"Tasa de La Gasca para el repartimiento de Carumas, aprobada Lima 1 mar. 1550 (Loayza, Cianca, fray Domingo de Santo Tomás); traslado en AGN DIE L2 C15",no,,tasa anual 1550 | Carumas,10,item,puercos,unidades,12,12,tributo anual de Carumas al encomendero,192,high,"table by modern author from AGN DIE L2 C15 f.250r-271v (tasa de La Gasca aprobada Lima 1 mar. 1550; Trelles 1991 Cuadros I-IV); orden de items = orden del cuadro (ropa primero, como en la tasa)"
A1.h,"Tasa de La Gasca para el repartimiento de Carumas, aprobada Lima 1 mar. 1550 (Loayza, Cianca, fray Domingo de Santo Tomás); traslado en AGN DIE L2 C15",no,,tasa anual 1550 | Carumas,11,item,corderos de la tierra,cabezas,15,15,tributo anual de Carumas al encomendero,192,high,"table by modern author from AGN DIE L2 C15 f.250r-271v (tasa de La Gasca aprobada Lima 1 mar. 1550; Trelles 1991 Cuadros I-IV); orden de items = orden del cuadro (ropa primero, como en la tasa)"
A1.h,"Tasa de La Gasca para el repartimiento de Carumas, aprobada Lima 1 mar. 1550 (Loayza, Cianca, fray Domingo de Santo Tomás); traslado en AGN DIE L2 C15",no,,tasa anual 1550 | Carumas,12,item,carneros de la tierra,cabezas,25,25,tributo anual de Carumas al encomendero,192,high,"table by modern author from AGN DIE L2 C15 f.250r-271v (tasa de La Gasca aprobada Lima 1 mar. 1550; Trelles 1991 Cuadros I-IV); orden de items = orden del cuadro (ropa primero, como en la tasa)"
A1.h,"Tasa de La Gasca para el repartimiento de Carumas, aprobada Lima 1 mar. 1550 (Loayza, Cianca, fray Domingo de Santo Tomás); traslado en AGN DIE L2 C15",no,,tasa anual 1550 | Carumas,13,item,ovejas de la tierra,cabezas,50,50,tributo anual de Carumas al encomendero,192,high,"table by modern author from AGN DIE L2 C15 f.250r-271v (tasa de La Gasca aprobada Lima 1 mar. 1550; Trelles 1991 Cuadros I-IV); orden de items = orden del cuadro (ropa primero, como en la tasa)"
A1.h,"Tasa de La Gasca para el repartimiento de Carumas, aprobada Lima 1 mar. 1550 (Loayza, Cianca, fray Domingo de Santo Tomás); traslado en AGN DIE L2 C15",no,,tasa anual 1550 | Carumas,14,item,hilo,ovillos,36,36,tributo anual de Carumas al encomendero,192,high,"table by modern author from AGN DIE L2 C15 f.250r-271v (tasa de La Gasca aprobada Lima 1 mar. 1550; Trelles 1991 Cuadros I-IV); orden de items = orden del cuadro (ropa primero, como en la tasa)"
A1.h,"Tasa de La Gasca para el repartimiento de Carumas, aprobada Lima 1 mar. 1550 (Loayza, Cianca, fray Domingo de Santo Tomás); traslado en AGN DIE L2 C15",no,,tasa anual 1550 | Carumas,15,item,alpargatas,pares,20,20,tributo anual de Carumas al encomendero,192,high,"table by modern author from AGN DIE L2 C15 f.250r-271v (tasa de La Gasca aprobada Lima 1 mar. 1550; Trelles 1991 Cuadros I-IV); orden de items = orden del cuadro (ropa primero, como en la tasa)"
A1.h,"Tasa de La Gasca para el repartimiento de Carumas, aprobada Lima 1 mar. 1550 (Loayza, Cianca, fray Domingo de Santo Tomás); traslado en AGN DIE L2 C15",no,,tasa anual 1550 | Carumas,16,item,sal,cargas,15,15,tributo anual de Carumas al encomendero,192,high,"table by modern author from AGN DIE L2 C15 f.250r-271v (tasa de La Gasca aprobada Lima 1 mar. 1550; Trelles 1991 Cuadros I-IV); orden de items = orden del cuadro (ropa primero, como en la tasa)"
A1.h,"Tasa de La Gasca para el repartimiento de Carumas, aprobada Lima 1 mar. 1550 (Loayza, Cianca, fray Domingo de Santo Tomás); traslado en AGN DIE L2 C15",no,,tasa anual 1550 | Carumas,17,item,indios de servicio,indios,15,15,tributo anual de Carumas al encomendero,192,high,"table by modern author from AGN DIE L2 C15 f.250r-271v (tasa de La Gasca aprobada Lima 1 mar. 1550; Trelles 1991 Cuadros I-IV); orden de items = orden del cuadro (ropa primero, como en la tasa)"
A1.h,"Tasa de La Gasca para el repartimiento de Carumas, aprobada Lima 1 mar. 1550 (Loayza, Cianca, fray Domingo de Santo Tomás); traslado en AGN DIE L2 C15",no,,tasa anual 1550 | Carumas,18,item,indios guarda de ganado,indios,10,10,tributo anual de Carumas al encomendero,192,high,"table by modern author from AGN DIE L2 C15 f.250r-271v (tasa de La Gasca aprobada Lima 1 mar. 1550; Trelles 1991 Cuadros I-IV); orden de items = orden del cuadro (ropa primero, como en la tasa)"
A1.h,"Tasa de La Gasca para el repartimiento de Carumas, aprobada Lima 1 mar. 1550 (Loayza, Cianca, fray Domingo de Santo Tomás); traslado en AGN DIE L2 C15",no,,tasa anual 1550 | Carumas,19,item,cultivo de sementeras,fanegas,18,18,tributo anual de Carumas al encomendero,192,medium,"table by modern author from AGN DIE L2 C15 f.250r-271v (tasa de La Gasca aprobada Lima 1 mar. 1550; Trelles 1991 Cuadros I-IV); orden de items = orden del cuadro (ropa primero, como en la tasa)"
A1.i,"Cuentas de Gonzalo de Valencia, mayordomo de Lucas Martínez, rendidas en Arica ante Alonso García Vegazo (7 meses, ca. 1565): cargo y descargo de productos del tributo; AGN DIE L2 C15 f.416r-444v",probable,Gonzalo de Valencia (cuenta); declaraciones de caciques,cargo 1565: maíz | Tarapacá,1,item,maíz,fanegas,482.5,482.5,entregado por Tarapacá a Valencia (f.417r),208,high,table by modern author from AGN DIE L2 C15 (Trelles 1991 cap. VIII); orden: producto (orden de folios del cargo donde se conoce) y dentro repartimiento como en el cuadro; caciques de Tarapacá verificaron con sus quipus lo dado a Valencia (A1.l)
A1.i,"Cuentas de Gonzalo de Valencia, mayordomo de Lucas Martínez, rendidas en Arica ante Alonso García Vegazo (7 meses, ca. 1565): cargo y descargo de productos del tributo; AGN DIE L2 C15 f.416r-444v",no,Gonzalo de Valencia (cuenta); declaraciones de caciques,cargo 1565: maíz | Arica,2,item,maíz,fanegas,470,470,entregado por Arica a Valencia (f.417r),208,high,table by modern author from AGN DIE L2 C15 (Trelles 1991 cap. VIII); orden: producto (orden de folios del cargo donde se conoce) y dentro repartimiento como en el cuadro
A1.i,"Cuentas de Gonzalo de Valencia, mayordomo de Lucas Martínez, rendidas en Arica ante Alonso García Vegazo (7 meses, ca. 1565): cargo y descargo de productos del tributo; AGN DIE L2 C15 f.416r-444v",no,Gonzalo de Valencia (cuenta); declaraciones de caciques,cargo 1565: maíz | Ilo,3,item,maíz,fanegas,150,150,entregado por Ilo a Valencia (f.417r),208,high,table by modern author from AGN DIE L2 C15 (Trelles 1991 cap. VIII); orden: producto (orden de folios del cargo donde se conoce) y dentro repartimiento como en el cuadro; entregado directamente a los vaqueros de Tacahui
A1.i,"Cuentas de Gonzalo de Valencia, mayordomo de Lucas Martínez, rendidas en Arica ante Alonso García Vegazo (7 meses, ca. 1565): cargo y descargo de productos del tributo; AGN DIE L2 C15 f.416r-444v",no,Gonzalo de Valencia (cuenta); declaraciones de caciques,cargo 1565: maíz | Carumas,4,item,maíz,fanegas,238,238,entregado por Carumas a Valencia (f.417r),208,high,"table by modern author from AGN DIE L2 C15 (Trelles 1991 cap. VIII); orden: producto (orden de folios del cargo donde se conoce) y dentro repartimiento como en el cuadro; entregado a Hernán Bueno, no a Valencia"
A1.i,"Cuentas de Gonzalo de Valencia, mayordomo de Lucas Martínez, rendidas en Arica ante Alonso García Vegazo (7 meses, ca. 1565): cargo y descargo de productos del tributo; AGN DIE L2 C15 f.416r-444v",no,Gonzalo de Valencia (cuenta); declaraciones de caciques,cargo 1565: maíz | Pica,5,item,maíz,fanegas,100,100,entregado por Pica a Valencia (f.417r),208,high,table by modern author from AGN DIE L2 C15 (Trelles 1991 cap. VIII); orden: producto (orden de folios del cargo donde se conoce) y dentro repartimiento como en el cuadro; tasa de Pica desconocida
A1.i,"Cuentas de Gonzalo de Valencia, mayordomo de Lucas Martínez, rendidas en Arica ante Alonso García Vegazo (7 meses, ca. 1565): cargo y descargo de productos del tributo; AGN DIE L2 C15 f.416r-444v",no,Gonzalo de Valencia (cuenta); declaraciones de caciques,cargo 1565: maíz | Guaylacana,6,item,maíz,fanegas,120,120,entregado por Guaylacana a Valencia (f.417r),208,high,table by modern author from AGN DIE L2 C15 (Trelles 1991 cap. VIII); orden: producto (orden de folios del cargo donde se conoce) y dentro repartimiento como en el cuadro; cultivado por yanaconas de Lucas (no tributo)
A1.i,"Cuentas de Gonzalo de Valencia, mayordomo de Lucas Martínez, rendidas en Arica ante Alonso García Vegazo (7 meses, ca. 1565): cargo y descargo de productos del tributo; AGN DIE L2 C15 f.416r-444v",no,Gonzalo de Valencia (cuenta); declaraciones de caciques,cargo 1565: trigo | Arica,7,item,trigo,fanegas,301,301,entregado por Arica a Valencia (folio no indicado),212,high,table by modern author from AGN DIE L2 C15 (Trelles 1991 cap. VIII); orden: producto (orden de folios del cargo donde se conoce) y dentro repartimiento como en el cuadro
A1.i,"Cuentas de Gonzalo de Valencia, mayordomo de Lucas Martínez, rendidas en Arica ante Alonso García Vegazo (7 meses, ca. 1565): cargo y descargo de productos del tributo; AGN DIE L2 C15 f.416r-444v",no,Gonzalo de Valencia (cuenta); declaraciones de caciques,cargo 1565: trigo | Ilo,8,item,trigo,fanegas,90,90,entregado por Ilo a Valencia (folio no indicado),212,medium,table by modern author from AGN DIE L2 C15 (Trelles 1991 cap. VIII); orden: producto (orden de folios del cargo donde se conoce) y dentro repartimiento como en el cuadro; texto p.214 dice 'solamente el 3%' de 300 (¿30%?)
A1.i,"Cuentas de Gonzalo de Valencia, mayordomo de Lucas Martínez, rendidas en Arica ante Alonso García Vegazo (7 meses, ca. 1565): cargo y descargo de productos del tributo; AGN DIE L2 C15 f.416r-444v",no,Gonzalo de Valencia (cuenta); declaraciones de caciques,cargo 1565: trigo | Carumas,9,item,trigo,fanegas,150,150,entregado por Carumas a Valencia (folio no indicado),212,high,table by modern author from AGN DIE L2 C15 (Trelles 1991 cap. VIII); orden: producto (orden de folios del cargo donde se conoce) y dentro repartimiento como en el cuadro
A1.i,"Cuentas de Gonzalo de Valencia, mayordomo de Lucas Martínez, rendidas en Arica ante Alonso García Vegazo (7 meses, ca. 1565): cargo y descargo de productos del tributo; AGN DIE L2 C15 f.416r-444v",probable,Gonzalo de Valencia (cuenta); declaraciones de caciques,cargo 1565: trigo | Tarapacá,10,item,trigo,fanegas,0,0,entregado por Tarapacá a Valencia (folio no indicado),212,medium,table by modern author from AGN DIE L2 C15 (Trelles 1991 cap. VIII); orden: producto (orden de folios del cargo donde se conoce) y dentro repartimiento como en el cuadro; Trelles: nada; Urbina Tabla 3: 1 fanega; caciques de Tarapacá verificaron con sus quipus lo dado a Valencia (A1.l)
A1.i,"Cuentas de Gonzalo de Valencia, mayordomo de Lucas Martínez, rendidas en Arica ante Alonso García Vegazo (7 meses, ca. 1565): cargo y descargo de productos del tributo; AGN DIE L2 C15 f.416r-444v",probable,Gonzalo de Valencia (cuenta); declaraciones de caciques,cargo 1565: ropa | Tarapacá,11,item,ropa,piezas,155,155,entregado por Tarapacá a Valencia (f.421r),198,high,table by modern author from AGN DIE L2 C15 (Trelles 1991 cap. VIII); orden: producto (orden de folios del cargo donde se conoce) y dentro repartimiento como en el cuadro; caciques de Tarapacá verificaron con sus quipus lo dado a Valencia (A1.l)
A1.i,"Cuentas de Gonzalo de Valencia, mayordomo de Lucas Martínez, rendidas en Arica ante Alonso García Vegazo (7 meses, ca. 1565): cargo y descargo de productos del tributo; AGN DIE L2 C15 f.416r-444v",no,Gonzalo de Valencia (cuenta); declaraciones de caciques,cargo 1565: ropa | Ilo,12,item,ropa,piezas,15,15,entregado por Ilo a Valencia (f.421r),198,high,table by modern author from AGN DIE L2 C15 (Trelles 1991 cap. VIII); orden: producto (orden de folios del cargo donde se conoce) y dentro repartimiento como en el cuadro; más 10 lonas en lugar de ropa
A1.i,"Cuentas de Gonzalo de Valencia, mayordomo de Lucas Martínez, rendidas en Arica ante Alonso García Vegazo (7 meses, ca. 1565): cargo y descargo de productos del tributo; AGN DIE L2 C15 f.416r-444v",no,Gonzalo de Valencia (cuenta); declaraciones de caciques,cargo 1565: ropa | Arica,13,item,ropa,piezas,0,0,entregado por Arica a Valencia (f.421r),198,high,table by modern author from AGN DIE L2 C15 (Trelles 1991 cap. VIII); orden: producto (orden de folios del cargo donde se conoce) y dentro repartimiento como en el cuadro; no entregada; Valencia se remite a declaración de quipus de los curacas de Arica (A1.k)
A1.i,"Cuentas de Gonzalo de Valencia, mayordomo de Lucas Martínez, rendidas en Arica ante Alonso García Vegazo (7 meses, ca. 1565): cargo y descargo de productos del tributo; AGN DIE L2 C15 f.416r-444v",no,Gonzalo de Valencia (cuenta); declaraciones de caciques,cargo 1565: ropa | Carumas,14,item,ropa,piezas,50,50,entregado por Carumas a Valencia (f.421r),198,high,table by modern author from AGN DIE L2 C15 (Trelles 1991 cap. VIII); orden: producto (orden de folios del cargo donde se conoce) y dentro repartimiento como en el cuadro; 20 piezas aumentadas por Diego Gutiérrez
A1.i,"Cuentas de Gonzalo de Valencia, mayordomo de Lucas Martínez, rendidas en Arica ante Alonso García Vegazo (7 meses, ca. 1565): cargo y descargo de productos del tributo; AGN DIE L2 C15 f.416r-444v",no,Gonzalo de Valencia (cuenta); declaraciones de caciques,cargo 1565: ropa | Pica,15,item,ropa,piezas,20,20,entregado por Pica a Valencia (f.421r),198,high,table by modern author from AGN DIE L2 C15 (Trelles 1991 cap. VIII); orden: producto (orden de folios del cargo donde se conoce) y dentro repartimiento como en el cuadro
A1.i,"Cuentas de Gonzalo de Valencia, mayordomo de Lucas Martínez, rendidas en Arica ante Alonso García Vegazo (7 meses, ca. 1565): cargo y descargo de productos del tributo; AGN DIE L2 C15 f.416r-444v",probable,Gonzalo de Valencia (cuenta); declaraciones de caciques,cargo 1565: ganado de la tierra | Tarapacá,16,item,ganado de la tierra,cabezas,173,173,entregado por Tarapacá a Valencia (f.422r),204,high,table by modern author from AGN DIE L2 C15 (Trelles 1991 cap. VIII); orden: producto (orden de folios del cargo donde se conoce) y dentro repartimiento como en el cuadro; incluye 13 carneros en lugar de 20 puercos; caciques de Tarapacá verificaron con sus quipus lo dado a Valencia (A1.l)
A1.i,"Cuentas de Gonzalo de Valencia, mayordomo de Lucas Martínez, rendidas en Arica ante Alonso García Vegazo (7 meses, ca. 1565): cargo y descargo de productos del tributo; AGN DIE L2 C15 f.416r-444v",no,Gonzalo de Valencia (cuenta); declaraciones de caciques,cargo 1565: ganado de la tierra | Arica,17,item,ganado de la tierra,cabezas,100,100,entregado por Arica a Valencia (f.422r),204,high,table by modern author from AGN DIE L2 C15 (Trelles 1991 cap. VIII); orden: producto (orden de folios del cargo donde se conoce) y dentro repartimiento como en el cuadro; pagado en plata corriente: 6p 2t por cabeza = 625 pesos corrientes (5 pesos ensayados/cabeza)
A1.i,"Cuentas de Gonzalo de Valencia, mayordomo de Lucas Martínez, rendidas en Arica ante Alonso García Vegazo (7 meses, ca. 1565): cargo y descargo de productos del tributo; AGN DIE L2 C15 f.416r-444v",no,Gonzalo de Valencia (cuenta); declaraciones de caciques,cargo 1565: ganado de la tierra | Carumas,18,item,ganado de la tierra,cabezas,55,55,entregado por Carumas a Valencia (f.422r),204,high,table by modern author from AGN DIE L2 C15 (Trelles 1991 cap. VIII); orden: producto (orden de folios del cargo donde se conoce) y dentro repartimiento como en el cuadro
A1.i,"Cuentas de Gonzalo de Valencia, mayordomo de Lucas Martínez, rendidas en Arica ante Alonso García Vegazo (7 meses, ca. 1565): cargo y descargo de productos del tributo; AGN DIE L2 C15 f.416r-444v",no,Gonzalo de Valencia (cuenta); declaraciones de caciques,cargo 1565: ganado de la tierra | Pica,19,item,ganado de la tierra,cabezas,20,20,entregado por Pica a Valencia (f.422r),204,high,table by modern author from AGN DIE L2 C15 (Trelles 1991 cap. VIII); orden: producto (orden de folios del cargo donde se conoce) y dentro repartimiento como en el cuadro; pagado en plata: 6 pesos corrientes por cabeza = 120 pesos
A1.i,"Cuentas de Gonzalo de Valencia, mayordomo de Lucas Martínez, rendidas en Arica ante Alonso García Vegazo (7 meses, ca. 1565): cargo y descargo de productos del tributo; AGN DIE L2 C15 f.416r-444v",probable,Gonzalo de Valencia (cuenta); declaraciones de caciques,cargo 1565: costales | Tarapacá,20,item,costales,unidades,80,80,entregado por Tarapacá a Valencia (f.423v-424r),222,high,table by modern author from AGN DIE L2 C15 (Trelles 1991 cap. VIII); orden: producto (orden de folios del cargo donde se conoce) y dentro repartimiento como en el cuadro; no está en la tasa; caciques de Tarapacá verificaron con sus quipus lo dado a Valencia (A1.l)
A1.i,"Cuentas de Gonzalo de Valencia, mayordomo de Lucas Martínez, rendidas en Arica ante Alonso García Vegazo (7 meses, ca. 1565): cargo y descargo de productos del tributo; AGN DIE L2 C15 f.416r-444v",no,Gonzalo de Valencia (cuenta); declaraciones de caciques,cargo 1565: costales | Pica,21,item,costales,unidades,20,20,entregado por Pica a Valencia (f.423v-424r),222,high,table by modern author from AGN DIE L2 C15 (Trelles 1991 cap. VIII); orden: producto (orden de folios del cargo donde se conoce) y dentro repartimiento como en el cuadro
A1.i,"Cuentas de Gonzalo de Valencia, mayordomo de Lucas Martínez, rendidas en Arica ante Alonso García Vegazo (7 meses, ca. 1565): cargo y descargo de productos del tributo; AGN DIE L2 C15 f.416r-444v",no,Gonzalo de Valencia (cuenta); declaraciones de caciques,cargo 1565: ají | Arica,22,item,ají,cestos,175,175,entregado por Arica a Valencia (f.427v),215,high,table by modern author from AGN DIE L2 C15 (Trelles 1991 cap. VIII); orden: producto (orden de folios del cargo donde se conoce) y dentro repartimiento como en el cuadro
A1.i,"Cuentas de Gonzalo de Valencia, mayordomo de Lucas Martínez, rendidas en Arica ante Alonso García Vegazo (7 meses, ca. 1565): cargo y descargo de productos del tributo; AGN DIE L2 C15 f.416r-444v",no,Gonzalo de Valencia (cuenta); declaraciones de caciques,cargo 1565: ají | Carumas,23,item,ají,cestos,127,127,entregado por Carumas a Valencia (f.427v),215,high,table by modern author from AGN DIE L2 C15 (Trelles 1991 cap. VIII); orden: producto (orden de folios del cargo donde se conoce) y dentro repartimiento como en el cuadro; 27 de más por arreglo de Diego Gutiérrez
A1.i,"Cuentas de Gonzalo de Valencia, mayordomo de Lucas Martínez, rendidas en Arica ante Alonso García Vegazo (7 meses, ca. 1565): cargo y descargo de productos del tributo; AGN DIE L2 C15 f.416r-444v",no,Gonzalo de Valencia (cuenta); declaraciones de caciques,cargo 1565: ají | Ilo,24,item,ají,cestos,0,0,entregado por Ilo a Valencia (f.427v),215,high,table by modern author from AGN DIE L2 C15 (Trelles 1991 cap. VIII); orden: producto (orden de folios del cargo donde se conoce) y dentro repartimiento como en el cuadro; no entregaron nada
A1.i,"Cuentas de Gonzalo de Valencia, mayordomo de Lucas Martínez, rendidas en Arica ante Alonso García Vegazo (7 meses, ca. 1565): cargo y descargo de productos del tributo; AGN DIE L2 C15 f.416r-444v",no,Gonzalo de Valencia (cuenta); declaraciones de caciques,cargo 1565: ají | Pica,25,item,ají,cestos,10,10,entregado por Pica a Valencia (f.427v),215,high,table by modern author from AGN DIE L2 C15 (Trelles 1991 cap. VIII); orden: producto (orden de folios del cargo donde se conoce) y dentro repartimiento como en el cuadro
A1.i,"Cuentas de Gonzalo de Valencia, mayordomo de Lucas Martínez, rendidas en Arica ante Alonso García Vegazo (7 meses, ca. 1565): cargo y descargo de productos del tributo; AGN DIE L2 C15 f.416r-444v",no,Gonzalo de Valencia (cuenta); declaraciones de caciques,cargo 1565: pescado seco | Ilo,26,item,pescado seco,arrobas,400,400,entregado por Ilo a Valencia (f.428v),218,high,table by modern author from AGN DIE L2 C15 (Trelles 1991 cap. VIII); orden: producto (orden de folios del cargo donde se conoce) y dentro repartimiento como en el cuadro; vendidas por el hermano de Lucas a Pedro de Bilbao a 1 peso
A1.i,"Cuentas de Gonzalo de Valencia, mayordomo de Lucas Martínez, rendidas en Arica ante Alonso García Vegazo (7 meses, ca. 1565): cargo y descargo de productos del tributo; AGN DIE L2 C15 f.416r-444v",no,Gonzalo de Valencia (cuenta); declaraciones de caciques,cargo 1565: pescado seco | Arica,27,item,pescado seco,arrobas,152,152,entregado por Arica a Valencia (f.428v),218,high,table by modern author from AGN DIE L2 C15 (Trelles 1991 cap. VIII); orden: producto (orden de folios del cargo donde se conoce) y dentro repartimiento como en el cuadro
A1.i,"Cuentas de Gonzalo de Valencia, mayordomo de Lucas Martínez, rendidas en Arica ante Alonso García Vegazo (7 meses, ca. 1565): cargo y descargo de productos del tributo; AGN DIE L2 C15 f.416r-444v",probable,Gonzalo de Valencia (cuenta); declaraciones de caciques,cargo 1565: pescado seco | Tarapacá,28,item,pescado seco,arrobas,0,0,entregado por Tarapacá a Valencia (f.428v),218,high,table by modern author from AGN DIE L2 C15 (Trelles 1991 cap. VIII); orden: producto (orden de folios del cargo donde se conoce) y dentro repartimiento como en el cuadro; según sus declaraciones lo dieron a los negros mineros o no lo dieron (f.428v-429r); caciques de Tarapacá verificaron con sus quipus lo dado a Valencia (A1.l)
A1.i,"Cuentas de Gonzalo de Valencia, mayordomo de Lucas Martínez, rendidas en Arica ante Alonso García Vegazo (7 meses, ca. 1565): cargo y descargo de productos del tributo; AGN DIE L2 C15 f.416r-444v",no,Gonzalo de Valencia (cuenta); declaraciones de caciques,cargo 1565: pescado seco | Pica,29,item,pescado seco,arrobas,60,60,entregado por Pica a Valencia (f.428v),218,high,table by modern author from AGN DIE L2 C15 (Trelles 1991 cap. VIII); orden: producto (orden de folios del cargo donde se conoce) y dentro repartimiento como en el cuadro
A1.i,"Cuentas de Gonzalo de Valencia, mayordomo de Lucas Martínez, rendidas en Arica ante Alonso García Vegazo (7 meses, ca. 1565): cargo y descargo de productos del tributo; AGN DIE L2 C15 f.416r-444v",no,Gonzalo de Valencia (cuenta); declaraciones de caciques,cargo 1565: aves | Arica,30,item,aves,unidades,200,200,entregado por Arica a Valencia (folio no indicado),219,high,table by modern author from AGN DIE L2 C15 (Trelles 1991 cap. VIII); orden: producto (orden de folios del cargo donde se conoce) y dentro repartimiento como en el cuadro
A1.i,"Cuentas de Gonzalo de Valencia, mayordomo de Lucas Martínez, rendidas en Arica ante Alonso García Vegazo (7 meses, ca. 1565): cargo y descargo de productos del tributo; AGN DIE L2 C15 f.416r-444v",probable,Gonzalo de Valencia (cuenta); declaraciones de caciques,cargo 1565: aves | Tarapacá,31,item,aves,unidades,240,240,entregado por Tarapacá a Valencia (folio no indicado),219,high,table by modern author from AGN DIE L2 C15 (Trelles 1991 cap. VIII); orden: producto (orden de folios del cargo donde se conoce) y dentro repartimiento como en el cuadro; caciques de Tarapacá verificaron con sus quipus lo dado a Valencia (A1.l)
A1.i,"Cuentas de Gonzalo de Valencia, mayordomo de Lucas Martínez, rendidas en Arica ante Alonso García Vegazo (7 meses, ca. 1565): cargo y descargo de productos del tributo; AGN DIE L2 C15 f.416r-444v",no,Gonzalo de Valencia (cuenta); declaraciones de caciques,cargo 1565: aves | Ilo,32,item,aves,unidades,100,100,entregado por Ilo a Valencia (folio no indicado),219,high,table by modern author from AGN DIE L2 C15 (Trelles 1991 cap. VIII); orden: producto (orden de folios del cargo donde se conoce) y dentro repartimiento como en el cuadro
A1.i,"Cuentas de Gonzalo de Valencia, mayordomo de Lucas Martínez, rendidas en Arica ante Alonso García Vegazo (7 meses, ca. 1565): cargo y descargo de productos del tributo; AGN DIE L2 C15 f.416r-444v",no,Gonzalo de Valencia (cuenta); declaraciones de caciques,cargo 1565: aves | Carumas,33,item,aves,unidades,200,200,entregado por Carumas a Valencia (folio no indicado),219,high,table by modern author from AGN DIE L2 C15 (Trelles 1991 cap. VIII); orden: producto (orden de folios del cargo donde se conoce) y dentro repartimiento como en el cuadro
A1.i,"Cuentas de Gonzalo de Valencia, mayordomo de Lucas Martínez, rendidas en Arica ante Alonso García Vegazo (7 meses, ca. 1565): cargo y descargo de productos del tributo; AGN DIE L2 C15 f.416r-444v",no,Gonzalo de Valencia (cuenta); declaraciones de caciques,cargo 1565: aves | Pica,34,item,aves,unidades,100,100,entregado por Pica a Valencia (folio no indicado),219,high,table by modern author from AGN DIE L2 C15 (Trelles 1991 cap. VIII); orden: producto (orden de folios del cargo donde se conoce) y dentro repartimiento como en el cuadro
A1.i,"Cuentas de Gonzalo de Valencia, mayordomo de Lucas Martínez, rendidas en Arica ante Alonso García Vegazo (7 meses, ca. 1565): cargo y descargo de productos del tributo; AGN DIE L2 C15 f.416r-444v",no,Gonzalo de Valencia (cuenta); declaraciones de caciques,cargo 1565: frijoles y papas | Arica,35,item,frijoles y papas,fanegas,9,9,entregado por Arica a Valencia (folio no indicado),219,high,table by modern author from AGN DIE L2 C15 (Trelles 1991 cap. VIII); orden: producto (orden de folios del cargo donde se conoce) y dentro repartimiento como en el cuadro
A1.i,"Cuentas de Gonzalo de Valencia, mayordomo de Lucas Martínez, rendidas en Arica ante Alonso García Vegazo (7 meses, ca. 1565): cargo y descargo de productos del tributo; AGN DIE L2 C15 f.416r-444v",no,Gonzalo de Valencia (cuenta); declaraciones de caciques,cargo 1565: frijoles y papas | Carumas,36,item,frijoles y papas,fanegas,11,11,entregado por Carumas a Valencia (folio no indicado),219,high,table by modern author from AGN DIE L2 C15 (Trelles 1991 cap. VIII); orden: producto (orden de folios del cargo donde se conoce) y dentro repartimiento como en el cuadro
A1.i,"Cuentas de Gonzalo de Valencia, mayordomo de Lucas Martínez, rendidas en Arica ante Alonso García Vegazo (7 meses, ca. 1565): cargo y descargo de productos del tributo; AGN DIE L2 C15 f.416r-444v",no,Gonzalo de Valencia (cuenta); declaraciones de caciques,cargo 1565: frijoles y papas | Ilo,37,item,frijoles y papas,fanegas,10,10,entregado por Ilo a Valencia (folio no indicado),219,high,table by modern author from AGN DIE L2 C15 (Trelles 1991 cap. VIII); orden: producto (orden de folios del cargo donde se conoce) y dentro repartimiento como en el cuadro
A1.i,"Cuentas de Gonzalo de Valencia, mayordomo de Lucas Martínez, rendidas en Arica ante Alonso García Vegazo (7 meses, ca. 1565): cargo y descargo de productos del tributo; AGN DIE L2 C15 f.416r-444v",no,Gonzalo de Valencia,cargo 1565: ganado de la tierra | Arica,38,item,plata corriente en lugar de 100 cabezas,pesos corrientes,625,625 pesos corrientes (6p 2t cada cabeza),Arica pagó en plata el ganado de la tasa (f.423r),205,high,
A1.i,"Cuentas de Gonzalo de Valencia, mayordomo de Lucas Martínez, rendidas en Arica ante Alonso García Vegazo (7 meses, ca. 1565): cargo y descargo de productos del tributo; AGN DIE L2 C15 f.416r-444v",no,Gonzalo de Valencia,cargo 1565: ganado de la tierra | Pica,39,item,plata corriente en lugar de 20 cabezas,pesos corrientes,120,120 pesos (6 pesos cada cabeza),Pica pagó en plata (f.423r),205,high,
A1.i,"Cuentas de Gonzalo de Valencia, mayordomo de Lucas Martínez, rendidas en Arica ante Alonso García Vegazo (7 meses, ca. 1565): cargo y descargo de productos del tributo; AGN DIE L2 C15 f.416r-444v",no,Gonzalo de Valencia,descargo 1565: ropa,40,item,"ropa - venta (Potosí, 4 pesos la pieza)",piezas,192,192,"venta (Potosí, 4 pesos la pieza)",200,high,table by modern author from AGN DIE L2 C15 (Trelles 1991 cap. VIII); orden: producto (orden de folios del cargo donde se conoce) y dentro repartimiento como en el cuadro; suma del descargo 325 vs cargo 240 (Cuadro VI imprime total 235; sus componentes suman 240) -> inconsistencia en Trelles
A1.i,"Cuentas de Gonzalo de Valencia, mayordomo de Lucas Martínez, rendidas en Arica ante Alonso García Vegazo (7 meses, ca. 1565): cargo y descargo de productos del tributo; AGN DIE L2 C15 f.416r-444v",no,Gonzalo de Valencia,descargo 1565: ropa,41,item,ropa - pérdida en el barco desde Tarapacá,piezas,100,100,pérdida en el barco desde Tarapacá,200,high,table by modern author from AGN DIE L2 C15 (Trelles 1991 cap. VIII); orden: producto (orden de folios del cargo donde se conoce) y dentro repartimiento como en el cuadro; suma del descargo 325 vs cargo 240 (Cuadro VI imprime total 235; sus componentes suman 240) -> inconsistencia en Trelles
A1.i,"Cuentas de Gonzalo de Valencia, mayordomo de Lucas Martínez, rendidas en Arica ante Alonso García Vegazo (7 meses, ca. 1565): cargo y descargo de productos del tributo; AGN DIE L2 C15 f.416r-444v",no,Gonzalo de Valencia,descargo 1565: ropa,42,item,ropa - yanaconas y negros,piezas,27,27,yanaconas y negros,200,high,table by modern author from AGN DIE L2 C15 (Trelles 1991 cap. VIII); orden: producto (orden de folios del cargo donde se conoce) y dentro repartimiento como en el cuadro; suma del descargo 325 vs cargo 240 (Cuadro VI imprime total 235; sus componentes suman 240) -> inconsistencia en Trelles
A1.i,"Cuentas de Gonzalo de Valencia, mayordomo de Lucas Martínez, rendidas en Arica ante Alonso García Vegazo (7 meses, ca. 1565): cargo y descargo de productos del tributo; AGN DIE L2 C15 f.416r-444v",no,Gonzalo de Valencia,descargo 1565: ropa,43,item,ropa - diezmo,piezas,6,6,diezmo,200,high,table by modern author from AGN DIE L2 C15 (Trelles 1991 cap. VIII); orden: producto (orden de folios del cargo donde se conoce) y dentro repartimiento como en el cuadro; suma del descargo 325 vs cargo 240 (Cuadro VI imprime total 235; sus componentes suman 240) -> inconsistencia en Trelles
A1.i,"Cuentas de Gonzalo de Valencia, mayordomo de Lucas Martínez, rendidas en Arica ante Alonso García Vegazo (7 meses, ca. 1565): cargo y descargo de productos del tributo; AGN DIE L2 C15 f.416r-444v",no,Gonzalo de Valencia,descargo 1565: ganado de la tierra,44,item,ganado de la tierra - recibido en dinero (Arica y Pica),cabezas,120,120,recibido en dinero (Arica y Pica),207,high,table by modern author from AGN DIE L2 C15 (Trelles 1991 cap. VIII); orden: producto (orden de folios del cargo donde se conoce) y dentro repartimiento como en el cuadro
A1.i,"Cuentas de Gonzalo de Valencia, mayordomo de Lucas Martínez, rendidas en Arica ante Alonso García Vegazo (7 meses, ca. 1565): cargo y descargo de productos del tributo; AGN DIE L2 C15 f.416r-444v",no,Gonzalo de Valencia,descargo 1565: ganado de la tierra,45,item,ganado de la tierra - venta en Potosí (a 5 pesos ensayados),cabezas,95,95,venta en Potosí (a 5 pesos ensayados),207,high,table by modern author from AGN DIE L2 C15 (Trelles 1991 cap. VIII); orden: producto (orden de folios del cargo donde se conoce) y dentro repartimiento como en el cuadro
A1.i,"Cuentas de Gonzalo de Valencia, mayordomo de Lucas Martínez, rendidas en Arica ante Alonso García Vegazo (7 meses, ca. 1565): cargo y descargo de productos del tributo; AGN DIE L2 C15 f.416r-444v",no,Gonzalo de Valencia,descargo 1565: ganado de la tierra,46,item,"ganado de la tierra - venta, tocados de carache (a 3 pesos ensayados)",cabezas,67,67,"venta, tocados de carache (a 3 pesos ensayados)",207,high,table by modern author from AGN DIE L2 C15 (Trelles 1991 cap. VIII); orden: producto (orden de folios del cargo donde se conoce) y dentro repartimiento como en el cuadro
A1.i,"Cuentas de Gonzalo de Valencia, mayordomo de Lucas Martínez, rendidas en Arica ante Alonso García Vegazo (7 meses, ca. 1565): cargo y descargo de productos del tributo; AGN DIE L2 C15 f.416r-444v",no,Gonzalo de Valencia,descargo 1565: ganado de la tierra,47,item,ganado de la tierra - muertos camino a Potosí,cabezas,61,61,muertos camino a Potosí,207,high,table by modern author from AGN DIE L2 C15 (Trelles 1991 cap. VIII); orden: producto (orden de folios del cargo donde se conoce) y dentro repartimiento como en el cuadro; de 156 que partieron (n.27)
A1.i,"Cuentas de Gonzalo de Valencia, mayordomo de Lucas Martínez, rendidas en Arica ante Alonso García Vegazo (7 meses, ca. 1565): cargo y descargo de productos del tributo; AGN DIE L2 C15 f.416r-444v",no,Gonzalo de Valencia,descargo 1565: ganado de la tierra,48,item,ganado de la tierra - diezmo,cabezas,5,5,diezmo,207,high,table by modern author from AGN DIE L2 C15 (Trelles 1991 cap. VIII); orden: producto (orden de folios del cargo donde se conoce) y dentro repartimiento como en el cuadro
A1.i,"Cuentas de Gonzalo de Valencia, mayordomo de Lucas Martínez, rendidas en Arica ante Alonso García Vegazo (7 meses, ca. 1565): cargo y descargo de productos del tributo; AGN DIE L2 C15 f.416r-444v",no,Gonzalo de Valencia,descargo 1565: maíz,49,item,maíz - rescatado por carneros (407 fan. -> 74 carneros),fanegas,407,407,rescatado por carneros (407 fan. -> 74 carneros),210,high,table by modern author from AGN DIE L2 C15 (Trelles 1991 cap. VIII); orden: producto (orden de folios del cargo donde se conoce) y dentro repartimiento como en el cuadro; suma 1258 vs cargo 1560.5
A1.i,"Cuentas de Gonzalo de Valencia, mayordomo de Lucas Martínez, rendidas en Arica ante Alonso García Vegazo (7 meses, ca. 1565): cargo y descargo de productos del tributo; AGN DIE L2 C15 f.416r-444v",no,Gonzalo de Valencia,descargo 1565: maíz,50,item,maíz - vendido (1p 3t la fanega),fanegas,281,281,vendido (1p 3t la fanega),210,high,table by modern author from AGN DIE L2 C15 (Trelles 1991 cap. VIII); orden: producto (orden de folios del cargo donde se conoce) y dentro repartimiento como en el cuadro; suma 1258 vs cargo 1560.5
A1.i,"Cuentas de Gonzalo de Valencia, mayordomo de Lucas Martínez, rendidas en Arica ante Alonso García Vegazo (7 meses, ca. 1565): cargo y descargo de productos del tributo; AGN DIE L2 C15 f.416r-444v",no,Gonzalo de Valencia,descargo 1565: maíz,51,item,maíz - consumido por vaqueros de Tacahui,fanegas,180,180,consumido por vaqueros de Tacahui,210,high,table by modern author from AGN DIE L2 C15 (Trelles 1991 cap. VIII); orden: producto (orden de folios del cargo donde se conoce) y dentro repartimiento como en el cuadro; suma 1258 vs cargo 1560.5
A1.i,"Cuentas de Gonzalo de Valencia, mayordomo de Lucas Martínez, rendidas en Arica ante Alonso García Vegazo (7 meses, ca. 1565): cargo y descargo de productos del tributo; AGN DIE L2 C15 f.416r-444v",no,Gonzalo de Valencia,descargo 1565: maíz,52,item,maíz - enviado a Tarapacá (minas),fanegas,121,121,enviado a Tarapacá (minas),210,high,table by modern author from AGN DIE L2 C15 (Trelles 1991 cap. VIII); orden: producto (orden de folios del cargo donde se conoce) y dentro repartimiento como en el cuadro; suma 1258 vs cargo 1560.5
A1.i,"Cuentas de Gonzalo de Valencia, mayordomo de Lucas Martínez, rendidas en Arica ante Alonso García Vegazo (7 meses, ca. 1565): cargo y descargo de productos del tributo; AGN DIE L2 C15 f.416r-444v",no,Gonzalo de Valencia,descargo 1565: maíz,53,item,"maíz - gastado en Arica, doméstico",fanegas,100,100,"gastado en Arica, doméstico",210,high,table by modern author from AGN DIE L2 C15 (Trelles 1991 cap. VIII); orden: producto (orden de folios del cargo donde se conoce) y dentro repartimiento como en el cuadro; suma 1258 vs cargo 1560.5
A1.i,"Cuentas de Gonzalo de Valencia, mayordomo de Lucas Martínez, rendidas en Arica ante Alonso García Vegazo (7 meses, ca. 1565): cargo y descargo de productos del tributo; AGN DIE L2 C15 f.416r-444v",no,Gonzalo de Valencia,descargo 1565: maíz,54,item,maíz - trabajadores de la cordonería de Arica (12 personas),fanegas,72,72,trabajadores de la cordonería de Arica (12 personas),210,high,table by modern author from AGN DIE L2 C15 (Trelles 1991 cap. VIII); orden: producto (orden de folios del cargo donde se conoce) y dentro repartimiento como en el cuadro; suma 1258 vs cargo 1560.5
A1.i,"Cuentas de Gonzalo de Valencia, mayordomo de Lucas Martínez, rendidas en Arica ante Alonso García Vegazo (7 meses, ca. 1565): cargo y descargo de productos del tributo; AGN DIE L2 C15 f.416r-444v",no,Gonzalo de Valencia,descargo 1565: maíz,55,item,maíz - pagado a indios por acarreo (5 fan. por viaje),fanegas,55,55,pagado a indios por acarreo (5 fan. por viaje),210,high,table by modern author from AGN DIE L2 C15 (Trelles 1991 cap. VIII); orden: producto (orden de folios del cargo donde se conoce) y dentro repartimiento como en el cuadro; suma 1258 vs cargo 1560.5
A1.i,"Cuentas de Gonzalo de Valencia, mayordomo de Lucas Martínez, rendidas en Arica ante Alonso García Vegazo (7 meses, ca. 1565): cargo y descargo de productos del tributo; AGN DIE L2 C15 f.416r-444v",no,Gonzalo de Valencia,descargo 1565: maíz,56,item,maíz - diezmos,fanegas,32,32,diezmos,210,high,table by modern author from AGN DIE L2 C15 (Trelles 1991 cap. VIII); orden: producto (orden de folios del cargo donde se conoce) y dentro repartimiento como en el cuadro; suma 1258 vs cargo 1560.5
A1.i,"Cuentas de Gonzalo de Valencia, mayordomo de Lucas Martínez, rendidas en Arica ante Alonso García Vegazo (7 meses, ca. 1565): cargo y descargo de productos del tributo; AGN DIE L2 C15 f.416r-444v",no,Gonzalo de Valencia,descargo 1565: maíz,57,item,maíz - yanaconas de Guaylacana,fanegas,10,10,yanaconas de Guaylacana,210,high,table by modern author from AGN DIE L2 C15 (Trelles 1991 cap. VIII); orden: producto (orden de folios del cargo donde se conoce) y dentro repartimiento como en el cuadro; suma 1258 vs cargo 1560.5
A1.i,"Cuentas de Gonzalo de Valencia, mayordomo de Lucas Martínez, rendidas en Arica ante Alonso García Vegazo (7 meses, ca. 1565): cargo y descargo de productos del tributo; AGN DIE L2 C15 f.416r-444v",no,Gonzalo de Valencia,descargo 1565: maíz,58,item,carneros de la tierra obtenidos por 407 fanegas de maíz,cabezas,74,74,"trueque maíz-carneros; vendidos a 4 y 5 pesos ensayados = 254 pesos (f.431r, 418v)",210,high,table by modern author from AGN DIE L2 C15 (Trelles 1991 cap. VIII); orden: producto (orden de folios del cargo donde se conoce) y dentro repartimiento como en el cuadro
A1.i,"Cuentas de Gonzalo de Valencia, mayordomo de Lucas Martínez, rendidas en Arica ante Alonso García Vegazo (7 meses, ca. 1565): cargo y descargo de productos del tributo; AGN DIE L2 C15 f.416r-444v",no,Gonzalo de Valencia,descargo 1565: maíz,59,item,pesos resultantes de la venta de los 74 carneros,pesos,254,254,f.431r,231,high,
A1.i,"Cuentas de Gonzalo de Valencia, mayordomo de Lucas Martínez, rendidas en Arica ante Alonso García Vegazo (7 meses, ca. 1565): cargo y descargo de productos del tributo; AGN DIE L2 C15 f.416r-444v",no,Gonzalo de Valencia,descargo 1565: trigo,60,item,"trigo - venta general (444 pesos corrientes, ~1p 6t la fanega)",fanegas,247,247,"venta general (444 pesos corrientes, ~1p 6t la fanega)",214,high,table by modern author from AGN DIE L2 C15 (Trelles 1991 cap. VIII); orden: producto (orden de folios del cargo donde se conoce) y dentro repartimiento como en el cuadro
A1.i,"Cuentas de Gonzalo de Valencia, mayordomo de Lucas Martínez, rendidas en Arica ante Alonso García Vegazo (7 meses, ca. 1565): cargo y descargo de productos del tributo; AGN DIE L2 C15 f.416r-444v",no,Gonzalo de Valencia,descargo 1565: trigo,61,item,trigo - venta a Hernán Bueno,fanegas,150,150,venta a Hernán Bueno,214,high,table by modern author from AGN DIE L2 C15 (Trelles 1991 cap. VIII); orden: producto (orden de folios del cargo donde se conoce) y dentro repartimiento como en el cuadro
A1.i,"Cuentas de Gonzalo de Valencia, mayordomo de Lucas Martínez, rendidas en Arica ante Alonso García Vegazo (7 meses, ca. 1565): cargo y descargo de productos del tributo; AGN DIE L2 C15 f.416r-444v",no,Gonzalo de Valencia,descargo 1565: trigo,62,item,trigo - consumo de vaqueros,fanegas,80,80,consumo de vaqueros,214,high,table by modern author from AGN DIE L2 C15 (Trelles 1991 cap. VIII); orden: producto (orden de folios del cargo donde se conoce) y dentro repartimiento como en el cuadro
A1.i,"Cuentas de Gonzalo de Valencia, mayordomo de Lucas Martínez, rendidas en Arica ante Alonso García Vegazo (7 meses, ca. 1565): cargo y descargo de productos del tributo; AGN DIE L2 C15 f.416r-444v",no,Gonzalo de Valencia,descargo 1565: trigo,63,item,trigo - consumo doméstico,fanegas,47,47,consumo doméstico,214,high,table by modern author from AGN DIE L2 C15 (Trelles 1991 cap. VIII); orden: producto (orden de folios del cargo donde se conoce) y dentro repartimiento como en el cuadro
A1.i,"Cuentas de Gonzalo de Valencia, mayordomo de Lucas Martínez, rendidas en Arica ante Alonso García Vegazo (7 meses, ca. 1565): cargo y descargo de productos del tributo; AGN DIE L2 C15 f.416r-444v",no,Gonzalo de Valencia,descargo 1565: trigo,64,item,trigo - diezmo,fanegas,17,17,diezmo,214,medium,table by modern author from AGN DIE L2 C15 (Trelles 1991 cap. VIII); orden: producto (orden de folios del cargo donde se conoce) y dentro repartimiento como en el cuadro; OCR '417' = 17 (3%); suma 541
A1.i,"Cuentas de Gonzalo de Valencia, mayordomo de Lucas Martínez, rendidas en Arica ante Alonso García Vegazo (7 meses, ca. 1565): cargo y descargo de productos del tributo; AGN DIE L2 C15 f.416r-444v",no,Gonzalo de Valencia,descargo 1565: ají,65,item,ají - venta (1 peso el cesto),cestos,287,287,venta (1 peso el cesto),217,high,table by modern author from AGN DIE L2 C15 (Trelles 1991 cap. VIII); orden: producto (orden de folios del cargo donde se conoce) y dentro repartimiento como en el cuadro
A1.i,"Cuentas de Gonzalo de Valencia, mayordomo de Lucas Martínez, rendidas en Arica ante Alonso García Vegazo (7 meses, ca. 1565): cargo y descargo de productos del tributo; AGN DIE L2 C15 f.416r-444v",no,Gonzalo de Valencia,descargo 1565: ají,66,item,ají - diezmo,cestos,15,15,diezmo,217,high,table by modern author from AGN DIE L2 C15 (Trelles 1991 cap. VIII); orden: producto (orden de folios del cargo donde se conoce) y dentro repartimiento como en el cuadro
A1.i,"Cuentas de Gonzalo de Valencia, mayordomo de Lucas Martínez, rendidas en Arica ante Alonso García Vegazo (7 meses, ca. 1565): cargo y descargo de productos del tributo; AGN DIE L2 C15 f.416r-444v",no,Gonzalo de Valencia,descargo 1565: ají,67,item,ají - consumo en las minas,cestos,10,10,consumo en las minas,217,high,table by modern author from AGN DIE L2 C15 (Trelles 1991 cap. VIII); orden: producto (orden de folios del cargo donde se conoce) y dentro repartimiento como en el cuadro
A1.i,"Cuentas de Gonzalo de Valencia, mayordomo de Lucas Martínez, rendidas en Arica ante Alonso García Vegazo (7 meses, ca. 1565): cargo y descargo de productos del tributo; AGN DIE L2 C15 f.416r-444v",no,Gonzalo de Valencia,descargo 1565: aves,68,item,aves - consumido en minas,unidades,340,340,consumido en minas,219,high,table by modern author from AGN DIE L2 C15 (Trelles 1991 cap. VIII); orden: producto (orden de folios del cargo donde se conoce) y dentro repartimiento como en el cuadro
A1.i,"Cuentas de Gonzalo de Valencia, mayordomo de Lucas Martínez, rendidas en Arica ante Alonso García Vegazo (7 meses, ca. 1565): cargo y descargo de productos del tributo; AGN DIE L2 C15 f.416r-444v",no,Gonzalo de Valencia,descargo 1565: aves,69,item,aves - consumo doméstico en Arica,unidades,200,200,consumo doméstico en Arica,219,high,table by modern author from AGN DIE L2 C15 (Trelles 1991 cap. VIII); orden: producto (orden de folios del cargo donde se conoce) y dentro repartimiento como en el cuadro
A1.i,"Cuentas de Gonzalo de Valencia, mayordomo de Lucas Martínez, rendidas en Arica ante Alonso García Vegazo (7 meses, ca. 1565): cargo y descargo de productos del tributo; AGN DIE L2 C15 f.416r-444v",no,Gonzalo de Valencia,descargo 1565: aves,70,item,aves - entregado por orden de Lucas,unidades,200,200,entregado por orden de Lucas,219,high,table by modern author from AGN DIE L2 C15 (Trelles 1991 cap. VIII); orden: producto (orden de folios del cargo donde se conoce) y dentro repartimiento como en el cuadro
A1.i,"Cuentas de Gonzalo de Valencia, mayordomo de Lucas Martínez, rendidas en Arica ante Alonso García Vegazo (7 meses, ca. 1565): cargo y descargo de productos del tributo; AGN DIE L2 C15 f.416r-444v",no,Gonzalo de Valencia,descargo 1565: aves,71,item,aves - consumo de pasajeros,unidades,100,100,consumo de pasajeros,219,high,table by modern author from AGN DIE L2 C15 (Trelles 1991 cap. VIII); orden: producto (orden de folios del cargo donde se conoce) y dentro repartimiento como en el cuadro
A1.i,"Cuentas de Gonzalo de Valencia, mayordomo de Lucas Martínez, rendidas en Arica ante Alonso García Vegazo (7 meses, ca. 1565): cargo y descargo de productos del tributo; AGN DIE L2 C15 f.416r-444v",no,Gonzalo de Valencia,descargo 1565: frijoles y papas,72,item,frijoles y papas - consumo en las minas,fanegas,15,15,consumo en las minas,220,high,table by modern author from AGN DIE L2 C15 (Trelles 1991 cap. VIII); orden: producto (orden de folios del cargo donde se conoce) y dentro repartimiento como en el cuadro
A1.i,"Cuentas de Gonzalo de Valencia, mayordomo de Lucas Martínez, rendidas en Arica ante Alonso García Vegazo (7 meses, ca. 1565): cargo y descargo de productos del tributo; AGN DIE L2 C15 f.416r-444v",no,Gonzalo de Valencia,descargo 1565: frijoles y papas,73,item,frijoles y papas - consumo en Tacahui,fanegas,15,15,consumo en Tacahui,220,high,table by modern author from AGN DIE L2 C15 (Trelles 1991 cap. VIII); orden: producto (orden de folios del cargo donde se conoce) y dentro repartimiento como en el cuadro
A1.j,Cuentas de Gonzalo de Valencia ca. 1565: cargo y data de pesos de plata (corrientes y ensayados); AGN DIE L2 C15 f.431r-444v,no,Gonzalo de Valencia,cargo total (cita textual f.433v-434r),1,total,plata ensayada y marcada,pesos ensayados,2116.25,dos mill y ciento y diez y seis pesos y dos tomines,todo el cargo de pesos procedidos de tributos y haziendas,225,high,transcripción textual
A1.j,Cuentas de Gonzalo de Valencia ca. 1565: cargo y data de pesos de plata (corrientes y ensayados); AGN DIE L2 C15 f.431r-444v,no,Gonzalo de Valencia,cargo total (cita textual f.433v-434r),2,total,plata corriente,pesos corrientes,3322.5,tres mill y trezientos y veynte y dos pesos e quatro tomines,cargo de plata corriente,225,high,"transcripción textual; el Cuadro I de Trelles suma 3,422p corrientes y 2,426p 2t ensayados de ventas -> no coincide con esta cita"
A1.j,Cuentas de Gonzalo de Valencia ca. 1565: cargo y data de pesos de plata (corrientes y ensayados); AGN DIE L2 C15 f.431r-444v,no,Gonzalo de Valencia,ventas 1565 (Cuadro I) | carneros de la tierra,3,item,carneros de la tierra vendidos,cabezas,356,356,cantidad vendida,230,high,"table by modern author from AGN DIE L2 C15 (Trelles 1991 cap. IX); p=pesos, t=tomines (8 t = 1 peso), cantidades en pesos decimales"
A1.j,Cuentas de Gonzalo de Valencia ca. 1565: cargo y data de pesos de plata (corrientes y ensayados); AGN DIE L2 C15 f.431r-444v,no,Gonzalo de Valencia,ventas 1565 (Cuadro I) | carneros de la tierra,4,item,producto de la venta de carneros de la tierra,pesos corrientes,745,745p,,230,high,"table by modern author from AGN DIE L2 C15 (Trelles 1991 cap. IX); p=pesos, t=tomines (8 t = 1 peso), cantidades en pesos decimales"
A1.j,Cuentas de Gonzalo de Valencia ca. 1565: cargo y data de pesos de plata (corrientes y ensayados); AGN DIE L2 C15 f.431r-444v,no,Gonzalo de Valencia,ventas 1565 (Cuadro I) | carneros de la tierra,5,item,producto de la venta de carneros de la tierra,pesos ensayados,1018.25,1018p 2t,,230,high,"table by modern author from AGN DIE L2 C15 (Trelles 1991 cap. IX); p=pesos, t=tomines (8 t = 1 peso), cantidades en pesos decimales"
A1.j,Cuentas de Gonzalo de Valencia ca. 1565: cargo y data de pesos de plata (corrientes y ensayados); AGN DIE L2 C15 f.431r-444v,no,Gonzalo de Valencia,ventas 1565 (Cuadro I) | ropa,6,item,ropa vendidos,piezas,192,192,cantidad vendida,230,high,"table by modern author from AGN DIE L2 C15 (Trelles 1991 cap. IX); p=pesos, t=tomines (8 t = 1 peso), cantidades en pesos decimales"
A1.j,Cuentas de Gonzalo de Valencia ca. 1565: cargo y data de pesos de plata (corrientes y ensayados); AGN DIE L2 C15 f.431r-444v,no,Gonzalo de Valencia,ventas 1565 (Cuadro I) | ropa,7,item,producto de la venta de ropa,pesos ensayados,768,768p,,230,high,"table by modern author from AGN DIE L2 C15 (Trelles 1991 cap. IX); p=pesos, t=tomines (8 t = 1 peso), cantidades en pesos decimales"
A1.j,Cuentas de Gonzalo de Valencia ca. 1565: cargo y data de pesos de plata (corrientes y ensayados); AGN DIE L2 C15 f.431r-444v,no,Gonzalo de Valencia,ventas 1565 (Cuadro I) | vino,8,item,vino vendidos,botijas,112,112,cantidad vendida,230,high,"table by modern author from AGN DIE L2 C15 (Trelles 1991 cap. IX); p=pesos, t=tomines (8 t = 1 peso), cantidades en pesos decimales"
A1.j,Cuentas de Gonzalo de Valencia ca. 1565: cargo y data de pesos de plata (corrientes y ensayados); AGN DIE L2 C15 f.431r-444v,no,Gonzalo de Valencia,ventas 1565 (Cuadro I) | vino,9,item,producto de la venta de vino,pesos corrientes,610,610p,,230,high,"table by modern author from AGN DIE L2 C15 (Trelles 1991 cap. IX); p=pesos, t=tomines (8 t = 1 peso), cantidades en pesos decimales"
A1.j,Cuentas de Gonzalo de Valencia ca. 1565: cargo y data de pesos de plata (corrientes y ensayados); AGN DIE L2 C15 f.431r-444v,no,Gonzalo de Valencia,ventas 1565 (Cuadro I) | negros (esclavos),10,item,negros (esclavos) vendidos,personas,3,3,cantidad vendida,230,high,"table by modern author from AGN DIE L2 C15 (Trelles 1991 cap. IX); p=pesos, t=tomines (8 t = 1 peso), cantidades en pesos decimales"
A1.j,Cuentas de Gonzalo de Valencia ca. 1565: cargo y data de pesos de plata (corrientes y ensayados); AGN DIE L2 C15 f.431r-444v,no,Gonzalo de Valencia,ventas 1565 (Cuadro I) | negros (esclavos),11,item,producto de la venta de negros (esclavos),pesos ensayados,640,640p,,230,high,"table by modern author from AGN DIE L2 C15 (Trelles 1991 cap. IX); p=pesos, t=tomines (8 t = 1 peso), cantidades en pesos decimales"
A1.j,Cuentas de Gonzalo de Valencia ca. 1565: cargo y data de pesos de plata (corrientes y ensayados); AGN DIE L2 C15 f.431r-444v,no,Gonzalo de Valencia,ventas 1565 (Cuadro I) | trigo,12,item,trigo vendidos,fanegas,247,247,cantidad vendida,230,high,"table by modern author from AGN DIE L2 C15 (Trelles 1991 cap. IX); p=pesos, t=tomines (8 t = 1 peso), cantidades en pesos decimales"
A1.j,Cuentas de Gonzalo de Valencia ca. 1565: cargo y data de pesos de plata (corrientes y ensayados); AGN DIE L2 C15 f.431r-444v,no,Gonzalo de Valencia,ventas 1565 (Cuadro I) | trigo,13,item,producto de la venta de trigo,pesos corrientes,444,444p,,230,high,"table by modern author from AGN DIE L2 C15 (Trelles 1991 cap. IX); p=pesos, t=tomines (8 t = 1 peso), cantidades en pesos decimales"
A1.j,Cuentas de Gonzalo de Valencia ca. 1565: cargo y data de pesos de plata (corrientes y ensayados); AGN DIE L2 C15 f.431r-444v,no,Gonzalo de Valencia,ventas 1565 (Cuadro I) | maíz,14,item,maíz vendidos,fanegas,333,333,cantidad vendida,230,high,"table by modern author from AGN DIE L2 C15 (Trelles 1991 cap. IX); p=pesos, t=tomines (8 t = 1 peso), cantidades en pesos decimales; maíz vendido 333 aquí vs 281 en descargo del maíz"
A1.j,Cuentas de Gonzalo de Valencia ca. 1565: cargo y data de pesos de plata (corrientes y ensayados); AGN DIE L2 C15 f.431r-444v,no,Gonzalo de Valencia,ventas 1565 (Cuadro I) | maíz,15,item,producto de la venta de maíz,pesos corrientes,344,344p,,230,high,"table by modern author from AGN DIE L2 C15 (Trelles 1991 cap. IX); p=pesos, t=tomines (8 t = 1 peso), cantidades en pesos decimales"
A1.j,Cuentas de Gonzalo de Valencia ca. 1565: cargo y data de pesos de plata (corrientes y ensayados); AGN DIE L2 C15 f.431r-444v,no,Gonzalo de Valencia,ventas 1565 (Cuadro I) | asnos,16,item,asnos vendidos,cabezas,2,2,cantidad vendida,230,high,"table by modern author from AGN DIE L2 C15 (Trelles 1991 cap. IX); p=pesos, t=tomines (8 t = 1 peso), cantidades en pesos decimales"
A1.j,Cuentas de Gonzalo de Valencia ca. 1565: cargo y data de pesos de plata (corrientes y ensayados); AGN DIE L2 C15 f.431r-444v,no,Gonzalo de Valencia,ventas 1565 (Cuadro I) | asnos,17,item,producto de la venta de asnos,pesos corrientes,330,330p,,230,high,"table by modern author from AGN DIE L2 C15 (Trelles 1991 cap. IX); p=pesos, t=tomines (8 t = 1 peso), cantidades en pesos decimales"
A1.j,Cuentas de Gonzalo de Valencia ca. 1565: cargo y data de pesos de plata (corrientes y ensayados); AGN DIE L2 C15 f.431r-444v,no,Gonzalo de Valencia,ventas 1565 (Cuadro I) | mulas,18,item,mulas vendidos,cabezas,3,3,cantidad vendida,230,high,"table by modern author from AGN DIE L2 C15 (Trelles 1991 cap. IX); p=pesos, t=tomines (8 t = 1 peso), cantidades en pesos decimales"
A1.j,Cuentas de Gonzalo de Valencia ca. 1565: cargo y data de pesos de plata (corrientes y ensayados); AGN DIE L2 C15 f.431r-444v,no,Gonzalo de Valencia,ventas 1565 (Cuadro I) | mulas,19,item,producto de la venta de mulas,pesos corrientes,240,240p,,230,high,"table by modern author from AGN DIE L2 C15 (Trelles 1991 cap. IX); p=pesos, t=tomines (8 t = 1 peso), cantidades en pesos decimales"
A1.j,Cuentas de Gonzalo de Valencia ca. 1565: cargo y data de pesos de plata (corrientes y ensayados); AGN DIE L2 C15 f.431r-444v,no,Gonzalo de Valencia,ventas 1565 (Cuadro I) | ají,20,item,ají vendidos,cestos,287,287,cantidad vendida,230,high,"table by modern author from AGN DIE L2 C15 (Trelles 1991 cap. IX); p=pesos, t=tomines (8 t = 1 peso), cantidades en pesos decimales"
A1.j,Cuentas de Gonzalo de Valencia ca. 1565: cargo y data de pesos de plata (corrientes y ensayados); AGN DIE L2 C15 f.431r-444v,no,Gonzalo de Valencia,ventas 1565 (Cuadro I) | ají,21,item,producto de la venta de ají,pesos corrientes,287,287p,,230,high,"table by modern author from AGN DIE L2 C15 (Trelles 1991 cap. IX); p=pesos, t=tomines (8 t = 1 peso), cantidades en pesos decimales"
A1.j,Cuentas de Gonzalo de Valencia ca. 1565: cargo y data de pesos de plata (corrientes y ensayados); AGN DIE L2 C15 f.431r-444v,no,Gonzalo de Valencia,ventas 1565 (Cuadro I) | pescado,22,item,pescado vendidos,arrobas,212,212,cantidad vendida,230,high,"table by modern author from AGN DIE L2 C15 (Trelles 1991 cap. IX); p=pesos, t=tomines (8 t = 1 peso), cantidades en pesos decimales"
A1.j,Cuentas de Gonzalo de Valencia ca. 1565: cargo y data de pesos de plata (corrientes y ensayados); AGN DIE L2 C15 f.431r-444v,no,Gonzalo de Valencia,ventas 1565 (Cuadro I) | pescado,23,item,producto de la venta de pescado,pesos corrientes,212,212p,,230,high,"table by modern author from AGN DIE L2 C15 (Trelles 1991 cap. IX); p=pesos, t=tomines (8 t = 1 peso), cantidades en pesos decimales"
A1.j,Cuentas de Gonzalo de Valencia ca. 1565: cargo y data de pesos de plata (corrientes y ensayados); AGN DIE L2 C15 f.431r-444v,no,Gonzalo de Valencia,ventas 1565 (Cuadro I) | potros,24,item,potros vendidos,cabezas,6,6,cantidad vendida,230,high,"table by modern author from AGN DIE L2 C15 (Trelles 1991 cap. IX); p=pesos, t=tomines (8 t = 1 peso), cantidades en pesos decimales"
A1.j,Cuentas de Gonzalo de Valencia ca. 1565: cargo y data de pesos de plata (corrientes y ensayados); AGN DIE L2 C15 f.431r-444v,no,Gonzalo de Valencia,ventas 1565 (Cuadro I) | potros,25,item,producto de la venta de potros,pesos corrientes,120,120p,,230,high,"table by modern author from AGN DIE L2 C15 (Trelles 1991 cap. IX); p=pesos, t=tomines (8 t = 1 peso), cantidades en pesos decimales"
A1.j,Cuentas de Gonzalo de Valencia ca. 1565: cargo y data de pesos de plata (corrientes y ensayados); AGN DIE L2 C15 f.431r-444v,no,Gonzalo de Valencia,ventas 1565 (Cuadro I) | puercos,26,item,puercos vendidos,cabezas,18,18,cantidad vendida,230,high,"table by modern author from AGN DIE L2 C15 (Trelles 1991 cap. IX); p=pesos, t=tomines (8 t = 1 peso), cantidades en pesos decimales"
A1.j,Cuentas de Gonzalo de Valencia ca. 1565: cargo y data de pesos de plata (corrientes y ensayados); AGN DIE L2 C15 f.431r-444v,no,Gonzalo de Valencia,ventas 1565 (Cuadro I) | puercos,27,item,producto de la venta de puercos,pesos corrientes,63,63p,,230,high,"table by modern author from AGN DIE L2 C15 (Trelles 1991 cap. IX); p=pesos, t=tomines (8 t = 1 peso), cantidades en pesos decimales"
A1.j,Cuentas de Gonzalo de Valencia ca. 1565: cargo y data de pesos de plata (corrientes y ensayados); AGN DIE L2 C15 f.431r-444v,no,Gonzalo de Valencia,ventas 1565 (Cuadro I) | costales,28,item,costales vendidos,unidades,27,27,cantidad vendida,230,high,"table by modern author from AGN DIE L2 C15 (Trelles 1991 cap. IX); p=pesos, t=tomines (8 t = 1 peso), cantidades en pesos decimales"
A1.j,Cuentas de Gonzalo de Valencia ca. 1565: cargo y data de pesos de plata (corrientes y ensayados); AGN DIE L2 C15 f.431r-444v,no,Gonzalo de Valencia,ventas 1565 (Cuadro I) | costales,29,item,producto de la venta de costales,pesos corrientes,27,27p,,230,high,"table by modern author from AGN DIE L2 C15 (Trelles 1991 cap. IX); p=pesos, t=tomines (8 t = 1 peso), cantidades en pesos decimales"
A1.j,Cuentas de Gonzalo de Valencia ca. 1565: cargo y data de pesos de plata (corrientes y ensayados); AGN DIE L2 C15 f.431r-444v,no,Gonzalo de Valencia,pago a españoles: doctrina | Tarapacá,30,item,doctrina - cera y vino (en productos),pesos corrientes,160,160p,doctrinero fray Hernando Abrego,236-237,medium,"table by modern author from AGN DIE L2 C15 (Trelles 1991 cap. IX); p=pesos, t=tomines (8 t = 1 peso), cantidades en pesos decimales; Cuadros IV, IVa, IVb reconciliados (OCR del IVa desplazó columnas: 63p4t = cera y vino de Arica; Carumas pesos = 238p)"
A1.j,Cuentas de Gonzalo de Valencia ca. 1565: cargo y data de pesos de plata (corrientes y ensayados); AGN DIE L2 C15 f.431r-444v,no,Gonzalo de Valencia,pago a españoles: doctrina | Tarapacá,31,item,doctrina - pesos de plata,pesos corrientes,24,24p,doctrinero fray Hernando Abrego; 2 meses,236-237,medium,"table by modern author from AGN DIE L2 C15 (Trelles 1991 cap. IX); p=pesos, t=tomines (8 t = 1 peso), cantidades en pesos decimales; Cuadros IV, IVa, IVb reconciliados (OCR del IVa desplazó columnas: 63p4t = cera y vino de Arica; Carumas pesos = 238p)"
A1.j,Cuentas de Gonzalo de Valencia ca. 1565: cargo y data de pesos de plata (corrientes y ensayados); AGN DIE L2 C15 f.431r-444v,no,Gonzalo de Valencia,pago a españoles: doctrina | Tarapacá,32,item,doctrina - pesos de plata,pesos ensayados,1111.125,1111p 1t,doctrinero fray Hernando Abrego; 26 meses,236-237,medium,"table by modern author from AGN DIE L2 C15 (Trelles 1991 cap. IX); p=pesos, t=tomines (8 t = 1 peso), cantidades en pesos decimales; Cuadros IV, IVa, IVb reconciliados (OCR del IVa desplazó columnas: 63p4t = cera y vino de Arica; Carumas pesos = 238p)"
A1.j,Cuentas de Gonzalo de Valencia ca. 1565: cargo y data de pesos de plata (corrientes y ensayados); AGN DIE L2 C15 f.431r-444v,no,Gonzalo de Valencia,pago a españoles: doctrina | Arica,33,item,doctrina - cera y vino (en productos),pesos corrientes,63.5,63p 4t,doctrinero padre Arroyo,236-237,medium,"table by modern author from AGN DIE L2 C15 (Trelles 1991 cap. IX); p=pesos, t=tomines (8 t = 1 peso), cantidades en pesos decimales; Cuadros IV, IVa, IVb reconciliados (OCR del IVa desplazó columnas: 63p4t = cera y vino de Arica; Carumas pesos = 238p)"
A1.j,Cuentas de Gonzalo de Valencia ca. 1565: cargo y data de pesos de plata (corrientes y ensayados); AGN DIE L2 C15 f.431r-444v,no,Gonzalo de Valencia,pago a españoles: doctrina | Arica,34,item,doctrina - pesos de plata,pesos corrientes,505,505p,doctrinero padre Arroyo; 12 meses,236-237,medium,"table by modern author from AGN DIE L2 C15 (Trelles 1991 cap. IX); p=pesos, t=tomines (8 t = 1 peso), cantidades en pesos decimales; Cuadros IV, IVa, IVb reconciliados (OCR del IVa desplazó columnas: 63p4t = cera y vino de Arica; Carumas pesos = 238p)"
A1.j,Cuentas de Gonzalo de Valencia ca. 1565: cargo y data de pesos de plata (corrientes y ensayados); AGN DIE L2 C15 f.431r-444v,no,Gonzalo de Valencia,pago a españoles: doctrina | Carumas,35,item,doctrina - cera y vino (en productos),pesos corrientes,30,30p,doctrinero padre Valdelomar,236-237,medium,"table by modern author from AGN DIE L2 C15 (Trelles 1991 cap. IX); p=pesos, t=tomines (8 t = 1 peso), cantidades en pesos decimales; Cuadros IV, IVa, IVb reconciliados (OCR del IVa desplazó columnas: 63p4t = cera y vino de Arica; Carumas pesos = 238p)"
A1.j,Cuentas de Gonzalo de Valencia ca. 1565: cargo y data de pesos de plata (corrientes y ensayados); AGN DIE L2 C15 f.431r-444v,no,Gonzalo de Valencia,pago a españoles: doctrina | Carumas,36,item,doctrina - pesos de plata,pesos corrientes,238,238p,doctrinero padre Valdelomar; 13 meses,236-237,medium,"table by modern author from AGN DIE L2 C15 (Trelles 1991 cap. IX); p=pesos, t=tomines (8 t = 1 peso), cantidades en pesos decimales; Cuadros IV, IVa, IVb reconciliados (OCR del IVa desplazó columnas: 63p4t = cera y vino de Arica; Carumas pesos = 238p)"
A1.j,Cuentas de Gonzalo de Valencia ca. 1565: cargo y data de pesos de plata (corrientes y ensayados); AGN DIE L2 C15 f.431r-444v,no,Gonzalo de Valencia,pago a españoles: envíos a Lima,37,item,barras de plata,pesos ensayados,700.875,700p 7t,portador (maestre) Antón Martín,240,high,"table by modern author from AGN DIE L2 C15 (Trelles 1991 cap. IX); p=pesos, t=tomines (8 t = 1 peso), cantidades en pesos decimales"
A1.j,Cuentas de Gonzalo de Valencia ca. 1565: cargo y data de pesos de plata (corrientes y ensayados); AGN DIE L2 C15 f.431r-444v,no,Gonzalo de Valencia,pago a españoles: envíos a Lima,38,item,barras de plata,pesos ensayados,493.5,493p 4t,portador (maestre) Juan Rodríguez,240,high,"table by modern author from AGN DIE L2 C15 (Trelles 1991 cap. IX); p=pesos, t=tomines (8 t = 1 peso), cantidades en pesos decimales"
A1.j,Cuentas de Gonzalo de Valencia ca. 1565: cargo y data de pesos de plata (corrientes y ensayados); AGN DIE L2 C15 f.431r-444v,no,Gonzalo de Valencia,pago a españoles: envíos a Lima,39,item,barras de plata,pesos ensayados,378.25,378p 2t,portador (maestre) Juan de Elaçaça,240,high,"table by modern author from AGN DIE L2 C15 (Trelles 1991 cap. IX); p=pesos, t=tomines (8 t = 1 peso), cantidades en pesos decimales"
A1.j,Cuentas de Gonzalo de Valencia ca. 1565: cargo y data de pesos de plata (corrientes y ensayados); AGN DIE L2 C15 f.431r-444v,no,Gonzalo de Valencia,pago a españoles: envíos a Lima,40,item,pesos de plata,pesos corrientes,250,250p,portador (maestre) Antón Martín,240,high,"table by modern author from AGN DIE L2 C15 (Trelles 1991 cap. IX); p=pesos, t=tomines (8 t = 1 peso), cantidades en pesos decimales"
A1.j,Cuentas de Gonzalo de Valencia ca. 1565: cargo y data de pesos de plata (corrientes y ensayados); AGN DIE L2 C15 f.431r-444v,no,Gonzalo de Valencia,pago a españoles: envíos a Lima,41,item,platería,pesos corrientes,73,73p,portador (maestre) Antón Martín,240,high,"table by modern author from AGN DIE L2 C15 (Trelles 1991 cap. IX); p=pesos, t=tomines (8 t = 1 peso), cantidades en pesos decimales"
A1.j,Cuentas de Gonzalo de Valencia ca. 1565: cargo y data de pesos de plata (corrientes y ensayados); AGN DIE L2 C15 f.431r-444v,no,Gonzalo de Valencia,pago a españoles: envíos a Lima,42,item,pesos de plata,pesos corrientes,50,50p,portador (maestre) Juan de Alcázar,240,high,"table by modern author from AGN DIE L2 C15 (Trelles 1991 cap. IX); p=pesos, t=tomines (8 t = 1 peso), cantidades en pesos decimales"
A1.j,Cuentas de Gonzalo de Valencia ca. 1565: cargo y data de pesos de plata (corrientes y ensayados); AGN DIE L2 C15 f.431r-444v,no,Gonzalo de Valencia,pago a españoles: mandatos judiciales y gastos notariales,43,item,mandato judicial,pesos ensayados,656.25,656p 2t,beneficiario herederos de Martín de Valencia,241-242,high,"table by modern author from AGN DIE L2 C15 (Trelles 1991 cap. IX); p=pesos, t=tomines (8 t = 1 peso), cantidades en pesos decimales"
A1.j,Cuentas de Gonzalo de Valencia ca. 1565: cargo y data de pesos de plata (corrientes y ensayados); AGN DIE L2 C15 f.431r-444v,no,Gonzalo de Valencia,pago a españoles: mandatos judiciales y gastos notariales,44,item,censo,pesos ensayados,492.875,492p 7t,beneficiario Manuel de Herrera,241-242,high,"table by modern author from AGN DIE L2 C15 (Trelles 1991 cap. IX); p=pesos, t=tomines (8 t = 1 peso), cantidades en pesos decimales"
A1.j,Cuentas de Gonzalo de Valencia ca. 1565: cargo y data de pesos de plata (corrientes y ensayados); AGN DIE L2 C15 f.431r-444v,no,Gonzalo de Valencia,pago a españoles: mandatos judiciales y gastos notariales,45,item,deudas (mandato judicial),pesos corrientes,200,200p,beneficiario herederos de Martín de Valencia,241-242,high,"table by modern author from AGN DIE L2 C15 (Trelles 1991 cap. IX); p=pesos, t=tomines (8 t = 1 peso), cantidades en pesos decimales"
A1.j,Cuentas de Gonzalo de Valencia ca. 1565: cargo y data de pesos de plata (corrientes y ensayados); AGN DIE L2 C15 f.431r-444v,no,Gonzalo de Valencia,pago a españoles: mandatos judiciales y gastos notariales,46,item,mandato judicial,pesos corrientes,100,100p,beneficiario Gonzalo Serrano,241-242,high,"table by modern author from AGN DIE L2 C15 (Trelles 1991 cap. IX); p=pesos, t=tomines (8 t = 1 peso), cantidades en pesos decimales"
A1.j,Cuentas de Gonzalo de Valencia ca. 1565: cargo y data de pesos de plata (corrientes y ensayados); AGN DIE L2 C15 f.431r-444v,no,Gonzalo de Valencia,pago a españoles: mandatos judiciales y gastos notariales,47,item,mandato judicial,pesos corrientes,48,48p,beneficiario Hernando Alvarez de Carmona,241-242,high,"table by modern author from AGN DIE L2 C15 (Trelles 1991 cap. IX); p=pesos, t=tomines (8 t = 1 peso), cantidades en pesos decimales"
A1.j,Cuentas de Gonzalo de Valencia ca. 1565: cargo y data de pesos de plata (corrientes y ensayados); AGN DIE L2 C15 f.431r-444v,no,Gonzalo de Valencia,pago a españoles: mandatos judiciales y gastos notariales,48,item,compra de papel,pesos corrientes,10,10p,beneficiario -,241-242,high,"table by modern author from AGN DIE L2 C15 (Trelles 1991 cap. IX); p=pesos, t=tomines (8 t = 1 peso), cantidades en pesos decimales"
A1.j,Cuentas de Gonzalo de Valencia ca. 1565: cargo y data de pesos de plata (corrientes y ensayados); AGN DIE L2 C15 f.431r-444v,no,Gonzalo de Valencia,pago a españoles: mandatos judiciales y gastos notariales,49,item,derechos notariales,pesos corrientes,6,6p,beneficiario escribano Rodríguez,241-242,high,"table by modern author from AGN DIE L2 C15 (Trelles 1991 cap. IX); p=pesos, t=tomines (8 t = 1 peso), cantidades en pesos decimales"
A1.j,Cuentas de Gonzalo de Valencia ca. 1565: cargo y data de pesos de plata (corrientes y ensayados); AGN DIE L2 C15 f.431r-444v,no,Gonzalo de Valencia,pago a españoles: mandatos judiciales y gastos notariales,50,item,derechos notariales (notificación contra rescates),pesos corrientes,2,2p,beneficiario escribano Navarro,241-242,high,"table by modern author from AGN DIE L2 C15 (Trelles 1991 cap. IX); p=pesos, t=tomines (8 t = 1 peso), cantidades en pesos decimales"
A1.j,Cuentas de Gonzalo de Valencia ca. 1565: cargo y data de pesos de plata (corrientes y ensayados); AGN DIE L2 C15 f.431r-444v,no,Gonzalo de Valencia,pago a españoles: diezmo,51,item,diezmo de Tarapacá y Pica 1565-1566,pesos corrientes,300,300p,"a Francisco de Espinoza, diezmero",245,high,"table by modern author from AGN DIE L2 C15 (Trelles 1991 cap. IX); p=pesos, t=tomines (8 t = 1 peso), cantidades en pesos decimales"
A1.j,Cuentas de Gonzalo de Valencia ca. 1565: cargo y data de pesos de plata (corrientes y ensayados); AGN DIE L2 C15 f.431r-444v,no,Gonzalo de Valencia,pago a españoles: diezmo,52,item,diezmo general 1560-1565,pesos corrientes,200,200p,"a Francisco de Espinoza; total debido 236, 36 pagados antes en productos (n.25)",245,high,"table by modern author from AGN DIE L2 C15 (Trelles 1991 cap. IX); p=pesos, t=tomines (8 t = 1 peso), cantidades en pesos decimales"
A1.j,Cuentas de Gonzalo de Valencia ca. 1565: cargo y data de pesos de plata (corrientes y ensayados); AGN DIE L2 C15 f.431r-444v,no,Gonzalo de Valencia,pago a españoles: salarios,53,item,salario Juan de Fuentes,pesos corrientes,200,200p,un año; vaquero de Tacahui,247,high,"table by modern author from AGN DIE L2 C15 (Trelles 1991 cap. IX); p=pesos, t=tomines (8 t = 1 peso), cantidades en pesos decimales"
A1.j,Cuentas de Gonzalo de Valencia ca. 1565: cargo y data de pesos de plata (corrientes y ensayados); AGN DIE L2 C15 f.431r-444v,no,Gonzalo de Valencia,pago a españoles: salarios,54,item,salario Miguel García,pesos corrientes,111,111p,"un año; minas de Tarapacá, casas de Arequipa",247,high,"table by modern author from AGN DIE L2 C15 (Trelles 1991 cap. IX); p=pesos, t=tomines (8 t = 1 peso), cantidades en pesos decimales"
A1.j,Cuentas de Gonzalo de Valencia ca. 1565: cargo y data de pesos de plata (corrientes y ensayados); AGN DIE L2 C15 f.431r-444v,no,Gonzalo de Valencia,pago a españoles: salarios,55,item,salario Alonso de Herrera,pesos corrientes,100,100p,un año; cobro del tributo de Carumas,247,high,"table by modern author from AGN DIE L2 C15 (Trelles 1991 cap. IX); p=pesos, t=tomines (8 t = 1 peso), cantidades en pesos decimales"
A1.j,Cuentas de Gonzalo de Valencia ca. 1565: cargo y data de pesos de plata (corrientes y ensayados); AGN DIE L2 C15 f.431r-444v,no,Gonzalo de Valencia,pago a españoles: salarios,56,item,salario Juan de Rodas,pesos corrientes,85,85p,un año; llevó ganado a Potosí,247,high,"table by modern author from AGN DIE L2 C15 (Trelles 1991 cap. IX); p=pesos, t=tomines (8 t = 1 peso), cantidades en pesos decimales"
A1.j,Cuentas de Gonzalo de Valencia ca. 1565: cargo y data de pesos de plata (corrientes y ensayados); AGN DIE L2 C15 f.431r-444v,no,Gonzalo de Valencia,pago a españoles: salarios,57,item,salario Alonso de Solís,pesos corrientes,50,50p,dos meses,247,high,"table by modern author from AGN DIE L2 C15 (Trelles 1991 cap. IX); p=pesos, t=tomines (8 t = 1 peso), cantidades en pesos decimales"
A1.j,Cuentas de Gonzalo de Valencia ca. 1565: cargo y data de pesos de plata (corrientes y ensayados); AGN DIE L2 C15 f.431r-444v,no,Gonzalo de Valencia,pago a españoles: salarios,58,item,salario Arrieta,pesos corrientes,20,20p,cirujano,247,high,"table by modern author from AGN DIE L2 C15 (Trelles 1991 cap. IX); p=pesos, t=tomines (8 t = 1 peso), cantidades en pesos decimales"
A1.j,Cuentas de Gonzalo de Valencia ca. 1565: cargo y data de pesos de plata (corrientes y ensayados); AGN DIE L2 C15 f.431r-444v,no,Gonzalo de Valencia,pago a españoles: salarios,59,item,salario Pedro Colmenares,pesos corrientes,7,7p,servicios generales,247,high,"table by modern author from AGN DIE L2 C15 (Trelles 1991 cap. IX); p=pesos, t=tomines (8 t = 1 peso), cantidades en pesos decimales"
A1.j,Cuentas de Gonzalo de Valencia ca. 1565: cargo y data de pesos de plata (corrientes y ensayados); AGN DIE L2 C15 f.431r-444v,no,Gonzalo de Valencia,pago a españoles: salarios,60,item,salario Pedro Rodríguez,pesos corrientes,5,5p,sastre,247,high,"table by modern author from AGN DIE L2 C15 (Trelles 1991 cap. IX); p=pesos, t=tomines (8 t = 1 peso), cantidades en pesos decimales"
A1.j,Cuentas de Gonzalo de Valencia ca. 1565: cargo y data de pesos de plata (corrientes y ensayados); AGN DIE L2 C15 f.431r-444v,no,Gonzalo de Valencia,pago a españoles: mantenimiento de barcos,61,item,hechura de un barco,pesos corrientes,265,265p,Bartolomé García,248,medium,"table by modern author from AGN DIE L2 C15 (Trelles 1991 cap. IX); p=pesos, t=tomines (8 t = 1 peso), cantidades en pesos decimales; asignación brea/aceite/clavos-estopa/aparejos según texto p.249"
A1.j,Cuentas de Gonzalo de Valencia ca. 1565: cargo y data de pesos de plata (corrientes y ensayados); AGN DIE L2 C15 f.431r-444v,no,Gonzalo de Valencia,pago a españoles: mantenimiento de barcos,62,item,mantenimiento (brea),pesos corrientes,16,16p,Juan Rodríguez,248,medium,"table by modern author from AGN DIE L2 C15 (Trelles 1991 cap. IX); p=pesos, t=tomines (8 t = 1 peso), cantidades en pesos decimales; asignación brea/aceite/clavos-estopa/aparejos según texto p.249"
A1.j,Cuentas de Gonzalo de Valencia ca. 1565: cargo y data de pesos de plata (corrientes y ensayados); AGN DIE L2 C15 f.431r-444v,no,Gonzalo de Valencia,pago a españoles: mantenimiento de barcos,63,item,mantenimiento (aceite),pesos corrientes,9,9p,,248,medium,"table by modern author from AGN DIE L2 C15 (Trelles 1991 cap. IX); p=pesos, t=tomines (8 t = 1 peso), cantidades en pesos decimales; asignación brea/aceite/clavos-estopa/aparejos según texto p.249"
A1.j,Cuentas de Gonzalo de Valencia ca. 1565: cargo y data de pesos de plata (corrientes y ensayados); AGN DIE L2 C15 f.431r-444v,no,Gonzalo de Valencia,pago a españoles: mantenimiento de barcos,64,item,"mantenimiento (clavos, estopa)",pesos corrientes,7.5,7p 4t,,248,medium,"table by modern author from AGN DIE L2 C15 (Trelles 1991 cap. IX); p=pesos, t=tomines (8 t = 1 peso), cantidades en pesos decimales; asignación brea/aceite/clavos-estopa/aparejos según texto p.249"
A1.j,Cuentas de Gonzalo de Valencia ca. 1565: cargo y data de pesos de plata (corrientes y ensayados); AGN DIE L2 C15 f.431r-444v,no,Gonzalo de Valencia,pago a españoles: mantenimiento de barcos,65,item,mantenimiento (aparejos),pesos corrientes,6,6p,,248,medium,"table by modern author from AGN DIE L2 C15 (Trelles 1991 cap. IX); p=pesos, t=tomines (8 t = 1 peso), cantidades en pesos decimales; asignación brea/aceite/clavos-estopa/aparejos según texto p.249"
A1.j,Cuentas de Gonzalo de Valencia ca. 1565: cargo y data de pesos de plata (corrientes y ensayados); AGN DIE L2 C15 f.431r-444v,no,Gonzalo de Valencia,pago a españoles: fletes,66,item,flete pasajeros de Lima,pesos corrientes,60,60p,Juan Rodríguez -> Arica,250,high,"table by modern author from AGN DIE L2 C15 (Trelles 1991 cap. IX); p=pesos, t=tomines (8 t = 1 peso), cantidades en pesos decimales"
A1.j,Cuentas de Gonzalo de Valencia ca. 1565: cargo y data de pesos de plata (corrientes y ensayados); AGN DIE L2 C15 f.431r-444v,no,Gonzalo de Valencia,pago a españoles: fletes,67,item,flete envío de negros,pesos corrientes,32,32p,Juan Rodríguez -> Arica,250,high,"table by modern author from AGN DIE L2 C15 (Trelles 1991 cap. IX); p=pesos, t=tomines (8 t = 1 peso), cantidades en pesos decimales"
A1.j,Cuentas de Gonzalo de Valencia ca. 1565: cargo y data de pesos de plata (corrientes y ensayados); AGN DIE L2 C15 f.431r-444v,no,Gonzalo de Valencia,pago a españoles: fletes,68,item,flete plata y pescado,pesos corrientes,32,32p,Antón Martín -> Lima,250,high,"table by modern author from AGN DIE L2 C15 (Trelles 1991 cap. IX); p=pesos, t=tomines (8 t = 1 peso), cantidades en pesos decimales"
A1.j,Cuentas de Gonzalo de Valencia ca. 1565: cargo y data de pesos de plata (corrientes y ensayados); AGN DIE L2 C15 f.431r-444v,no,Gonzalo de Valencia,pago a españoles: fletes,69,item,flete plata y pescado,pesos corrientes,12,12p,Juan Rodríguez -> Lima,250,high,"table by modern author from AGN DIE L2 C15 (Trelles 1991 cap. IX); p=pesos, t=tomines (8 t = 1 peso), cantidades en pesos decimales"
A1.j,Cuentas de Gonzalo de Valencia ca. 1565: cargo y data de pesos de plata (corrientes y ensayados); AGN DIE L2 C15 f.431r-444v,no,Gonzalo de Valencia,pago a españoles: fletes,70,item,flete higos y dinero (mil pesos),pesos corrientes,7,7p,Antón Martín -> Lima,250,high,"table by modern author from AGN DIE L2 C15 (Trelles 1991 cap. IX); p=pesos, t=tomines (8 t = 1 peso), cantidades en pesos decimales"
A1.j,Cuentas de Gonzalo de Valencia ca. 1565: cargo y data de pesos de plata (corrientes y ensayados); AGN DIE L2 C15 f.431r-444v,no,Gonzalo de Valencia,pago a españoles: fletes,71,item,flete tocino (6 piernas),pesos corrientes,6,6p,-> Lima,250,high,"table by modern author from AGN DIE L2 C15 (Trelles 1991 cap. IX); p=pesos, t=tomines (8 t = 1 peso), cantidades en pesos decimales"
A1.j,Cuentas de Gonzalo de Valencia ca. 1565: cargo y data de pesos de plata (corrientes y ensayados); AGN DIE L2 C15 f.431r-444v,no,Gonzalo de Valencia,pago a españoles: gastos generales,72,item,"1,400 botijas vacías para la viña de Ocurica",pesos corrientes,70,70p,partida 1,251,high,"table by modern author from AGN DIE L2 C15 (Trelles 1991 cap. IX); p=pesos, t=tomines (8 t = 1 peso), cantidades en pesos decimales"
A1.j,Cuentas de Gonzalo de Valencia ca. 1565: cargo y data de pesos de plata (corrientes y ensayados); AGN DIE L2 C15 f.431r-444v,no,Gonzalo de Valencia,pago a españoles: gastos generales,73,item,4 cestos de coca para indios de las minas de Tarapacá,pesos corrientes,48,48p,partida 2,251,high,"table by modern author from AGN DIE L2 C15 (Trelles 1991 cap. IX); p=pesos, t=tomines (8 t = 1 peso), cantidades en pesos decimales"
A1.j,Cuentas de Gonzalo de Valencia ca. 1565: cargo y data de pesos de plata (corrientes y ensayados); AGN DIE L2 C15 f.431r-444v,no,Gonzalo de Valencia,pago a españoles: gastos generales,74,item,mantillas y jubones para la hija de Lucas,pesos corrientes,4.5,4p 4t,partida 3,251,medium,"table by modern author from AGN DIE L2 C15 (Trelles 1991 cap. IX); p=pesos, t=tomines (8 t = 1 peso), cantidades en pesos decimales; Cuadro XII imprime '40p 4t' pero el % (3.4) y el total 132p4t exigen 4p 4t"
A1.j,Cuentas de Gonzalo de Valencia ca. 1565: cargo y data de pesos de plata (corrientes y ensayados); AGN DIE L2 C15 f.431r-444v,no,Gonzalo de Valencia,pago a españoles: gastos generales,75,item,pequeñas necesidades en Arica,pesos corrientes,4,4p,partida 4,251,high,"table by modern author from AGN DIE L2 C15 (Trelles 1991 cap. IX); p=pesos, t=tomines (8 t = 1 peso), cantidades en pesos decimales"
A1.j,Cuentas de Gonzalo de Valencia ca. 1565: cargo y data de pesos de plata (corrientes y ensayados); AGN DIE L2 C15 f.431r-444v,no,Gonzalo de Valencia,pago a españoles: gastos generales,76,item,cerrojos casas de Ocurica,pesos corrientes,3,3p,partida 5,251,high,"table by modern author from AGN DIE L2 C15 (Trelles 1991 cap. IX); p=pesos, t=tomines (8 t = 1 peso), cantidades en pesos decimales"
A1.j,Cuentas de Gonzalo de Valencia ca. 1565: cargo y data de pesos de plata (corrientes y ensayados); AGN DIE L2 C15 f.431r-444v,no,Gonzalo de Valencia,pago a españoles: gastos generales,77,item,cerrojos casas de Tacahui,pesos corrientes,3,3p,partida 6,251,high,"table by modern author from AGN DIE L2 C15 (Trelles 1991 cap. IX); p=pesos, t=tomines (8 t = 1 peso), cantidades en pesos decimales"
A1.j,Cuentas de Gonzalo de Valencia ca. 1565: cargo y data de pesos de plata (corrientes y ensayados); AGN DIE L2 C15 f.431r-444v,no,Gonzalo de Valencia,pago a españoles: gastos generales,78,item,botijas vacías,botijas,1400,"1,400",para la viña de Ocurica (valle de Azapa),251,high,"table by modern author from AGN DIE L2 C15 (Trelles 1991 cap. IX); p=pesos, t=tomines (8 t = 1 peso), cantidades en pesos decimales"
A1.j,Cuentas de Gonzalo de Valencia ca. 1565: cargo y data de pesos de plata (corrientes y ensayados); AGN DIE L2 C15 f.431r-444v,no,Gonzalo de Valencia,pago a indios: viña de Ocurica (Azapa),79,item,cultivo (mitayos en grupos de 18),pesos corrientes,153.75,153p 6t,150 días; 18 personas,257,high,"table by modern author from AGN DIE L2 C15 (Trelles 1991 cap. IX); p=pesos, t=tomines (8 t = 1 peso), cantidades en pesos decimales"
A1.j,Cuentas de Gonzalo de Valencia ca. 1565: cargo y data de pesos de plata (corrientes y ensayados); AGN DIE L2 C15 f.431r-444v,no,Gonzalo de Valencia,pago a indios: viña de Ocurica (Azapa),80,item,cultivo (mitayos en grupos de 18) - personas,personas,18,18,150 días; 18 personas,257,high,"table by modern author from AGN DIE L2 C15 (Trelles 1991 cap. IX); p=pesos, t=tomines (8 t = 1 peso), cantidades en pesos decimales"
A1.j,Cuentas de Gonzalo de Valencia ca. 1565: cargo y data de pesos de plata (corrientes y ensayados); AGN DIE L2 C15 f.431r-444v,no,Gonzalo de Valencia,pago a indios: viña de Ocurica (Azapa),81,item,cultivo (mitayos en grupos de 18) - tiempo,días,150,150,150 días; 18 personas,257,high,"table by modern author from AGN DIE L2 C15 (Trelles 1991 cap. IX); p=pesos, t=tomines (8 t = 1 peso), cantidades en pesos decimales"
A1.j,Cuentas de Gonzalo de Valencia ca. 1565: cargo y data de pesos de plata (corrientes y ensayados); AGN DIE L2 C15 f.431r-444v,no,Gonzalo de Valencia,pago a indios: viña de Ocurica (Azapa),82,item,cultivo,pesos corrientes,90,90p,90 días; 54 personas,257,high,"table by modern author from AGN DIE L2 C15 (Trelles 1991 cap. IX); p=pesos, t=tomines (8 t = 1 peso), cantidades en pesos decimales"
A1.j,Cuentas de Gonzalo de Valencia ca. 1565: cargo y data de pesos de plata (corrientes y ensayados); AGN DIE L2 C15 f.431r-444v,no,Gonzalo de Valencia,pago a indios: viña de Ocurica (Azapa),83,item,cultivo - personas,personas,54,54,90 días; 54 personas,257,high,"table by modern author from AGN DIE L2 C15 (Trelles 1991 cap. IX); p=pesos, t=tomines (8 t = 1 peso), cantidades en pesos decimales"
A1.j,Cuentas de Gonzalo de Valencia ca. 1565: cargo y data de pesos de plata (corrientes y ensayados); AGN DIE L2 C15 f.431r-444v,no,Gonzalo de Valencia,pago a indios: viña de Ocurica (Azapa),84,item,cultivo - tiempo,días,90,90,90 días; 54 personas,257,high,"table by modern author from AGN DIE L2 C15 (Trelles 1991 cap. IX); p=pesos, t=tomines (8 t = 1 peso), cantidades en pesos decimales"
A1.j,Cuentas de Gonzalo de Valencia ca. 1565: cargo y data de pesos de plata (corrientes y ensayados); AGN DIE L2 C15 f.431r-444v,no,Gonzalo de Valencia,pago a indios: viña de Ocurica (Azapa),85,item,cultivo,pesos corrientes,61.5,61p 4t,60 días; 18 personas,257,high,"table by modern author from AGN DIE L2 C15 (Trelles 1991 cap. IX); p=pesos, t=tomines (8 t = 1 peso), cantidades en pesos decimales"
A1.j,Cuentas de Gonzalo de Valencia ca. 1565: cargo y data de pesos de plata (corrientes y ensayados); AGN DIE L2 C15 f.431r-444v,no,Gonzalo de Valencia,pago a indios: viña de Ocurica (Azapa),86,item,cultivo - personas,personas,18,18,60 días; 18 personas,257,high,"table by modern author from AGN DIE L2 C15 (Trelles 1991 cap. IX); p=pesos, t=tomines (8 t = 1 peso), cantidades en pesos decimales"
A1.j,Cuentas de Gonzalo de Valencia ca. 1565: cargo y data de pesos de plata (corrientes y ensayados); AGN DIE L2 C15 f.431r-444v,no,Gonzalo de Valencia,pago a indios: viña de Ocurica (Azapa),87,item,cultivo - tiempo,días,60,60,60 días; 18 personas,257,high,"table by modern author from AGN DIE L2 C15 (Trelles 1991 cap. IX); p=pesos, t=tomines (8 t = 1 peso), cantidades en pesos decimales"
A1.j,Cuentas de Gonzalo de Valencia ca. 1565: cargo y data de pesos de plata (corrientes y ensayados); AGN DIE L2 C15 f.431r-444v,no,Gonzalo de Valencia,pago a indios: viña de Ocurica (Azapa),88,item,cultivo,pesos corrientes,28.5,28p 4t,30 días; 18 personas,257,high,"table by modern author from AGN DIE L2 C15 (Trelles 1991 cap. IX); p=pesos, t=tomines (8 t = 1 peso), cantidades en pesos decimales"
A1.j,Cuentas de Gonzalo de Valencia ca. 1565: cargo y data de pesos de plata (corrientes y ensayados); AGN DIE L2 C15 f.431r-444v,no,Gonzalo de Valencia,pago a indios: viña de Ocurica (Azapa),89,item,cultivo - personas,personas,18,18,30 días; 18 personas,257,high,"table by modern author from AGN DIE L2 C15 (Trelles 1991 cap. IX); p=pesos, t=tomines (8 t = 1 peso), cantidades en pesos decimales"
A1.j,Cuentas de Gonzalo de Valencia ca. 1565: cargo y data de pesos de plata (corrientes y ensayados); AGN DIE L2 C15 f.431r-444v,no,Gonzalo de Valencia,pago a indios: viña de Ocurica (Azapa),90,item,cultivo - tiempo,días,30,30,30 días; 18 personas,257,high,"table by modern author from AGN DIE L2 C15 (Trelles 1991 cap. IX); p=pesos, t=tomines (8 t = 1 peso), cantidades en pesos decimales"
A1.j,Cuentas de Gonzalo de Valencia ca. 1565: cargo y data de pesos de plata (corrientes y ensayados); AGN DIE L2 C15 f.431r-444v,no,Gonzalo de Valencia,pago a indios: pastores,91,item,guarda de ganado a Tacahui,pesos corrientes,172,172p,52 semanas; 16 personas,258,high,"table by modern author from AGN DIE L2 C15 (Trelles 1991 cap. IX); p=pesos, t=tomines (8 t = 1 peso), cantidades en pesos decimales"
A1.j,Cuentas de Gonzalo de Valencia ca. 1565: cargo y data de pesos de plata (corrientes y ensayados); AGN DIE L2 C15 f.431r-444v,no,Gonzalo de Valencia,pago a indios: pastores,92,item,guarda de ganado a Tacahui - personas,personas,16,16,52 semanas; 16 personas,258,high,"table by modern author from AGN DIE L2 C15 (Trelles 1991 cap. IX); p=pesos, t=tomines (8 t = 1 peso), cantidades en pesos decimales"
A1.j,Cuentas de Gonzalo de Valencia ca. 1565: cargo y data de pesos de plata (corrientes y ensayados); AGN DIE L2 C15 f.431r-444v,no,Gonzalo de Valencia,pago a indios: pastores,93,item,guarda de ganado a Tacahui - tiempo,semanas,52,52,52 semanas; 16 personas,258,high,"table by modern author from AGN DIE L2 C15 (Trelles 1991 cap. IX); p=pesos, t=tomines (8 t = 1 peso), cantidades en pesos decimales"
A1.j,Cuentas de Gonzalo de Valencia ca. 1565: cargo y data de pesos de plata (corrientes y ensayados); AGN DIE L2 C15 f.431r-444v,no,Gonzalo de Valencia,pago a indios: pastores,94,item,pastoreo en las haciendas,pesos corrientes,90,90p,156 semanas; 10 personas,258,high,"table by modern author from AGN DIE L2 C15 (Trelles 1991 cap. IX); p=pesos, t=tomines (8 t = 1 peso), cantidades en pesos decimales"
A1.j,Cuentas de Gonzalo de Valencia ca. 1565: cargo y data de pesos de plata (corrientes y ensayados); AGN DIE L2 C15 f.431r-444v,no,Gonzalo de Valencia,pago a indios: pastores,95,item,pastoreo en las haciendas - personas,personas,10,10,156 semanas; 10 personas,258,high,"table by modern author from AGN DIE L2 C15 (Trelles 1991 cap. IX); p=pesos, t=tomines (8 t = 1 peso), cantidades en pesos decimales"
A1.j,Cuentas de Gonzalo de Valencia ca. 1565: cargo y data de pesos de plata (corrientes y ensayados); AGN DIE L2 C15 f.431r-444v,no,Gonzalo de Valencia,pago a indios: pastores,96,item,pastoreo en las haciendas - tiempo,semanas,156,156,156 semanas; 10 personas,258,high,"table by modern author from AGN DIE L2 C15 (Trelles 1991 cap. IX); p=pesos, t=tomines (8 t = 1 peso), cantidades en pesos decimales"
A1.j,Cuentas de Gonzalo de Valencia ca. 1565: cargo y data de pesos de plata (corrientes y ensayados); AGN DIE L2 C15 f.431r-444v,no,Gonzalo de Valencia,pago a indios: pastores,97,item,pastar carneros de la tierra,pesos corrientes,4.5,4p 4t,9 semanas; 2 personas,258,high,"table by modern author from AGN DIE L2 C15 (Trelles 1991 cap. IX); p=pesos, t=tomines (8 t = 1 peso), cantidades en pesos decimales"
A1.j,Cuentas de Gonzalo de Valencia ca. 1565: cargo y data de pesos de plata (corrientes y ensayados); AGN DIE L2 C15 f.431r-444v,no,Gonzalo de Valencia,pago a indios: pastores,98,item,pastar carneros de la tierra - personas,personas,2,2,9 semanas; 2 personas,258,high,"table by modern author from AGN DIE L2 C15 (Trelles 1991 cap. IX); p=pesos, t=tomines (8 t = 1 peso), cantidades en pesos decimales"
A1.j,Cuentas de Gonzalo de Valencia ca. 1565: cargo y data de pesos de plata (corrientes y ensayados); AGN DIE L2 C15 f.431r-444v,no,Gonzalo de Valencia,pago a indios: pastores,99,item,pastar carneros de la tierra - tiempo,semanas,9,9,9 semanas; 2 personas,258,high,"table by modern author from AGN DIE L2 C15 (Trelles 1991 cap. IX); p=pesos, t=tomines (8 t = 1 peso), cantidades en pesos decimales"
A1.j,Cuentas de Gonzalo de Valencia ca. 1565: cargo y data de pesos de plata (corrientes y ensayados); AGN DIE L2 C15 f.431r-444v,no,Gonzalo de Valencia,pago a indios: pastores,100,item,guarda de puercos y vacas,pesos corrientes,4,4p,4 personas,258,high,"table by modern author from AGN DIE L2 C15 (Trelles 1991 cap. IX); p=pesos, t=tomines (8 t = 1 peso), cantidades en pesos decimales"
A1.j,Cuentas de Gonzalo de Valencia ca. 1565: cargo y data de pesos de plata (corrientes y ensayados); AGN DIE L2 C15 f.431r-444v,no,Gonzalo de Valencia,pago a indios: pastores,101,item,guarda de puercos y vacas - personas,personas,4,4,4 personas,258,high,"table by modern author from AGN DIE L2 C15 (Trelles 1991 cap. IX); p=pesos, t=tomines (8 t = 1 peso), cantidades en pesos decimales"
A1.j,Cuentas de Gonzalo de Valencia ca. 1565: cargo y data de pesos de plata (corrientes y ensayados); AGN DIE L2 C15 f.431r-444v,no,Gonzalo de Valencia,pago a indios: pastores,102,item,curar el carache del ganado de la tierra,pesos corrientes,3,3p,3 personas,258,high,"table by modern author from AGN DIE L2 C15 (Trelles 1991 cap. IX); p=pesos, t=tomines (8 t = 1 peso), cantidades en pesos decimales"
A1.j,Cuentas de Gonzalo de Valencia ca. 1565: cargo y data de pesos de plata (corrientes y ensayados); AGN DIE L2 C15 f.431r-444v,no,Gonzalo de Valencia,pago a indios: pastores,103,item,curar el carache del ganado de la tierra - personas,personas,3,3,3 personas,258,high,"table by modern author from AGN DIE L2 C15 (Trelles 1991 cap. IX); p=pesos, t=tomines (8 t = 1 peso), cantidades en pesos decimales"
A1.j,Cuentas de Gonzalo de Valencia ca. 1565: cargo y data de pesos de plata (corrientes y ensayados); AGN DIE L2 C15 f.431r-444v,no,Gonzalo de Valencia,pago a indios: pastores,104,item,guarda de cabras,pesos corrientes,2,2p,2 personas,258,high,"table by modern author from AGN DIE L2 C15 (Trelles 1991 cap. IX); p=pesos, t=tomines (8 t = 1 peso), cantidades en pesos decimales"
A1.j,Cuentas de Gonzalo de Valencia ca. 1565: cargo y data de pesos de plata (corrientes y ensayados); AGN DIE L2 C15 f.431r-444v,no,Gonzalo de Valencia,pago a indios: pastores,105,item,guarda de cabras - personas,personas,2,2,2 personas,258,high,"table by modern author from AGN DIE L2 C15 (Trelles 1991 cap. IX); p=pesos, t=tomines (8 t = 1 peso), cantidades en pesos decimales"
A1.j,Cuentas de Gonzalo de Valencia ca. 1565: cargo y data de pesos de plata (corrientes y ensayados); AGN DIE L2 C15 f.431r-444v,no,Gonzalo de Valencia,pago a indios: minas de Tarapacá,106,item,llevar agua y comida (5 viajes),pesos corrientes,50,50p,20 personas,260,high,"table by modern author from AGN DIE L2 C15 (Trelles 1991 cap. IX); p=pesos, t=tomines (8 t = 1 peso), cantidades en pesos decimales; totales impresos del Cuadro XVII (609 días, 91 personas) no cuadran con las filas (709, 96); importe 153p5t sí cuadra"
A1.j,Cuentas de Gonzalo de Valencia ca. 1565: cargo y data de pesos de plata (corrientes y ensayados); AGN DIE L2 C15 f.431r-444v,no,Gonzalo de Valencia,pago a indios: minas de Tarapacá,107,item,llevar agua y comida (5 viajes) - personas,personas,20,20,20 personas,260,high,"table by modern author from AGN DIE L2 C15 (Trelles 1991 cap. IX); p=pesos, t=tomines (8 t = 1 peso), cantidades en pesos decimales"
A1.j,Cuentas de Gonzalo de Valencia ca. 1565: cargo y data de pesos de plata (corrientes y ensayados); AGN DIE L2 C15 f.431r-444v,no,Gonzalo de Valencia,pago a indios: minas de Tarapacá,108,item,llevar agua y comida,pesos corrientes,26,26p,210 días; 28 personas,260,high,"table by modern author from AGN DIE L2 C15 (Trelles 1991 cap. IX); p=pesos, t=tomines (8 t = 1 peso), cantidades en pesos decimales; totales impresos del Cuadro XVII (609 días, 91 personas) no cuadran con las filas (709, 96); importe 153p5t sí cuadra"
A1.j,Cuentas de Gonzalo de Valencia ca. 1565: cargo y data de pesos de plata (corrientes y ensayados); AGN DIE L2 C15 f.431r-444v,no,Gonzalo de Valencia,pago a indios: minas de Tarapacá,109,item,llevar agua y comida - personas,personas,28,28,210 días; 28 personas,260,high,"table by modern author from AGN DIE L2 C15 (Trelles 1991 cap. IX); p=pesos, t=tomines (8 t = 1 peso), cantidades en pesos decimales"
A1.j,Cuentas de Gonzalo de Valencia ca. 1565: cargo y data de pesos de plata (corrientes y ensayados); AGN DIE L2 C15 f.431r-444v,no,Gonzalo de Valencia,pago a indios: minas de Tarapacá,110,item,llevar agua y comida - tiempo,días,210,210,210 días; 28 personas,260,high,"table by modern author from AGN DIE L2 C15 (Trelles 1991 cap. IX); p=pesos, t=tomines (8 t = 1 peso), cantidades en pesos decimales"
A1.j,Cuentas de Gonzalo de Valencia ca. 1565: cargo y data de pesos de plata (corrientes y ensayados); AGN DIE L2 C15 f.431r-444v,no,Gonzalo de Valencia,pago a indios: minas de Tarapacá,111,item,llevar agua y comida,pesos corrientes,14,14p,4 personas,260,high,"table by modern author from AGN DIE L2 C15 (Trelles 1991 cap. IX); p=pesos, t=tomines (8 t = 1 peso), cantidades en pesos decimales; totales impresos del Cuadro XVII (609 días, 91 personas) no cuadran con las filas (709, 96); importe 153p5t sí cuadra"
A1.j,Cuentas de Gonzalo de Valencia ca. 1565: cargo y data de pesos de plata (corrientes y ensayados); AGN DIE L2 C15 f.431r-444v,no,Gonzalo de Valencia,pago a indios: minas de Tarapacá,112,item,llevar agua y comida - personas,personas,4,4,4 personas,260,high,"table by modern author from AGN DIE L2 C15 (Trelles 1991 cap. IX); p=pesos, t=tomines (8 t = 1 peso), cantidades en pesos decimales"
A1.j,Cuentas de Gonzalo de Valencia ca. 1565: cargo y data de pesos de plata (corrientes y ensayados); AGN DIE L2 C15 f.431r-444v,no,Gonzalo de Valencia,pago a indios: minas de Tarapacá,113,item,llevar agua,pesos corrientes,6,6p,4 personas,260,high,"table by modern author from AGN DIE L2 C15 (Trelles 1991 cap. IX); p=pesos, t=tomines (8 t = 1 peso), cantidades en pesos decimales; totales impresos del Cuadro XVII (609 días, 91 personas) no cuadran con las filas (709, 96); importe 153p5t sí cuadra"
A1.j,Cuentas de Gonzalo de Valencia ca. 1565: cargo y data de pesos de plata (corrientes y ensayados); AGN DIE L2 C15 f.431r-444v,no,Gonzalo de Valencia,pago a indios: minas de Tarapacá,114,item,llevar agua - personas,personas,4,4,4 personas,260,high,"table by modern author from AGN DIE L2 C15 (Trelles 1991 cap. IX); p=pesos, t=tomines (8 t = 1 peso), cantidades en pesos decimales"
A1.j,Cuentas de Gonzalo de Valencia ca. 1565: cargo y data de pesos de plata (corrientes y ensayados); AGN DIE L2 C15 f.431r-444v,no,Gonzalo de Valencia,pago a indios: minas de Tarapacá,115,item,llevar manteca,pesos corrientes,1,1p,2 personas,260,high,"table by modern author from AGN DIE L2 C15 (Trelles 1991 cap. IX); p=pesos, t=tomines (8 t = 1 peso), cantidades en pesos decimales; totales impresos del Cuadro XVII (609 días, 91 personas) no cuadran con las filas (709, 96); importe 153p5t sí cuadra"
A1.j,Cuentas de Gonzalo de Valencia ca. 1565: cargo y data de pesos de plata (corrientes y ensayados); AGN DIE L2 C15 f.431r-444v,no,Gonzalo de Valencia,pago a indios: minas de Tarapacá,116,item,llevar manteca - personas,personas,2,2,2 personas,260,high,"table by modern author from AGN DIE L2 C15 (Trelles 1991 cap. IX); p=pesos, t=tomines (8 t = 1 peso), cantidades en pesos decimales"
A1.j,Cuentas de Gonzalo de Valencia ca. 1565: cargo y data de pesos de plata (corrientes y ensayados); AGN DIE L2 C15 f.431r-444v,no,Gonzalo de Valencia,pago a indios: minas de Tarapacá,117,item,llevar trigo,pesos corrientes,1,1p,8 días; 2 personas,260,high,"table by modern author from AGN DIE L2 C15 (Trelles 1991 cap. IX); p=pesos, t=tomines (8 t = 1 peso), cantidades en pesos decimales; totales impresos del Cuadro XVII (609 días, 91 personas) no cuadran con las filas (709, 96); importe 153p5t sí cuadra"
A1.j,Cuentas de Gonzalo de Valencia ca. 1565: cargo y data de pesos de plata (corrientes y ensayados); AGN DIE L2 C15 f.431r-444v,no,Gonzalo de Valencia,pago a indios: minas de Tarapacá,118,item,llevar trigo - personas,personas,2,2,8 días; 2 personas,260,high,"table by modern author from AGN DIE L2 C15 (Trelles 1991 cap. IX); p=pesos, t=tomines (8 t = 1 peso), cantidades en pesos decimales"
A1.j,Cuentas de Gonzalo de Valencia ca. 1565: cargo y data de pesos de plata (corrientes y ensayados); AGN DIE L2 C15 f.431r-444v,no,Gonzalo de Valencia,pago a indios: minas de Tarapacá,119,item,llevar trigo - tiempo,días,8,8,8 días; 2 personas,260,high,"table by modern author from AGN DIE L2 C15 (Trelles 1991 cap. IX); p=pesos, t=tomines (8 t = 1 peso), cantidades en pesos decimales"
A1.j,Cuentas de Gonzalo de Valencia ca. 1565: cargo y data de pesos de plata (corrientes y ensayados); AGN DIE L2 C15 f.431r-444v,no,Gonzalo de Valencia,pago a indios: minas de Tarapacá,120,item,llevar carnes y manteca,pesos corrientes,0.5,0p 4t,1 personas,260,high,"table by modern author from AGN DIE L2 C15 (Trelles 1991 cap. IX); p=pesos, t=tomines (8 t = 1 peso), cantidades en pesos decimales; totales impresos del Cuadro XVII (609 días, 91 personas) no cuadran con las filas (709, 96); importe 153p5t sí cuadra"
A1.j,Cuentas de Gonzalo de Valencia ca. 1565: cargo y data de pesos de plata (corrientes y ensayados); AGN DIE L2 C15 f.431r-444v,no,Gonzalo de Valencia,pago a indios: minas de Tarapacá,121,item,llevar carnes y manteca - personas,personas,1,1,1 personas,260,high,"table by modern author from AGN DIE L2 C15 (Trelles 1991 cap. IX); p=pesos, t=tomines (8 t = 1 peso), cantidades en pesos decimales"
A1.j,Cuentas de Gonzalo de Valencia ca. 1565: cargo y data de pesos de plata (corrientes y ensayados); AGN DIE L2 C15 f.431r-444v,no,Gonzalo de Valencia,pago a indios: minas de Tarapacá,122,item,arreglos de carpintería,pesos corrientes,9,9p,1 personas,260,high,"table by modern author from AGN DIE L2 C15 (Trelles 1991 cap. IX); p=pesos, t=tomines (8 t = 1 peso), cantidades en pesos decimales; totales impresos del Cuadro XVII (609 días, 91 personas) no cuadran con las filas (709, 96); importe 153p5t sí cuadra"
A1.j,Cuentas de Gonzalo de Valencia ca. 1565: cargo y data de pesos de plata (corrientes y ensayados); AGN DIE L2 C15 f.431r-444v,no,Gonzalo de Valencia,pago a indios: minas de Tarapacá,123,item,arreglos de carpintería - personas,personas,1,1,1 personas,260,high,"table by modern author from AGN DIE L2 C15 (Trelles 1991 cap. IX); p=pesos, t=tomines (8 t = 1 peso), cantidades en pesos decimales"
A1.j,Cuentas de Gonzalo de Valencia ca. 1565: cargo y data de pesos de plata (corrientes y ensayados); AGN DIE L2 C15 f.431r-444v,no,Gonzalo de Valencia,pago a indios: minas de Tarapacá,124,item,sonar la fragua,pesos corrientes,5,5p,60 días; 1 personas,260,high,"table by modern author from AGN DIE L2 C15 (Trelles 1991 cap. IX); p=pesos, t=tomines (8 t = 1 peso), cantidades en pesos decimales; totales impresos del Cuadro XVII (609 días, 91 personas) no cuadran con las filas (709, 96); importe 153p5t sí cuadra"
A1.j,Cuentas de Gonzalo de Valencia ca. 1565: cargo y data de pesos de plata (corrientes y ensayados); AGN DIE L2 C15 f.431r-444v,no,Gonzalo de Valencia,pago a indios: minas de Tarapacá,125,item,sonar la fragua - personas,personas,1,1,60 días; 1 personas,260,high,"table by modern author from AGN DIE L2 C15 (Trelles 1991 cap. IX); p=pesos, t=tomines (8 t = 1 peso), cantidades en pesos decimales"
A1.j,Cuentas de Gonzalo de Valencia ca. 1565: cargo y data de pesos de plata (corrientes y ensayados); AGN DIE L2 C15 f.431r-444v,no,Gonzalo de Valencia,pago a indios: minas de Tarapacá,126,item,sonar la fragua - tiempo,días,60,60,60 días; 1 personas,260,high,"table by modern author from AGN DIE L2 C15 (Trelles 1991 cap. IX); p=pesos, t=tomines (8 t = 1 peso), cantidades en pesos decimales"
A1.j,Cuentas de Gonzalo de Valencia ca. 1565: cargo y data de pesos de plata (corrientes y ensayados); AGN DIE L2 C15 f.431r-444v,no,Gonzalo de Valencia,pago a indios: minas de Tarapacá,127,item,sustituir a las mulas,pesos corrientes,5,5p,20 días; 1 personas,260,high,"table by modern author from AGN DIE L2 C15 (Trelles 1991 cap. IX); p=pesos, t=tomines (8 t = 1 peso), cantidades en pesos decimales; totales impresos del Cuadro XVII (609 días, 91 personas) no cuadran con las filas (709, 96); importe 153p5t sí cuadra"
A1.j,Cuentas de Gonzalo de Valencia ca. 1565: cargo y data de pesos de plata (corrientes y ensayados); AGN DIE L2 C15 f.431r-444v,no,Gonzalo de Valencia,pago a indios: minas de Tarapacá,128,item,sustituir a las mulas - personas,personas,1,1,20 días; 1 personas,260,high,"table by modern author from AGN DIE L2 C15 (Trelles 1991 cap. IX); p=pesos, t=tomines (8 t = 1 peso), cantidades en pesos decimales"
A1.j,Cuentas de Gonzalo de Valencia ca. 1565: cargo y data de pesos de plata (corrientes y ensayados); AGN DIE L2 C15 f.431r-444v,no,Gonzalo de Valencia,pago a indios: minas de Tarapacá,129,item,sustituir a las mulas - tiempo,días,20,20,20 días; 1 personas,260,high,"table by modern author from AGN DIE L2 C15 (Trelles 1991 cap. IX); p=pesos, t=tomines (8 t = 1 peso), cantidades en pesos decimales"
A1.j,Cuentas de Gonzalo de Valencia ca. 1565: cargo y data de pesos de plata (corrientes y ensayados); AGN DIE L2 C15 f.431r-444v,no,Gonzalo de Valencia,pago a indios: minas de Tarapacá,130,item,sustituir a las mulas,pesos corrientes,2.5,2p 4t,2 personas,260,high,"table by modern author from AGN DIE L2 C15 (Trelles 1991 cap. IX); p=pesos, t=tomines (8 t = 1 peso), cantidades en pesos decimales; totales impresos del Cuadro XVII (609 días, 91 personas) no cuadran con las filas (709, 96); importe 153p5t sí cuadra"
A1.j,Cuentas de Gonzalo de Valencia ca. 1565: cargo y data de pesos de plata (corrientes y ensayados); AGN DIE L2 C15 f.431r-444v,no,Gonzalo de Valencia,pago a indios: minas de Tarapacá,131,item,sustituir a las mulas - personas,personas,2,2,2 personas,260,high,"table by modern author from AGN DIE L2 C15 (Trelles 1991 cap. IX); p=pesos, t=tomines (8 t = 1 peso), cantidades en pesos decimales"
A1.j,Cuentas de Gonzalo de Valencia ca. 1565: cargo y data de pesos de plata (corrientes y ensayados); AGN DIE L2 C15 f.431r-444v,no,Gonzalo de Valencia,pago a indios: minas de Tarapacá,132,item,servicio general,pesos corrientes,5,5p,120 días; 1 personas,260,high,"table by modern author from AGN DIE L2 C15 (Trelles 1991 cap. IX); p=pesos, t=tomines (8 t = 1 peso), cantidades en pesos decimales; totales impresos del Cuadro XVII (609 días, 91 personas) no cuadran con las filas (709, 96); importe 153p5t sí cuadra"
A1.j,Cuentas de Gonzalo de Valencia ca. 1565: cargo y data de pesos de plata (corrientes y ensayados); AGN DIE L2 C15 f.431r-444v,no,Gonzalo de Valencia,pago a indios: minas de Tarapacá,133,item,servicio general - personas,personas,1,1,120 días; 1 personas,260,high,"table by modern author from AGN DIE L2 C15 (Trelles 1991 cap. IX); p=pesos, t=tomines (8 t = 1 peso), cantidades en pesos decimales"
A1.j,Cuentas de Gonzalo de Valencia ca. 1565: cargo y data de pesos de plata (corrientes y ensayados); AGN DIE L2 C15 f.431r-444v,no,Gonzalo de Valencia,pago a indios: minas de Tarapacá,134,item,servicio general - tiempo,días,120,120,120 días; 1 personas,260,high,"table by modern author from AGN DIE L2 C15 (Trelles 1991 cap. IX); p=pesos, t=tomines (8 t = 1 peso), cantidades en pesos decimales"
A1.j,Cuentas de Gonzalo de Valencia ca. 1565: cargo y data de pesos de plata (corrientes y ensayados); AGN DIE L2 C15 f.431r-444v,no,Gonzalo de Valencia,pago a indios: minas de Tarapacá,135,item,servicio general,pesos corrientes,4,4p,45 días; 1 personas,260,high,"table by modern author from AGN DIE L2 C15 (Trelles 1991 cap. IX); p=pesos, t=tomines (8 t = 1 peso), cantidades en pesos decimales; totales impresos del Cuadro XVII (609 días, 91 personas) no cuadran con las filas (709, 96); importe 153p5t sí cuadra"
A1.j,Cuentas de Gonzalo de Valencia ca. 1565: cargo y data de pesos de plata (corrientes y ensayados); AGN DIE L2 C15 f.431r-444v,no,Gonzalo de Valencia,pago a indios: minas de Tarapacá,136,item,servicio general - personas,personas,1,1,45 días; 1 personas,260,high,"table by modern author from AGN DIE L2 C15 (Trelles 1991 cap. IX); p=pesos, t=tomines (8 t = 1 peso), cantidades en pesos decimales"
A1.j,Cuentas de Gonzalo de Valencia ca. 1565: cargo y data de pesos de plata (corrientes y ensayados); AGN DIE L2 C15 f.431r-444v,no,Gonzalo de Valencia,pago a indios: minas de Tarapacá,137,item,servicio general - tiempo,días,45,45,45 días; 1 personas,260,high,"table by modern author from AGN DIE L2 C15 (Trelles 1991 cap. IX); p=pesos, t=tomines (8 t = 1 peso), cantidades en pesos decimales"
A1.j,Cuentas de Gonzalo de Valencia ca. 1565: cargo y data de pesos de plata (corrientes y ensayados); AGN DIE L2 C15 f.431r-444v,no,Gonzalo de Valencia,pago a indios: minas de Tarapacá,138,item,servicio general,pesos corrientes,3.5,3p 4t,30 días; 1 personas,260,high,"table by modern author from AGN DIE L2 C15 (Trelles 1991 cap. IX); p=pesos, t=tomines (8 t = 1 peso), cantidades en pesos decimales; totales impresos del Cuadro XVII (609 días, 91 personas) no cuadran con las filas (709, 96); importe 153p5t sí cuadra"
A1.j,Cuentas de Gonzalo de Valencia ca. 1565: cargo y data de pesos de plata (corrientes y ensayados); AGN DIE L2 C15 f.431r-444v,no,Gonzalo de Valencia,pago a indios: minas de Tarapacá,139,item,servicio general - personas,personas,1,1,30 días; 1 personas,260,high,"table by modern author from AGN DIE L2 C15 (Trelles 1991 cap. IX); p=pesos, t=tomines (8 t = 1 peso), cantidades en pesos decimales"
A1.j,Cuentas de Gonzalo de Valencia ca. 1565: cargo y data de pesos de plata (corrientes y ensayados); AGN DIE L2 C15 f.431r-444v,no,Gonzalo de Valencia,pago a indios: minas de Tarapacá,140,item,servicio general - tiempo,días,30,30,30 días; 1 personas,260,high,"table by modern author from AGN DIE L2 C15 (Trelles 1991 cap. IX); p=pesos, t=tomines (8 t = 1 peso), cantidades en pesos decimales"
A1.j,Cuentas de Gonzalo de Valencia ca. 1565: cargo y data de pesos de plata (corrientes y ensayados); AGN DIE L2 C15 f.431r-444v,no,Gonzalo de Valencia,pago a indios: minas de Tarapacá,141,item,servicio general,pesos corrientes,1.5,1p 4t,30 días; 1 personas,260,high,"table by modern author from AGN DIE L2 C15 (Trelles 1991 cap. IX); p=pesos, t=tomines (8 t = 1 peso), cantidades en pesos decimales; totales impresos del Cuadro XVII (609 días, 91 personas) no cuadran con las filas (709, 96); importe 153p5t sí cuadra"
A1.j,Cuentas de Gonzalo de Valencia ca. 1565: cargo y data de pesos de plata (corrientes y ensayados); AGN DIE L2 C15 f.431r-444v,no,Gonzalo de Valencia,pago a indios: minas de Tarapacá,142,item,servicio general - personas,personas,1,1,30 días; 1 personas,260,high,"table by modern author from AGN DIE L2 C15 (Trelles 1991 cap. IX); p=pesos, t=tomines (8 t = 1 peso), cantidades en pesos decimales"
A1.j,Cuentas de Gonzalo de Valencia ca. 1565: cargo y data de pesos de plata (corrientes y ensayados); AGN DIE L2 C15 f.431r-444v,no,Gonzalo de Valencia,pago a indios: minas de Tarapacá,143,item,servicio general - tiempo,días,30,30,30 días; 1 personas,260,high,"table by modern author from AGN DIE L2 C15 (Trelles 1991 cap. IX); p=pesos, t=tomines (8 t = 1 peso), cantidades en pesos decimales"
A1.j,Cuentas de Gonzalo de Valencia ca. 1565: cargo y data de pesos de plata (corrientes y ensayados); AGN DIE L2 C15 f.431r-444v,no,Gonzalo de Valencia,pago a indios: minas de Tarapacá,144,item,servicio general,pesos corrientes,1.5,1p 4t,10 días; 1 personas,260,high,"table by modern author from AGN DIE L2 C15 (Trelles 1991 cap. IX); p=pesos, t=tomines (8 t = 1 peso), cantidades en pesos decimales; totales impresos del Cuadro XVII (609 días, 91 personas) no cuadran con las filas (709, 96); importe 153p5t sí cuadra"
A1.j,Cuentas de Gonzalo de Valencia ca. 1565: cargo y data de pesos de plata (corrientes y ensayados); AGN DIE L2 C15 f.431r-444v,no,Gonzalo de Valencia,pago a indios: minas de Tarapacá,145,item,servicio general - personas,personas,1,1,10 días; 1 personas,260,high,"table by modern author from AGN DIE L2 C15 (Trelles 1991 cap. IX); p=pesos, t=tomines (8 t = 1 peso), cantidades en pesos decimales"
A1.j,Cuentas de Gonzalo de Valencia ca. 1565: cargo y data de pesos de plata (corrientes y ensayados); AGN DIE L2 C15 f.431r-444v,no,Gonzalo de Valencia,pago a indios: minas de Tarapacá,146,item,servicio general - tiempo,días,10,10,10 días; 1 personas,260,high,"table by modern author from AGN DIE L2 C15 (Trelles 1991 cap. IX); p=pesos, t=tomines (8 t = 1 peso), cantidades en pesos decimales"
A1.j,Cuentas de Gonzalo de Valencia ca. 1565: cargo y data de pesos de plata (corrientes y ensayados); AGN DIE L2 C15 f.431r-444v,no,Gonzalo de Valencia,pago a indios: minas de Tarapacá,147,item,servicio general,pesos corrientes,1.5,1p 4t,16 días; 1 personas,260,high,"table by modern author from AGN DIE L2 C15 (Trelles 1991 cap. IX); p=pesos, t=tomines (8 t = 1 peso), cantidades en pesos decimales; totales impresos del Cuadro XVII (609 días, 91 personas) no cuadran con las filas (709, 96); importe 153p5t sí cuadra"
A1.j,Cuentas de Gonzalo de Valencia ca. 1565: cargo y data de pesos de plata (corrientes y ensayados); AGN DIE L2 C15 f.431r-444v,no,Gonzalo de Valencia,pago a indios: minas de Tarapacá,148,item,servicio general - personas,personas,1,1,16 días; 1 personas,260,high,"table by modern author from AGN DIE L2 C15 (Trelles 1991 cap. IX); p=pesos, t=tomines (8 t = 1 peso), cantidades en pesos decimales"
A1.j,Cuentas de Gonzalo de Valencia ca. 1565: cargo y data de pesos de plata (corrientes y ensayados); AGN DIE L2 C15 f.431r-444v,no,Gonzalo de Valencia,pago a indios: minas de Tarapacá,149,item,servicio general - tiempo,días,16,16,16 días; 1 personas,260,high,"table by modern author from AGN DIE L2 C15 (Trelles 1991 cap. IX); p=pesos, t=tomines (8 t = 1 peso), cantidades en pesos decimales"
A1.j,Cuentas de Gonzalo de Valencia ca. 1565: cargo y data de pesos de plata (corrientes y ensayados); AGN DIE L2 C15 f.431r-444v,no,Gonzalo de Valencia,pago a indios: minas de Tarapacá,150,item,servicio general,pesos corrientes,1,1p,20 días; 1 personas,260,high,"table by modern author from AGN DIE L2 C15 (Trelles 1991 cap. IX); p=pesos, t=tomines (8 t = 1 peso), cantidades en pesos decimales; totales impresos del Cuadro XVII (609 días, 91 personas) no cuadran con las filas (709, 96); importe 153p5t sí cuadra"
A1.j,Cuentas de Gonzalo de Valencia ca. 1565: cargo y data de pesos de plata (corrientes y ensayados); AGN DIE L2 C15 f.431r-444v,no,Gonzalo de Valencia,pago a indios: minas de Tarapacá,151,item,servicio general - personas,personas,1,1,20 días; 1 personas,260,high,"table by modern author from AGN DIE L2 C15 (Trelles 1991 cap. IX); p=pesos, t=tomines (8 t = 1 peso), cantidades en pesos decimales"
A1.j,Cuentas de Gonzalo de Valencia ca. 1565: cargo y data de pesos de plata (corrientes y ensayados); AGN DIE L2 C15 f.431r-444v,no,Gonzalo de Valencia,pago a indios: minas de Tarapacá,152,item,servicio general - tiempo,días,20,20,20 días; 1 personas,260,high,"table by modern author from AGN DIE L2 C15 (Trelles 1991 cap. IX); p=pesos, t=tomines (8 t = 1 peso), cantidades en pesos decimales"
A1.j,Cuentas de Gonzalo de Valencia ca. 1565: cargo y data de pesos de plata (corrientes y ensayados); AGN DIE L2 C15 f.431r-444v,no,Gonzalo de Valencia,pago a indios: minas de Tarapacá,153,item,servicio general,pesos corrientes,1,1p,20 días; 1 personas,260,high,"table by modern author from AGN DIE L2 C15 (Trelles 1991 cap. IX); p=pesos, t=tomines (8 t = 1 peso), cantidades en pesos decimales; totales impresos del Cuadro XVII (609 días, 91 personas) no cuadran con las filas (709, 96); importe 153p5t sí cuadra"
A1.j,Cuentas de Gonzalo de Valencia ca. 1565: cargo y data de pesos de plata (corrientes y ensayados); AGN DIE L2 C15 f.431r-444v,no,Gonzalo de Valencia,pago a indios: minas de Tarapacá,154,item,servicio general - personas,personas,1,1,20 días; 1 personas,260,high,"table by modern author from AGN DIE L2 C15 (Trelles 1991 cap. IX); p=pesos, t=tomines (8 t = 1 peso), cantidades en pesos decimales"
A1.j,Cuentas de Gonzalo de Valencia ca. 1565: cargo y data de pesos de plata (corrientes y ensayados); AGN DIE L2 C15 f.431r-444v,no,Gonzalo de Valencia,pago a indios: minas de Tarapacá,155,item,servicio general - tiempo,días,20,20,20 días; 1 personas,260,high,"table by modern author from AGN DIE L2 C15 (Trelles 1991 cap. IX); p=pesos, t=tomines (8 t = 1 peso), cantidades en pesos decimales"
A1.j,Cuentas de Gonzalo de Valencia ca. 1565: cargo y data de pesos de plata (corrientes y ensayados); AGN DIE L2 C15 f.431r-444v,no,Gonzalo de Valencia,pago a indios: minas de Tarapacá,156,item,servicio general,pesos corrientes,0.625,0p 5t,10 días; 1 personas,260,high,"table by modern author from AGN DIE L2 C15 (Trelles 1991 cap. IX); p=pesos, t=tomines (8 t = 1 peso), cantidades en pesos decimales; totales impresos del Cuadro XVII (609 días, 91 personas) no cuadran con las filas (709, 96); importe 153p5t sí cuadra"
A1.j,Cuentas de Gonzalo de Valencia ca. 1565: cargo y data de pesos de plata (corrientes y ensayados); AGN DIE L2 C15 f.431r-444v,no,Gonzalo de Valencia,pago a indios: minas de Tarapacá,157,item,servicio general - personas,personas,1,1,10 días; 1 personas,260,high,"table by modern author from AGN DIE L2 C15 (Trelles 1991 cap. IX); p=pesos, t=tomines (8 t = 1 peso), cantidades en pesos decimales"
A1.j,Cuentas de Gonzalo de Valencia ca. 1565: cargo y data de pesos de plata (corrientes y ensayados); AGN DIE L2 C15 f.431r-444v,no,Gonzalo de Valencia,pago a indios: minas de Tarapacá,158,item,servicio general - tiempo,días,10,10,10 días; 1 personas,260,high,"table by modern author from AGN DIE L2 C15 (Trelles 1991 cap. IX); p=pesos, t=tomines (8 t = 1 peso), cantidades en pesos decimales"
A1.j,Cuentas de Gonzalo de Valencia ca. 1565: cargo y data de pesos de plata (corrientes y ensayados); AGN DIE L2 C15 f.431r-444v,no,Gonzalo de Valencia,pago a indios: minas de Tarapacá,159,item,hacer carbón,pesos corrientes,8.75,8p 6t,8 personas,260,high,"table by modern author from AGN DIE L2 C15 (Trelles 1991 cap. IX); p=pesos, t=tomines (8 t = 1 peso), cantidades en pesos decimales; totales impresos del Cuadro XVII (609 días, 91 personas) no cuadran con las filas (709, 96); importe 153p5t sí cuadra"
A1.j,Cuentas de Gonzalo de Valencia ca. 1565: cargo y data de pesos de plata (corrientes y ensayados); AGN DIE L2 C15 f.431r-444v,no,Gonzalo de Valencia,pago a indios: minas de Tarapacá,160,item,hacer carbón - personas,personas,8,8,8 personas,260,high,"table by modern author from AGN DIE L2 C15 (Trelles 1991 cap. IX); p=pesos, t=tomines (8 t = 1 peso), cantidades en pesos decimales"
A1.j,Cuentas de Gonzalo de Valencia ca. 1565: cargo y data de pesos de plata (corrientes y ensayados); AGN DIE L2 C15 f.431r-444v,no,Gonzalo de Valencia,pago a indios: minas de Tarapacá,161,item,hacer carbón,pesos corrientes,1.25,1p 2t,110 días; 1 personas,260,high,"table by modern author from AGN DIE L2 C15 (Trelles 1991 cap. IX); p=pesos, t=tomines (8 t = 1 peso), cantidades en pesos decimales; totales impresos del Cuadro XVII (609 días, 91 personas) no cuadran con las filas (709, 96); importe 153p5t sí cuadra"
A1.j,Cuentas de Gonzalo de Valencia ca. 1565: cargo y data de pesos de plata (corrientes y ensayados); AGN DIE L2 C15 f.431r-444v,no,Gonzalo de Valencia,pago a indios: minas de Tarapacá,162,item,hacer carbón - personas,personas,1,1,110 días; 1 personas,260,high,"table by modern author from AGN DIE L2 C15 (Trelles 1991 cap. IX); p=pesos, t=tomines (8 t = 1 peso), cantidades en pesos decimales"
A1.j,Cuentas de Gonzalo de Valencia ca. 1565: cargo y data de pesos de plata (corrientes y ensayados); AGN DIE L2 C15 f.431r-444v,no,Gonzalo de Valencia,pago a indios: minas de Tarapacá,163,item,hacer carbón - tiempo,días,110,110,110 días; 1 personas,260,high,"table by modern author from AGN DIE L2 C15 (Trelles 1991 cap. IX); p=pesos, t=tomines (8 t = 1 peso), cantidades en pesos decimales"
A1.j,Cuentas de Gonzalo de Valencia ca. 1565: cargo y data de pesos de plata (corrientes y ensayados); AGN DIE L2 C15 f.431r-444v,no,Gonzalo de Valencia,pago a indios: minas de Tarapacá,164,item,hacer carbón,pesos corrientes,1,1p,1 personas,260,high,"table by modern author from AGN DIE L2 C15 (Trelles 1991 cap. IX); p=pesos, t=tomines (8 t = 1 peso), cantidades en pesos decimales; totales impresos del Cuadro XVII (609 días, 91 personas) no cuadran con las filas (709, 96); importe 153p5t sí cuadra"
A1.j,Cuentas de Gonzalo de Valencia ca. 1565: cargo y data de pesos de plata (corrientes y ensayados); AGN DIE L2 C15 f.431r-444v,no,Gonzalo de Valencia,pago a indios: minas de Tarapacá,165,item,hacer carbón - personas,personas,1,1,1 personas,260,high,"table by modern author from AGN DIE L2 C15 (Trelles 1991 cap. IX); p=pesos, t=tomines (8 t = 1 peso), cantidades en pesos decimales"
A1.j,Cuentas de Gonzalo de Valencia ca. 1565: cargo y data de pesos de plata (corrientes y ensayados); AGN DIE L2 C15 f.431r-444v,no,Gonzalo de Valencia,pago a indios: minas de Tarapacá,166,item,hacer carbón,pesos corrientes,0.75,0p 6t,8 personas,260,high,"table by modern author from AGN DIE L2 C15 (Trelles 1991 cap. IX); p=pesos, t=tomines (8 t = 1 peso), cantidades en pesos decimales; totales impresos del Cuadro XVII (609 días, 91 personas) no cuadran con las filas (709, 96); importe 153p5t sí cuadra"
A1.j,Cuentas de Gonzalo de Valencia ca. 1565: cargo y data de pesos de plata (corrientes y ensayados); AGN DIE L2 C15 f.431r-444v,no,Gonzalo de Valencia,pago a indios: minas de Tarapacá,167,item,hacer carbón - personas,personas,8,8,8 personas,260,high,"table by modern author from AGN DIE L2 C15 (Trelles 1991 cap. IX); p=pesos, t=tomines (8 t = 1 peso), cantidades en pesos decimales"
A1.j,Cuentas de Gonzalo de Valencia ca. 1565: cargo y data de pesos de plata (corrientes y ensayados); AGN DIE L2 C15 f.431r-444v,no,Gonzalo de Valencia,pago a indios: minas de Tarapacá,168,item,arrear el hato al mar,pesos corrientes,1.25,1p 2t,1 personas,260,high,"table by modern author from AGN DIE L2 C15 (Trelles 1991 cap. IX); p=pesos, t=tomines (8 t = 1 peso), cantidades en pesos decimales; totales impresos del Cuadro XVII (609 días, 91 personas) no cuadran con las filas (709, 96); importe 153p5t sí cuadra"
A1.j,Cuentas de Gonzalo de Valencia ca. 1565: cargo y data de pesos de plata (corrientes y ensayados); AGN DIE L2 C15 f.431r-444v,no,Gonzalo de Valencia,pago a indios: minas de Tarapacá,169,item,arrear el hato al mar - personas,personas,1,1,1 personas,260,high,"table by modern author from AGN DIE L2 C15 (Trelles 1991 cap. IX); p=pesos, t=tomines (8 t = 1 peso), cantidades en pesos decimales"
A1.j,Cuentas de Gonzalo de Valencia ca. 1565: cargo y data de pesos de plata (corrientes y ensayados); AGN DIE L2 C15 f.431r-444v,no,Gonzalo de Valencia,pago a indios: minas de Tarapacá,170,item,arrear mulas a las minas,pesos corrientes,0.5,0p 4t,1 personas,260,high,"table by modern author from AGN DIE L2 C15 (Trelles 1991 cap. IX); p=pesos, t=tomines (8 t = 1 peso), cantidades en pesos decimales; totales impresos del Cuadro XVII (609 días, 91 personas) no cuadran con las filas (709, 96); importe 153p5t sí cuadra"
A1.j,Cuentas de Gonzalo de Valencia ca. 1565: cargo y data de pesos de plata (corrientes y ensayados); AGN DIE L2 C15 f.431r-444v,no,Gonzalo de Valencia,pago a indios: minas de Tarapacá,171,item,arrear mulas a las minas - personas,personas,1,1,1 personas,260,high,"table by modern author from AGN DIE L2 C15 (Trelles 1991 cap. IX); p=pesos, t=tomines (8 t = 1 peso), cantidades en pesos decimales"
A1.j,Cuentas de Gonzalo de Valencia ca. 1565: cargo y data de pesos de plata (corrientes y ensayados); AGN DIE L2 C15 f.431r-444v,no,Gonzalo de Valencia,pago a indios: minas de Tarapacá,172,item,ir al mar,pesos corrientes,0.5,0p 4t,1 personas,260,high,"table by modern author from AGN DIE L2 C15 (Trelles 1991 cap. IX); p=pesos, t=tomines (8 t = 1 peso), cantidades en pesos decimales; totales impresos del Cuadro XVII (609 días, 91 personas) no cuadran con las filas (709, 96); importe 153p5t sí cuadra"
A1.j,Cuentas de Gonzalo de Valencia ca. 1565: cargo y data de pesos de plata (corrientes y ensayados); AGN DIE L2 C15 f.431r-444v,no,Gonzalo de Valencia,pago a indios: minas de Tarapacá,173,item,ir al mar - personas,personas,1,1,1 personas,260,high,"table by modern author from AGN DIE L2 C15 (Trelles 1991 cap. IX); p=pesos, t=tomines (8 t = 1 peso), cantidades en pesos decimales"
A1.j,Cuentas de Gonzalo de Valencia ca. 1565: cargo y data de pesos de plata (corrientes y ensayados); AGN DIE L2 C15 f.431r-444v,no,Gonzalo de Valencia,pago a indios: servicios en Arica,174,item,acarreo a Tarapacá y/o Arica(-quipa),pesos corrientes,54,54p,,262,high,"table by modern author from AGN DIE L2 C15 (Trelles 1991 cap. IX); p=pesos, t=tomines (8 t = 1 peso), cantidades en pesos decimales"
A1.j,Cuentas de Gonzalo de Valencia ca. 1565: cargo y data de pesos de plata (corrientes y ensayados); AGN DIE L2 C15 f.431r-444v,no,Gonzalo de Valencia,pago a indios: servicios en Arica,175,item,mita de tambo de Arica,pesos corrientes,42,42p,180 días; 6 personas,262,high,"table by modern author from AGN DIE L2 C15 (Trelles 1991 cap. IX); p=pesos, t=tomines (8 t = 1 peso), cantidades en pesos decimales"
A1.j,Cuentas de Gonzalo de Valencia ca. 1565: cargo y data de pesos de plata (corrientes y ensayados); AGN DIE L2 C15 f.431r-444v,no,Gonzalo de Valencia,pago a indios: servicios en Arica,176,item,mita de tambo de Arica - personas,personas,6,6,180 días; 6 personas,262,high,"table by modern author from AGN DIE L2 C15 (Trelles 1991 cap. IX); p=pesos, t=tomines (8 t = 1 peso), cantidades en pesos decimales"
A1.j,Cuentas de Gonzalo de Valencia ca. 1565: cargo y data de pesos de plata (corrientes y ensayados); AGN DIE L2 C15 f.431r-444v,no,Gonzalo de Valencia,pago a indios: servicios en Arica,177,item,mita de tambo de Arica - tiempo,días,180,180,180 días; 6 personas,262,high,"table by modern author from AGN DIE L2 C15 (Trelles 1991 cap. IX); p=pesos, t=tomines (8 t = 1 peso), cantidades en pesos decimales"
A1.j,Cuentas de Gonzalo de Valencia ca. 1565: cargo y data de pesos de plata (corrientes y ensayados); AGN DIE L2 C15 f.431r-444v,no,Gonzalo de Valencia,pago a indios: servicios en Arica,178,item,construcción de ramada (atarazana) para la cordonería,pesos corrientes,19.5,19p 4t,,262,high,"table by modern author from AGN DIE L2 C15 (Trelles 1991 cap. IX); p=pesos, t=tomines (8 t = 1 peso), cantidades en pesos decimales"
A1.j,Cuentas de Gonzalo de Valencia ca. 1565: cargo y data de pesos de plata (corrientes y ensayados); AGN DIE L2 C15 f.431r-444v,no,Gonzalo de Valencia,pago a indios: servicios en Arica,179,item,acarreo a Arica (brea),pesos corrientes,2,2p,4 personas,262,high,"table by modern author from AGN DIE L2 C15 (Trelles 1991 cap. IX); p=pesos, t=tomines (8 t = 1 peso), cantidades en pesos decimales"
A1.j,Cuentas de Gonzalo de Valencia ca. 1565: cargo y data de pesos de plata (corrientes y ensayados); AGN DIE L2 C15 f.431r-444v,no,Gonzalo de Valencia,pago a indios: servicios en Arica,180,item,acarreo a Arica (brea) - personas,personas,4,4,4 personas,262,high,"table by modern author from AGN DIE L2 C15 (Trelles 1991 cap. IX); p=pesos, t=tomines (8 t = 1 peso), cantidades en pesos decimales"
A1.j,Cuentas de Gonzalo de Valencia ca. 1565: cargo y data de pesos de plata (corrientes y ensayados); AGN DIE L2 C15 f.431r-444v,no,Gonzalo de Valencia,pago a indios: arrieros,181,item,ir a Potosí a entregar carneros,pesos corrientes,60,60p,6 personas,263,high,"table by modern author from AGN DIE L2 C15 (Trelles 1991 cap. IX); p=pesos, t=tomines (8 t = 1 peso), cantidades en pesos decimales"
A1.j,Cuentas de Gonzalo de Valencia ca. 1565: cargo y data de pesos de plata (corrientes y ensayados); AGN DIE L2 C15 f.431r-444v,no,Gonzalo de Valencia,pago a indios: arrieros,182,item,ir a Potosí a entregar carneros - personas,personas,6,6,6 personas,263,high,"table by modern author from AGN DIE L2 C15 (Trelles 1991 cap. IX); p=pesos, t=tomines (8 t = 1 peso), cantidades en pesos decimales"
A1.j,Cuentas de Gonzalo de Valencia ca. 1565: cargo y data de pesos de plata (corrientes y ensayados); AGN DIE L2 C15 f.431r-444v,no,Gonzalo de Valencia,pago a indios: arrieros,183,item,ir a Tacahui,pesos corrientes,4,4p,4 personas,263,high,"table by modern author from AGN DIE L2 C15 (Trelles 1991 cap. IX); p=pesos, t=tomines (8 t = 1 peso), cantidades en pesos decimales"
A1.j,Cuentas de Gonzalo de Valencia ca. 1565: cargo y data de pesos de plata (corrientes y ensayados); AGN DIE L2 C15 f.431r-444v,no,Gonzalo de Valencia,pago a indios: arrieros,184,item,ir a Tacahui - personas,personas,4,4,4 personas,263,high,"table by modern author from AGN DIE L2 C15 (Trelles 1991 cap. IX); p=pesos, t=tomines (8 t = 1 peso), cantidades en pesos decimales"
A1.j,Cuentas de Gonzalo de Valencia ca. 1565: cargo y data de pesos de plata (corrientes y ensayados); AGN DIE L2 C15 f.431r-444v,no,Gonzalo de Valencia,pago a indios: arrieros,185,item,arrear burros a Arica,pesos corrientes,2,2p,4 personas,263,high,"table by modern author from AGN DIE L2 C15 (Trelles 1991 cap. IX); p=pesos, t=tomines (8 t = 1 peso), cantidades en pesos decimales"
A1.j,Cuentas de Gonzalo de Valencia ca. 1565: cargo y data de pesos de plata (corrientes y ensayados); AGN DIE L2 C15 f.431r-444v,no,Gonzalo de Valencia,pago a indios: arrieros,186,item,arrear burros a Arica - personas,personas,4,4,4 personas,263,high,"table by modern author from AGN DIE L2 C15 (Trelles 1991 cap. IX); p=pesos, t=tomines (8 t = 1 peso), cantidades en pesos decimales"
A1.j,Cuentas de Gonzalo de Valencia ca. 1565: cargo y data de pesos de plata (corrientes y ensayados); AGN DIE L2 C15 f.431r-444v,no,Gonzalo de Valencia,pago a indios: arrieros,187,item,ir al mar con hato,pesos corrientes,1.5,1p 4t,,263,high,"table by modern author from AGN DIE L2 C15 (Trelles 1991 cap. IX); p=pesos, t=tomines (8 t = 1 peso), cantidades en pesos decimales"
A1.j,Cuentas de Gonzalo de Valencia ca. 1565: cargo y data de pesos de plata (corrientes y ensayados); AGN DIE L2 C15 f.431r-444v,no,Gonzalo de Valencia,pago a indios: arrieros,188,item,juntar los indios que irían a Potosí,pesos corrientes,1,1p,1 personas,263,high,"table by modern author from AGN DIE L2 C15 (Trelles 1991 cap. IX); p=pesos, t=tomines (8 t = 1 peso), cantidades en pesos decimales"
A1.j,Cuentas de Gonzalo de Valencia ca. 1565: cargo y data de pesos de plata (corrientes y ensayados); AGN DIE L2 C15 f.431r-444v,no,Gonzalo de Valencia,pago a indios: arrieros,189,item,juntar los indios que irían a Potosí - personas,personas,1,1,1 personas,263,high,"table by modern author from AGN DIE L2 C15 (Trelles 1991 cap. IX); p=pesos, t=tomines (8 t = 1 peso), cantidades en pesos decimales"
A1.j,Cuentas de Gonzalo de Valencia ca. 1565: cargo y data de pesos de plata (corrientes y ensayados); AGN DIE L2 C15 f.431r-444v,no,Gonzalo de Valencia,pago a indios: molino de Guaylacana (valle de Lluta),190,item,servicio en molino,pesos corrientes,24,24p,750 días; 1 personas,264,high,"table by modern author from AGN DIE L2 C15 (Trelles 1991 cap. IX); p=pesos, t=tomines (8 t = 1 peso), cantidades en pesos decimales"
A1.j,Cuentas de Gonzalo de Valencia ca. 1565: cargo y data de pesos de plata (corrientes y ensayados); AGN DIE L2 C15 f.431r-444v,no,Gonzalo de Valencia,pago a indios: molino de Guaylacana (valle de Lluta),191,item,servicio en molino - personas,personas,1,1,750 días; 1 personas,264,high,"table by modern author from AGN DIE L2 C15 (Trelles 1991 cap. IX); p=pesos, t=tomines (8 t = 1 peso), cantidades en pesos decimales"
A1.j,Cuentas de Gonzalo de Valencia ca. 1565: cargo y data de pesos de plata (corrientes y ensayados); AGN DIE L2 C15 f.431r-444v,no,Gonzalo de Valencia,pago a indios: molino de Guaylacana (valle de Lluta),192,item,servicio en molino - tiempo,días,750,750,750 días; 1 personas,264,high,"table by modern author from AGN DIE L2 C15 (Trelles 1991 cap. IX); p=pesos, t=tomines (8 t = 1 peso), cantidades en pesos decimales"
A1.j,Cuentas de Gonzalo de Valencia ca. 1565: cargo y data de pesos de plata (corrientes y ensayados); AGN DIE L2 C15 f.431r-444v,no,Gonzalo de Valencia,pago a indios: molino de Guaylacana (valle de Lluta),193,item,carpintería,pesos corrientes,12,12p,1 personas,264,high,"table by modern author from AGN DIE L2 C15 (Trelles 1991 cap. IX); p=pesos, t=tomines (8 t = 1 peso), cantidades en pesos decimales"
A1.j,Cuentas de Gonzalo de Valencia ca. 1565: cargo y data de pesos de plata (corrientes y ensayados); AGN DIE L2 C15 f.431r-444v,no,Gonzalo de Valencia,pago a indios: molino de Guaylacana (valle de Lluta),194,item,carpintería - personas,personas,1,1,1 personas,264,high,"table by modern author from AGN DIE L2 C15 (Trelles 1991 cap. IX); p=pesos, t=tomines (8 t = 1 peso), cantidades en pesos decimales"
A1.j,Cuentas de Gonzalo de Valencia ca. 1565: cargo y data de pesos de plata (corrientes y ensayados); AGN DIE L2 C15 f.431r-444v,no,Gonzalo de Valencia,pago a indios: molino de Guaylacana (valle de Lluta),195,item,servicio en molino,pesos corrientes,2,2p,30 días; 1 personas,264,high,"table by modern author from AGN DIE L2 C15 (Trelles 1991 cap. IX); p=pesos, t=tomines (8 t = 1 peso), cantidades en pesos decimales"
A1.j,Cuentas de Gonzalo de Valencia ca. 1565: cargo y data de pesos de plata (corrientes y ensayados); AGN DIE L2 C15 f.431r-444v,no,Gonzalo de Valencia,pago a indios: molino de Guaylacana (valle de Lluta),196,item,servicio en molino - personas,personas,1,1,30 días; 1 personas,264,high,"table by modern author from AGN DIE L2 C15 (Trelles 1991 cap. IX); p=pesos, t=tomines (8 t = 1 peso), cantidades en pesos decimales"
A1.j,Cuentas de Gonzalo de Valencia ca. 1565: cargo y data de pesos de plata (corrientes y ensayados); AGN DIE L2 C15 f.431r-444v,no,Gonzalo de Valencia,pago a indios: molino de Guaylacana (valle de Lluta),197,item,servicio en molino - tiempo,días,30,30,30 días; 1 personas,264,high,"table by modern author from AGN DIE L2 C15 (Trelles 1991 cap. IX); p=pesos, t=tomines (8 t = 1 peso), cantidades en pesos decimales"
A1.k,"Declaración de quipus hecha por los curacas de Arica, presentada por Gonzalo de Valencia como prueba en sus cuentas (ca. 1565-1570); AGN DIE L2 C15 f.421r",yes,curacas de Arica (declaración de quipus),ropa del tributo de Arica,1,item,ropa entregada a Valencia,piezas,0,(no entregada),la tasa de 1550 pedía 60 piezas anuales; Valencia no se hace cargo de ropa de Arica y se remite a la declaración de quipus,199,medium,Trelles n.16: solo se refiere el contenido (ninguna ropa recibida); no transcribe el quipu ni otras cifras. Trelles duda si la ropa se entregó a otra persona acreditada por Lucas
A1.k,"Declaración de quipus hecha por los curacas de Arica, presentada por Gonzalo de Valencia como prueba en sus cuentas (ca. 1565-1570); AGN DIE L2 C15 f.421r",yes,curacas de Arica (declaración de quipus),ropa del tributo de Arica,2,item,ropa de tasa (referencia),piezas,60,60,tasa anual de ropa de Arica 1550 contra la que se declara,190,high,referencia cruzada a A1.f; incluida para fijar el contexto de la cifra 0
A1.l,"Declaración jurada de los caciques del repartimiento de Tarapacá que 'visto y examinado e recorrido sus quipus' de lo dado a Gonzalo de Valencia de la tasa, juicio contra Valencia 1570-71; AGN DIE L2 C15 f.368r-370r (Urbina et al. 2019)",probable,"don Alonso Lucay (cacique principal), don Joan Cachira (Chiapa), don Miguel Caqueo, don Gomez, don Andrés Caquisana (Camiña), don Martín Payaquena (Sibaya), don Juan (Sotoca); lengua Pedro Sande",lo dado a Valencia de la tasa (1565) | Tarapacá,1,item,ropa (lana y algodón),piezas,155,155,cargo 1565 del repartimiento de Tarapacá,"Urbina 2019: 231, 236",medium,"table by modern author from AGN DIE L2 C15 f.265r-269, 416r-419r (Urbina et al. 2019 Tabla 3, columna 'Cargo en 1565'); cifras = cargo de Valencia, que los caciques verificaron con sus quipus (declaración f.368r-370r sin cifras en la cita); Tabla 3 pone 155 en la fila de lana; ropa de algodón '-'"
A1.l,"Declaración jurada de los caciques del repartimiento de Tarapacá que 'visto y examinado e recorrido sus quipus' de lo dado a Gonzalo de Valencia de la tasa, juicio contra Valencia 1570-71; AGN DIE L2 C15 f.368r-370r (Urbina et al. 2019)",probable,"don Alonso Lucay (cacique principal), don Joan Cachira (Chiapa), don Miguel Caqueo, don Gomez, don Andrés Caquisana (Camiña), don Martín Payaquena (Sibaya), don Juan (Sotoca); lengua Pedro Sande",lo dado a Valencia de la tasa (1565) | Tarapacá,2,item,maíz,fanegas,482.5,"482,5",cargo 1565 del repartimiento de Tarapacá,"Urbina 2019: 231, 236",medium,"table by modern author from AGN DIE L2 C15 f.265r-269, 416r-419r (Urbina et al. 2019 Tabla 3, columna 'Cargo en 1565'); cifras = cargo de Valencia, que los caciques verificaron con sus quipus (declaración f.368r-370r sin cifras en la cita)"
A1.l,"Declaración jurada de los caciques del repartimiento de Tarapacá que 'visto y examinado e recorrido sus quipus' de lo dado a Gonzalo de Valencia de la tasa, juicio contra Valencia 1570-71; AGN DIE L2 C15 f.368r-370r (Urbina et al. 2019)",probable,"don Alonso Lucay (cacique principal), don Joan Cachira (Chiapa), don Miguel Caqueo, don Gomez, don Andrés Caquisana (Camiña), don Martín Payaquena (Sibaya), don Juan (Sotoca); lengua Pedro Sande",lo dado a Valencia de la tasa (1565) | Tarapacá,3,item,trigo,fanegas,1,1,cargo 1565 del repartimiento de Tarapacá,"Urbina 2019: 231, 236",medium,"table by modern author from AGN DIE L2 C15 f.265r-269, 416r-419r (Urbina et al. 2019 Tabla 3, columna 'Cargo en 1565'); cifras = cargo de Valencia, que los caciques verificaron con sus quipus (declaración f.368r-370r sin cifras en la cita); Trelles: Tarapacá no entregó trigo -> discrepancia"
A1.l,"Declaración jurada de los caciques del repartimiento de Tarapacá que 'visto y examinado e recorrido sus quipus' de lo dado a Gonzalo de Valencia de la tasa, juicio contra Valencia 1570-71; AGN DIE L2 C15 f.368r-370r (Urbina et al. 2019)",probable,"don Alonso Lucay (cacique principal), don Joan Cachira (Chiapa), don Miguel Caqueo, don Gomez, don Andrés Caquisana (Camiña), don Martín Payaquena (Sibaya), don Juan (Sotoca); lengua Pedro Sande",lo dado a Valencia de la tasa (1565) | Tarapacá,4,item,aves domésticas,unidades,240,240,cargo 1565 del repartimiento de Tarapacá,"Urbina 2019: 231, 236",medium,"table by modern author from AGN DIE L2 C15 f.265r-269, 416r-419r (Urbina et al. 2019 Tabla 3, columna 'Cargo en 1565'); cifras = cargo de Valencia, que los caciques verificaron con sus quipus (declaración f.368r-370r sin cifras en la cita)"
A1.l,"Declaración jurada de los caciques del repartimiento de Tarapacá que 'visto y examinado e recorrido sus quipus' de lo dado a Gonzalo de Valencia de la tasa, juicio contra Valencia 1570-71; AGN DIE L2 C15 f.368r-370r (Urbina et al. 2019)",probable,"don Alonso Lucay (cacique principal), don Joan Cachira (Chiapa), don Miguel Caqueo, don Gomez, don Andrés Caquisana (Camiña), don Martín Payaquena (Sibaya), don Juan (Sotoca); lengua Pedro Sande",lo dado a Valencia de la tasa (1565) | Tarapacá,5,item,carneros (llamas) y ovejas,cabezas,173,173,cargo 1565 del repartimiento de Tarapacá,"Urbina 2019: 231, 236",medium,"table by modern author from AGN DIE L2 C15 f.265r-269, 416r-419r (Urbina et al. 2019 Tabla 3, columna 'Cargo en 1565'); cifras = cargo de Valencia, que los caciques verificaron con sus quipus (declaración f.368r-370r sin cifras en la cita); incluye 13 en lugar de 20 puercos"
A1.m,"Visita General y Tasa del virrey Francisco de Toledo, repartimientos de la antigua encomienda de Lucas Martínez y corregimiento de Arica, ca. 1570-1572 (ed. Cook 1975)",no,,padrón 1570 | Tarapacá,1,item,tributarios,personas,761,761,Tarapacá,151,high,table by modern author from Cook (ed.) 1975 (Trelles Cuadro III)
A1.m,"Visita General y Tasa del virrey Francisco de Toledo, repartimientos de la antigua encomienda de Lucas Martínez y corregimiento de Arica, ca. 1570-1572 (ed. Cook 1975)",no,,padrón 1570 | Tarapacá,2,item,viejos,personas,195,195,Tarapacá,151,high,table by modern author from Cook (ed.) 1975 (Trelles Cuadro III)
A1.m,"Visita General y Tasa del virrey Francisco de Toledo, repartimientos de la antigua encomienda de Lucas Martínez y corregimiento de Arica, ca. 1570-1572 (ed. Cook 1975)",no,,padrón 1570 | Tarapacá,3,item,muchachos (menores de 17/18),personas,1004,"1,004",Tarapacá,151,high,table by modern author from Cook (ed.) 1975 (Trelles Cuadro III)
A1.m,"Visita General y Tasa del virrey Francisco de Toledo, repartimientos de la antigua encomienda de Lucas Martínez y corregimiento de Arica, ca. 1570-1572 (ed. Cook 1975)",no,,padrón 1570 | Tarapacá,4,item,mujeres,personas,1973,"1,973",Tarapacá,151,high,table by modern author from Cook (ed.) 1975 (Trelles Cuadro III)
A1.m,"Visita General y Tasa del virrey Francisco de Toledo, repartimientos de la antigua encomienda de Lucas Martínez y corregimiento de Arica, ca. 1570-1572 (ed. Cook 1975)",no,,padrón 1570 | Tarapacá,5,total,población total,personas,3933,"3,933",Tarapacá,151,high,table by modern author from Cook (ed.) 1975 (Trelles Cuadro III)
A1.m,"Visita General y Tasa del virrey Francisco de Toledo, repartimientos de la antigua encomienda de Lucas Martínez y corregimiento de Arica, ca. 1570-1572 (ed. Cook 1975)",no,,padrón 1570 | Carumas,6,item,tributarios,personas,199,199,Carumas,151,high,table by modern author from Cook (ed.) 1975 (Trelles Cuadro III)
A1.m,"Visita General y Tasa del virrey Francisco de Toledo, repartimientos de la antigua encomienda de Lucas Martínez y corregimiento de Arica, ca. 1570-1572 (ed. Cook 1975)",no,,padrón 1570 | Carumas,7,item,viejos,personas,42,42,Carumas,151,high,table by modern author from Cook (ed.) 1975 (Trelles Cuadro III)
A1.m,"Visita General y Tasa del virrey Francisco de Toledo, repartimientos de la antigua encomienda de Lucas Martínez y corregimiento de Arica, ca. 1570-1572 (ed. Cook 1975)",no,,padrón 1570 | Carumas,8,item,muchachos (menores de 17/18),personas,208,208,Carumas,151,high,table by modern author from Cook (ed.) 1975 (Trelles Cuadro III)
A1.m,"Visita General y Tasa del virrey Francisco de Toledo, repartimientos de la antigua encomienda de Lucas Martínez y corregimiento de Arica, ca. 1570-1572 (ed. Cook 1975)",no,,padrón 1570 | Carumas,9,item,mujeres,personas,527,527,Carumas,151,high,table by modern author from Cook (ed.) 1975 (Trelles Cuadro III)
A1.m,"Visita General y Tasa del virrey Francisco de Toledo, repartimientos de la antigua encomienda de Lucas Martínez y corregimiento de Arica, ca. 1570-1572 (ed. Cook 1975)",no,,padrón 1570 | Carumas,10,total,población total,personas,976,976,Carumas,151,high,table by modern author from Cook (ed.) 1975 (Trelles Cuadro III)
A1.m,"Visita General y Tasa del virrey Francisco de Toledo, repartimientos de la antigua encomienda de Lucas Martínez y corregimiento de Arica, ca. 1570-1572 (ed. Cook 1975)",no,,padrón 1570 | Lluta y Arica,11,item,tributarios,personas,186,186,Lluta y Arica,151; Choque 2020: 162,high,table by modern author from Cook (ed.) 1975 (Trelles Cuadro III; Choque Tabla 2 idéntico)
A1.m,"Visita General y Tasa del virrey Francisco de Toledo, repartimientos de la antigua encomienda de Lucas Martínez y corregimiento de Arica, ca. 1570-1572 (ed. Cook 1975)",no,,padrón 1570 | Lluta y Arica,12,item,viejos,personas,54,54,Lluta y Arica,151; Choque 2020: 162,high,table by modern author from Cook (ed.) 1975 (Trelles Cuadro III; Choque Tabla 2 idéntico)
A1.m,"Visita General y Tasa del virrey Francisco de Toledo, repartimientos de la antigua encomienda de Lucas Martínez y corregimiento de Arica, ca. 1570-1572 (ed. Cook 1975)",no,,padrón 1570 | Lluta y Arica,13,item,muchachos (menores de 17/18),personas,166,166,Lluta y Arica,151; Choque 2020: 162,high,table by modern author from Cook (ed.) 1975 (Trelles Cuadro III; Choque Tabla 2 idéntico)
A1.m,"Visita General y Tasa del virrey Francisco de Toledo, repartimientos de la antigua encomienda de Lucas Martínez y corregimiento de Arica, ca. 1570-1572 (ed. Cook 1975)",no,,padrón 1570 | Lluta y Arica,14,item,mujeres,personas,379,379,Lluta y Arica,151; Choque 2020: 162,high,table by modern author from Cook (ed.) 1975 (Trelles Cuadro III; Choque Tabla 2 idéntico)
A1.m,"Visita General y Tasa del virrey Francisco de Toledo, repartimientos de la antigua encomienda de Lucas Martínez y corregimiento de Arica, ca. 1570-1572 (ed. Cook 1975)",no,,padrón 1570 | Lluta y Arica,15,total,población total,personas,785,785,Lluta y Arica,151; Choque 2020: 162,high,table by modern author from Cook (ed.) 1975 (Trelles Cuadro III; Choque Tabla 2 idéntico)
A1.m,"Visita General y Tasa del virrey Francisco de Toledo, repartimientos de la antigua encomienda de Lucas Martínez y corregimiento de Arica, ca. 1570-1572 (ed. Cook 1975)",no,,padrón 1570 | Pica,16,item,tributarios,personas,160,160,Pica,151,high,table by modern author from Cook (ed.) 1975 (Trelles Cuadro III)
A1.m,"Visita General y Tasa del virrey Francisco de Toledo, repartimientos de la antigua encomienda de Lucas Martínez y corregimiento de Arica, ca. 1570-1572 (ed. Cook 1975)",no,,padrón 1570 | Pica,17,item,viejos,personas,56,56,Pica,151,high,table by modern author from Cook (ed.) 1975 (Trelles Cuadro III)
A1.m,"Visita General y Tasa del virrey Francisco de Toledo, repartimientos de la antigua encomienda de Lucas Martínez y corregimiento de Arica, ca. 1570-1572 (ed. Cook 1975)",no,,padrón 1570 | Pica,18,item,muchachos (menores de 17/18),personas,156,156,Pica,151,high,table by modern author from Cook (ed.) 1975 (Trelles Cuadro III)
A1.m,"Visita General y Tasa del virrey Francisco de Toledo, repartimientos de la antigua encomienda de Lucas Martínez y corregimiento de Arica, ca. 1570-1572 (ed. Cook 1975)",no,,padrón 1570 | Pica,19,item,mujeres,personas,264,264,Pica,151,high,table by modern author from Cook (ed.) 1975 (Trelles Cuadro III)
A1.m,"Visita General y Tasa del virrey Francisco de Toledo, repartimientos de la antigua encomienda de Lucas Martínez y corregimiento de Arica, ca. 1570-1572 (ed. Cook 1975)",no,,padrón 1570 | Pica,20,total,población total,personas,636,636,Pica,151,high,table by modern author from Cook (ed.) 1975 (Trelles Cuadro III)
A1.m,"Visita General y Tasa del virrey Francisco de Toledo, repartimientos de la antigua encomienda de Lucas Martínez y corregimiento de Arica, ca. 1570-1572 (ed. Cook 1975)",no,,padrón 1570 | Ilo e Ite,21,item,tributarios,personas,50,50,Ilo e Ite,151; Choque 2020: 162,high,table by modern author from Cook (ed.) 1975 (Trelles Cuadro III; Choque Tabla 2 idéntico)
A1.m,"Visita General y Tasa del virrey Francisco de Toledo, repartimientos de la antigua encomienda de Lucas Martínez y corregimiento de Arica, ca. 1570-1572 (ed. Cook 1975)",no,,padrón 1570 | Ilo e Ite,22,item,viejos,personas,18,18,Ilo e Ite,151; Choque 2020: 162,high,table by modern author from Cook (ed.) 1975 (Trelles Cuadro III; Choque Tabla 2 idéntico)
A1.m,"Visita General y Tasa del virrey Francisco de Toledo, repartimientos de la antigua encomienda de Lucas Martínez y corregimiento de Arica, ca. 1570-1572 (ed. Cook 1975)",no,,padrón 1570 | Ilo e Ite,23,item,muchachos (menores de 17/18),personas,208,208,Ilo e Ite,151; Choque 2020: 162,high,table by modern author from Cook (ed.) 1975 (Trelles Cuadro III; Choque Tabla 2 idéntico)
A1.m,"Visita General y Tasa del virrey Francisco de Toledo, repartimientos de la antigua encomienda de Lucas Martínez y corregimiento de Arica, ca. 1570-1572 (ed. Cook 1975)",no,,padrón 1570 | Ilo e Ite,24,item,mujeres,personas,109,109,Ilo e Ite,151; Choque 2020: 162,high,table by modern author from Cook (ed.) 1975 (Trelles Cuadro III; Choque Tabla 2 idéntico)
A1.m,"Visita General y Tasa del virrey Francisco de Toledo, repartimientos de la antigua encomienda de Lucas Martínez y corregimiento de Arica, ca. 1570-1572 (ed. Cook 1975)",no,,padrón 1570 | Ilo e Ite,25,total,población total,personas,385,385,Ilo e Ite,151; Choque 2020: 162,high,"table by modern author from Cook (ed.) 1975 (Trelles Cuadro III; Choque Tabla 2 idéntico); Trelles n.10-11: el propio texto de Toledo (y Enríquez 1584, doc. 1578) da 199 personas para Ilo por error de suma"
A1.m,"Visita General y Tasa del virrey Francisco de Toledo, repartimientos de la antigua encomienda de Lucas Martínez y corregimiento de Arica, ca. 1570-1572 (ed. Cook 1975)",no,,padrón 1570 | Arequipa (Guayparyuminas),26,item,tributarios,personas,12,12,Arequipa (Guayparyuminas),151,high,table by modern author from Cook (ed.) 1975 (Trelles Cuadro III)
A1.m,"Visita General y Tasa del virrey Francisco de Toledo, repartimientos de la antigua encomienda de Lucas Martínez y corregimiento de Arica, ca. 1570-1572 (ed. Cook 1975)",no,,padrón 1570 | Arequipa (Guayparyuminas),27,item,viejos,personas,1,1,Arequipa (Guayparyuminas),151,high,table by modern author from Cook (ed.) 1975 (Trelles Cuadro III)
A1.m,"Visita General y Tasa del virrey Francisco de Toledo, repartimientos de la antigua encomienda de Lucas Martínez y corregimiento de Arica, ca. 1570-1572 (ed. Cook 1975)",no,,padrón 1570 | Arequipa (Guayparyuminas),28,item,muchachos (menores de 17/18),personas,10,10,Arequipa (Guayparyuminas),151,high,table by modern author from Cook (ed.) 1975 (Trelles Cuadro III)
A1.m,"Visita General y Tasa del virrey Francisco de Toledo, repartimientos de la antigua encomienda de Lucas Martínez y corregimiento de Arica, ca. 1570-1572 (ed. Cook 1975)",no,,padrón 1570 | Arequipa (Guayparyuminas),29,item,mujeres,personas,37,37,Arequipa (Guayparyuminas),151,high,table by modern author from Cook (ed.) 1975 (Trelles Cuadro III)
A1.m,"Visita General y Tasa del virrey Francisco de Toledo, repartimientos de la antigua encomienda de Lucas Martínez y corregimiento de Arica, ca. 1570-1572 (ed. Cook 1975)",no,,padrón 1570 | Arequipa (Guayparyuminas),30,total,población total,personas,60,60,Arequipa (Guayparyuminas),151,high,table by modern author from Cook (ed.) 1975 (Trelles Cuadro III)
A1.m,"Visita General y Tasa del virrey Francisco de Toledo, repartimientos de la antigua encomienda de Lucas Martínez y corregimiento de Arica, ca. 1570-1572 (ed. Cook 1975)",no,,"padrón 1570 | Tarapacá, Pica y Loa",31,item,tributarios,personas,921,921,"Tarapacá, Pica y Loa",Choque 2020: 162,high,table by modern author from Cook (ed.) 1975 (Choque Tabla 2 (= Tarapacá + Pica de Trelles))
A1.m,"Visita General y Tasa del virrey Francisco de Toledo, repartimientos de la antigua encomienda de Lucas Martínez y corregimiento de Arica, ca. 1570-1572 (ed. Cook 1975)",no,,"padrón 1570 | Tarapacá, Pica y Loa",32,item,viejos,personas,251,251,"Tarapacá, Pica y Loa",Choque 2020: 162,high,table by modern author from Cook (ed.) 1975 (Choque Tabla 2 (= Tarapacá + Pica de Trelles))
A1.m,"Visita General y Tasa del virrey Francisco de Toledo, repartimientos de la antigua encomienda de Lucas Martínez y corregimiento de Arica, ca. 1570-1572 (ed. Cook 1975)",no,,"padrón 1570 | Tarapacá, Pica y Loa",33,item,muchachos (menores de 17/18),personas,1160,"1,160","Tarapacá, Pica y Loa",Choque 2020: 162,high,table by modern author from Cook (ed.) 1975 (Choque Tabla 2 (= Tarapacá + Pica de Trelles))
A1.m,"Visita General y Tasa del virrey Francisco de Toledo, repartimientos de la antigua encomienda de Lucas Martínez y corregimiento de Arica, ca. 1570-1572 (ed. Cook 1975)",no,,"padrón 1570 | Tarapacá, Pica y Loa",34,item,mujeres,personas,2237,"2,237","Tarapacá, Pica y Loa",Choque 2020: 162,high,table by modern author from Cook (ed.) 1975 (Choque Tabla 2 (= Tarapacá + Pica de Trelles))
A1.m,"Visita General y Tasa del virrey Francisco de Toledo, repartimientos de la antigua encomienda de Lucas Martínez y corregimiento de Arica, ca. 1570-1572 (ed. Cook 1975)",no,,"padrón 1570 | Tarapacá, Pica y Loa",35,total,población total,personas,4569,"4,569","Tarapacá, Pica y Loa",Choque 2020: 162,high,table by modern author from Cook (ed.) 1975 (Choque Tabla 2 (= Tarapacá + Pica de Trelles))
A1.m,"Visita General y Tasa del virrey Francisco de Toledo, repartimientos de la antigua encomienda de Lucas Martínez y corregimiento de Arica, ca. 1570-1572 (ed. Cook 1975)",no,,padrón 1570 | Tacna,36,item,tributarios,personas,660,660,Tacna,Choque 2020: 162,high,table by modern author from Cook (ed.) 1975 (Choque Tabla 2)
A1.m,"Visita General y Tasa del virrey Francisco de Toledo, repartimientos de la antigua encomienda de Lucas Martínez y corregimiento de Arica, ca. 1570-1572 (ed. Cook 1975)",no,,padrón 1570 | Tacna,37,item,viejos,personas,134,134,Tacna,Choque 2020: 162,high,table by modern author from Cook (ed.) 1975 (Choque Tabla 2)
A1.m,"Visita General y Tasa del virrey Francisco de Toledo, repartimientos de la antigua encomienda de Lucas Martínez y corregimiento de Arica, ca. 1570-1572 (ed. Cook 1975)",no,,padrón 1570 | Tacna,38,item,muchachos (menores de 17/18),personas,683,683,Tacna,Choque 2020: 162,high,table by modern author from Cook (ed.) 1975 (Choque Tabla 2)
A1.m,"Visita General y Tasa del virrey Francisco de Toledo, repartimientos de la antigua encomienda de Lucas Martínez y corregimiento de Arica, ca. 1570-1572 (ed. Cook 1975)",no,,padrón 1570 | Tacna,39,item,mujeres,personas,1372,"1,372",Tacna,Choque 2020: 162,high,table by modern author from Cook (ed.) 1975 (Choque Tabla 2)
A1.m,"Visita General y Tasa del virrey Francisco de Toledo, repartimientos de la antigua encomienda de Lucas Martínez y corregimiento de Arica, ca. 1570-1572 (ed. Cook 1975)",no,,padrón 1570 | Tacna,40,total,población total,personas,2849,"2,849",Tacna,Choque 2020: 162,high,table by modern author from Cook (ed.) 1975 (Choque Tabla 2)
A1.m,"Visita General y Tasa del virrey Francisco de Toledo, repartimientos de la antigua encomienda de Lucas Martínez y corregimiento de Arica, ca. 1570-1572 (ed. Cook 1975)",no,,padrón 1570 | Hilabaya,41,item,tributarios,personas,299,299,Hilabaya,Choque 2020: 162,high,table by modern author from Cook (ed.) 1975 (Choque Tabla 2)
A1.m,"Visita General y Tasa del virrey Francisco de Toledo, repartimientos de la antigua encomienda de Lucas Martínez y corregimiento de Arica, ca. 1570-1572 (ed. Cook 1975)",no,,padrón 1570 | Hilabaya,42,item,viejos,personas,72,72,Hilabaya,Choque 2020: 162,high,table by modern author from Cook (ed.) 1975 (Choque Tabla 2)
A1.m,"Visita General y Tasa del virrey Francisco de Toledo, repartimientos de la antigua encomienda de Lucas Martínez y corregimiento de Arica, ca. 1570-1572 (ed. Cook 1975)",no,,padrón 1570 | Hilabaya,43,item,muchachos (menores de 17/18),personas,342,342,Hilabaya,Choque 2020: 162,high,table by modern author from Cook (ed.) 1975 (Choque Tabla 2)
A1.m,"Visita General y Tasa del virrey Francisco de Toledo, repartimientos de la antigua encomienda de Lucas Martínez y corregimiento de Arica, ca. 1570-1572 (ed. Cook 1975)",no,,padrón 1570 | Hilabaya,44,item,mujeres,personas,755,755,Hilabaya,Choque 2020: 162,high,table by modern author from Cook (ed.) 1975 (Choque Tabla 2)
A1.m,"Visita General y Tasa del virrey Francisco de Toledo, repartimientos de la antigua encomienda de Lucas Martínez y corregimiento de Arica, ca. 1570-1572 (ed. Cook 1975)",no,,padrón 1570 | Hilabaya,45,total,población total,personas,1468,"1,468",Hilabaya,Choque 2020: 162,high,table by modern author from Cook (ed.) 1975 (Choque Tabla 2)
A1.m,"Visita General y Tasa del virrey Francisco de Toledo, repartimientos de la antigua encomienda de Lucas Martínez y corregimiento de Arica, ca. 1570-1572 (ed. Cook 1975)",no,,padrón 1570 | Ilo e Ite,46,total,población total (según suma errada del documento),personas,199,199,Ilo: Toledo da 50 tributarios y 199 personas pese a 50+18+208+109=385,152,high,Trelles n.10-11 (Cook 1975; AGI Contaduría 1786)
A1.m,"Visita General y Tasa del virrey Francisco de Toledo, repartimientos de la antigua encomienda de Lucas Martínez y corregimiento de Arica, ca. 1570-1572 (ed. Cook 1975)",no,,tasa toledana: valoración,47,item,trigo,fanegas,30,Treinta fanegas,'a seis tomines la fanega valen veintidos pesos y medio ensayados (22 ps. 4 ts.)',214,high,"cita textual Cook 1975: 238 (f.34d), repartimiento de la encomienda (prob. Tarapacá)"
A1.m,"Visita General y Tasa del virrey Francisco de Toledo, repartimientos de la antigua encomienda de Lucas Martínez y corregimiento de Arica, ca. 1570-1572 (ed. Cook 1975)",no,,tasa toledana: valoración,48,item,valor del trigo,pesos ensayados,22.5,veintidos pesos y medio (22 ps. 4 ts.),30 fanegas a 6 tomines,214,high,"cita textual; 30x6t=180t=22p4t, verificado"
A1.m,"Visita General y Tasa del virrey Francisco de Toledo, repartimientos de la antigua encomienda de Lucas Martínez y corregimiento de Arica, ca. 1570-1572 (ed. Cook 1975)",no,,tasa toledana: valoración,49,item,maíz,fanegas,20,Veinte fanegas,a seis tomines la fanega,214,high,cita textual Cook 1975: 238
A1.m,"Visita General y Tasa del virrey Francisco de Toledo, repartimientos de la antigua encomienda de Lucas Martínez y corregimiento de Arica, ca. 1570-1572 (ed. Cook 1975)",no,,tasa toledana: valoración,50,item,valor del maíz,pesos ensayados,15,quince pesos,20 fanegas a 6 tomines,214,high,cita textual; verificado
A1.m,"Visita General y Tasa del virrey Francisco de Toledo, repartimientos de la antigua encomienda de Lucas Martínez y corregimiento de Arica, ca. 1570-1572 (ed. Cook 1975)",no,,tasa toledana: valoración,51,item,ropa (pieza),pesos,2,2 pesos,valoración toledana de la pieza de ropa de la misma encomienda,201,medium,dato citado por Trelles sin transcripción
A1.m,"Visita General y Tasa del virrey Francisco de Toledo, repartimientos de la antigua encomienda de Lucas Martínez y corregimiento de Arica, ca. 1570-1572 (ed. Cook 1975)",no,,Corregimiento de Arica: cuentas 1570,52,total,carga tributaria total,pesos de ocho,10841,10.841,corregimiento de Arica,Choque 2020: 162,medium,table by modern author from Cook (ed.) 1975 (Choque 2020)
A1.m,"Visita General y Tasa del virrey Francisco de Toledo, repartimientos de la antigua encomienda de Lucas Martínez y corregimiento de Arica, ca. 1570-1572 (ed. Cook 1975)",no,,Corregimiento de Arica: cuentas 1570,53,total,data general,pesos de ocho,4153,4.153,"doctrinas 56,6%, justicia 32%, salarios de caciques 11,4%",Choque 2020: 162,medium,table by modern author from Cook (ed.) 1975 (Choque 2020); verificado: suma de Figura 6 = 4153
A1.m,"Visita General y Tasa del virrey Francisco de Toledo, repartimientos de la antigua encomienda de Lucas Martínez y corregimiento de Arica, ca. 1570-1572 (ed. Cook 1975)",no,,Corregimiento de Arica: cuentas 1570,54,total,saldo de tributos,pesos de ocho,6688,6.688,10841-4153,Choque 2020: 162,medium,table by modern author from Cook (ed.) 1975 (Choque 2020); verificado
A1.m,"Visita General y Tasa del virrey Francisco de Toledo, repartimientos de la antigua encomienda de Lucas Martínez y corregimiento de Arica, ca. 1570-1572 (ed. Cook 1975)",no,,"Data General 1570 | Tarapacá, Pica y Loa",55,item,doctrinas,pesos,900,900,"Tarapacá, Pica y Loa",Choque 2020: 163,medium,"valores leídos de las etiquetas de la Figura 6 (gráfico) from Cook 1975; asignación de barras verificada: columnas suman 2350/1330/473 = 56,6/32,0/11,4% y total 4153"
A1.m,"Visita General y Tasa del virrey Francisco de Toledo, repartimientos de la antigua encomienda de Lucas Martínez y corregimiento de Arica, ca. 1570-1572 (ed. Cook 1975)",no,,"Data General 1570 | Tarapacá, Pica y Loa",56,item,justicia,pesos,582,582,"Tarapacá, Pica y Loa",Choque 2020: 163,medium,"valores leídos de las etiquetas de la Figura 6 (gráfico) from Cook 1975; asignación de barras verificada: columnas suman 2350/1330/473 = 56,6/32,0/11,4% y total 4153"
A1.m,"Visita General y Tasa del virrey Francisco de Toledo, repartimientos de la antigua encomienda de Lucas Martínez y corregimiento de Arica, ca. 1570-1572 (ed. Cook 1975)",no,,"Data General 1570 | Tarapacá, Pica y Loa",57,item,salarios de caciques,pesos,230,230,"Tarapacá, Pica y Loa",Choque 2020: 163,medium,"valores leídos de las etiquetas de la Figura 6 (gráfico) from Cook 1975; asignación de barras verificada: columnas suman 2350/1330/473 = 56,6/32,0/11,4% y total 4153"
A1.m,"Visita General y Tasa del virrey Francisco de Toledo, repartimientos de la antigua encomienda de Lucas Martínez y corregimiento de Arica, ca. 1570-1572 (ed. Cook 1975)",no,,Data General 1570 | Lluta y Arica,58,item,doctrinas,pesos,350,350,Lluta y Arica,Choque 2020: 163,medium,"valores leídos de las etiquetas de la Figura 6 (gráfico) from Cook 1975; asignación de barras verificada: columnas suman 2350/1330/473 = 56,6/32,0/11,4% y total 4153"
A1.m,"Visita General y Tasa del virrey Francisco de Toledo, repartimientos de la antigua encomienda de Lucas Martínez y corregimiento de Arica, ca. 1570-1572 (ed. Cook 1975)",no,,Data General 1570 | Lluta y Arica,59,item,justicia,pesos,127,127,Lluta y Arica,Choque 2020: 163,medium,"valores leídos de las etiquetas de la Figura 6 (gráfico) from Cook 1975; asignación de barras verificada: columnas suman 2350/1330/473 = 56,6/32,0/11,4% y total 4153"
A1.m,"Visita General y Tasa del virrey Francisco de Toledo, repartimientos de la antigua encomienda de Lucas Martínez y corregimiento de Arica, ca. 1570-1572 (ed. Cook 1975)",no,,Data General 1570 | Lluta y Arica,60,item,salarios de caciques,pesos,30,30,Lluta y Arica,Choque 2020: 163,medium,"valores leídos de las etiquetas de la Figura 6 (gráfico) from Cook 1975; asignación de barras verificada: columnas suman 2350/1330/473 = 56,6/32,0/11,4% y total 4153"
A1.m,"Visita General y Tasa del virrey Francisco de Toledo, repartimientos de la antigua encomienda de Lucas Martínez y corregimiento de Arica, ca. 1570-1572 (ed. Cook 1975)",no,,Data General 1570 | Ilo e Ite,61,item,doctrinas,pesos,79,79,Ilo e Ite,Choque 2020: 163,medium,"valores leídos de las etiquetas de la Figura 6 (gráfico) from Cook 1975; asignación de barras verificada: columnas suman 2350/1330/473 = 56,6/32,0/11,4% y total 4153"
A1.m,"Visita General y Tasa del virrey Francisco de Toledo, repartimientos de la antigua encomienda de Lucas Martínez y corregimiento de Arica, ca. 1570-1572 (ed. Cook 1975)",no,,Data General 1570 | Ilo e Ite,62,item,justicia,pesos,4,4,Ilo e Ite,Choque 2020: 163,medium,"valores leídos de las etiquetas de la Figura 6 (gráfico) from Cook 1975; asignación de barras verificada: columnas suman 2350/1330/473 = 56,6/32,0/11,4% y total 4153"
A1.m,"Visita General y Tasa del virrey Francisco de Toledo, repartimientos de la antigua encomienda de Lucas Martínez y corregimiento de Arica, ca. 1570-1572 (ed. Cook 1975)",no,,Data General 1570 | Ilo e Ite,63,item,salarios de caciques,pesos,3,3,Ilo e Ite,Choque 2020: 163,medium,"valores leídos de las etiquetas de la Figura 6 (gráfico) from Cook 1975; asignación de barras verificada: columnas suman 2350/1330/473 = 56,6/32,0/11,4% y total 4153"
A1.m,"Visita General y Tasa del virrey Francisco de Toledo, repartimientos de la antigua encomienda de Lucas Martínez y corregimiento de Arica, ca. 1570-1572 (ed. Cook 1975)",no,,Data General 1570 | Tacna,64,item,doctrinas,pesos,550,550,Tacna,Choque 2020: 163,medium,"valores leídos de las etiquetas de la Figura 6 (gráfico) from Cook 1975; asignación de barras verificada: columnas suman 2350/1330/473 = 56,6/32,0/11,4% y total 4153"
A1.m,"Visita General y Tasa del virrey Francisco de Toledo, repartimientos de la antigua encomienda de Lucas Martínez y corregimiento de Arica, ca. 1570-1572 (ed. Cook 1975)",no,,Data General 1570 | Tacna,65,item,justicia,pesos,412,412,Tacna,Choque 2020: 163,medium,"valores leídos de las etiquetas de la Figura 6 (gráfico) from Cook 1975; asignación de barras verificada: columnas suman 2350/1330/473 = 56,6/32,0/11,4% y total 4153"
A1.m,"Visita General y Tasa del virrey Francisco de Toledo, repartimientos de la antigua encomienda de Lucas Martínez y corregimiento de Arica, ca. 1570-1572 (ed. Cook 1975)",no,,Data General 1570 | Tacna,66,item,salarios de caciques,pesos,130,130,Tacna,Choque 2020: 163,medium,"valores leídos de las etiquetas de la Figura 6 (gráfico) from Cook 1975; asignación de barras verificada: columnas suman 2350/1330/473 = 56,6/32,0/11,4% y total 4153"
A1.m,"Visita General y Tasa del virrey Francisco de Toledo, repartimientos de la antigua encomienda de Lucas Martínez y corregimiento de Arica, ca. 1570-1572 (ed. Cook 1975)",no,,Data General 1570 | Hilabaya,67,item,doctrinas,pesos,471,471,Hilabaya,Choque 2020: 163,medium,"valores leídos de las etiquetas de la Figura 6 (gráfico) from Cook 1975; asignación de barras verificada: columnas suman 2350/1330/473 = 56,6/32,0/11,4% y total 4153"
A1.m,"Visita General y Tasa del virrey Francisco de Toledo, repartimientos de la antigua encomienda de Lucas Martínez y corregimiento de Arica, ca. 1570-1572 (ed. Cook 1975)",no,,Data General 1570 | Hilabaya,68,item,justicia,pesos,205,205,Hilabaya,Choque 2020: 163,medium,"valores leídos de las etiquetas de la Figura 6 (gráfico) from Cook 1975; asignación de barras verificada: columnas suman 2350/1330/473 = 56,6/32,0/11,4% y total 4153"
A1.m,"Visita General y Tasa del virrey Francisco de Toledo, repartimientos de la antigua encomienda de Lucas Martínez y corregimiento de Arica, ca. 1570-1572 (ed. Cook 1975)",no,,Data General 1570 | Hilabaya,69,item,salarios de caciques,pesos,80,80,Hilabaya,Choque 2020: 163,medium,"valores leídos de las etiquetas de la Figura 6 (gráfico) from Cook 1975; asignación de barras verificada: columnas suman 2350/1330/473 = 56,6/32,0/11,4% y total 4153"
A1.n,Documento de 1578 (Barriga 1940a: 74-75) y visita de Manuel Enríquez ca. 1584 (AGI Contaduría 1786) - cifras de población citadas por Trelles,no,,Tarapacá,1,total,personas,personas,3233,"3,233",doc. 1578 usado por Larraín,151,medium,"Trelles: error de copista/paleógrafo por 3,933 (Toledo y Enríquez)"
A1.n,Documento de 1578 (Barriga 1940a: 74-75) y visita de Manuel Enríquez ca. 1584 (AGI Contaduría 1786) - cifras de población citadas por Trelles,no,,Tarapacá,2,total,personas (visita Enríquez),personas,3933,"3,933",visita de Manuel Enríquez ca. 1584,151,medium,repite cifra de Toledo
A1.n,Documento de 1578 (Barriga 1940a: 74-75) y visita de Manuel Enríquez ca. 1584 (AGI Contaduría 1786) - cifras de población citadas por Trelles,no,,Ilo,3,item,tributarios,indios,50,50,doc. 1578 y Enríquez 1584,151,high,
A1.n,Documento de 1578 (Barriga 1940a: 74-75) y visita de Manuel Enríquez ca. 1584 (AGI Contaduría 1786) - cifras de población citadas por Trelles,no,,Ilo,4,total,personas,personas,199,199,doc. 1578 y Enríquez 1584 (copian error de Toledo),151,high,
