doc_id,doc_title,quipu_based,speaker,section,seq,level,item,unit,quantity,quantity_raw,context,page,confidence,notes
C6.a,"Memorial de los caciques de Huamachuco al protector García Vera, 1625, Huamachuco, ARC leg. 14 [1626], f. 14r-14v",no,caciques principales de Huamachuco (don Joan Chuquiruna et al.),quoted in study (footnote 4),1,item,"estancias de ovejas, vacas y yeguas de comunidad",estancias,2,dos,dejadas por doña Florencia de Mora para ayudar a pagar tributos,350,high,
C6.b,"Remate del arrendamiento de Tulpo y Yamobamba a Diego Casolin de Arratia, 1625/1626, ARC leg. 14 [1626], f. 22r",no,pregonero,quoted in study (footnote 9),1,item,pesos de ocho reales por arrendamiento anual,pesos,2504,dos mill y quinientos y quatro pessos de ocho reales,"postura del pregonero, por las dos estancias y sus ganados, cada año",353,high,
C6.b,"Remate del arrendamiento de Tulpo y Yamobamba a Diego Casolin de Arratia, 1625/1626, ARC leg. 14 [1626], f. 22r",no,pregonero,quoted in study (footnote 9),2,item,pesos de a ocho reales por arrendamiento anual,pesos,2504,dos mill y quinientos y quatro pesos de a ocho reales,a entregar cada año de los cinco años,353,high,repetición de la misma cifra
C6.b,"Remate del arrendamiento de Tulpo y Yamobamba a Diego Casolin de Arratia, 1625/1626, ARC leg. 14 [1626], f. 22r",no,pregonero,quoted in study (footnote 9),3,item,años de arrendamiento,años,5,cinco años,duración del arriendo,353,high,
C6.b,"Remate del arrendamiento de Tulpo y Yamobamba a Diego Casolin de Arratia, 1625/1626, ARC leg. 14 [1626], f. 22r",no,pregonero,quoted in study (footnote 9),4,item,haciendas arrendadas,haciendas,2,las dos,porque se arriendan las dos (Tulpo y Yamobamba),353,high,
C6.b,"Remate del arrendamiento de Tulpo y Yamobamba a Diego Casolin de Arratia, 1625/1626, ARC leg. 14 [1626], f. 22r",no,pregonero,quoted in study (footnote 9),5,item,pesos de a ocho reales por arrendamiento anual,pesos,2504,Dos mill y quinientos y quatro pesos de a ocho reales,remate final a Diego Casolin de Arratia a la tercera [voz],353,high,repetición de la misma cifra
C6.c,"Auto del rodeo de la hacienda Tulpo, 1626, ARC leg. 14 [1626], f. 67v-68r",no,alcaldes don Pedro Toledo y don Juan Fernández; don Pedro Quinoquilich,quoted in study (footnote 11),1,item,indios para hacer el rodeo,indios,67,sesenta y siete,partieron a hacer el rodeo,355,high,
C6.c,"Auto del rodeo de la hacienda Tulpo, 1626, ARC leg. 14 [1626], f. 67v-68r",no,alcaldes don Pedro Toledo y don Juan Fernández; don Pedro Quinoquilich,quoted in study (footnote 11),2,item,cuadrillas del rodeo,cuadrillas,17,dies y siete,repartición de los 67 indios,355,high,
C6.d,"Autos sobre la revisión de cuentas de Juan de la Maza, 1620, ARC leg. 10, exp. 26 [1620], f. 1r",no,Juan de la Maza (ex administrador),quoted in study,1,item,días de espera del juez sin que aparezcan los quipos,días,6,seis dias,reclamo contra el quipo Agustín Guamal Xulca por no exhibir los quipos,356,high,número no leído del quipu; contexto de quipu
C6.e,"Entrega de las estancias de Tulpo y Yamobamba por José Ruiz de Arana: testimonio de Alonso Pisanquilich, mayoral de Yamobamba, 1631, ARC leg. 19 [1631], f. 10v-11r",yes,"Alonso Pisanquilich, mayoral (quipo) de Yamobamba",quoted in study,1,item,"ovejas, corderos y corderitos escogidos y sacados",cabezas,4000,quatro mil cabezas,escogidas por Domingo Sanches del Risco antes del entrego a Juan de Zabaleta,357,high,el mayoral fue obligado a desbaratar el quipo de esas manadas y rehacerlo
C6.f,"Entrega de las estancias de Tulpo y Yamobamba: testimonio de Agustín Guacaspoma, quipo de Tulpo, 1631, ARC leg. 19 [1631], f. 9r-9v",yes,"Agustín Guacaspoma, quipo de la estancia de Tulpo",quoted in study,1,item,ovejas madres vacías escogidas (las mejores),cabezas,4000,quatro mil cabezas,sacadas por Francisco García del Risco de la manada de ovejas madres vacías de Tulpo,357,high,
C6.f,"Entrega de las estancias de Tulpo y Yamobamba: testimonio de Agustín Guacaspoma, quipo de Tulpo, 1631, ARC leg. 19 [1631], f. 9r-9v",yes,"Agustín Guacaspoma, quipo de la estancia de Tulpo",quoted in study,2,item,manadas antes del saqueo,manadas,6,seis,de las dichas seis [manadas] hizo dos,357,medium,'manadas' implícito
C6.f,"Entrega de las estancias de Tulpo y Yamobamba: testimonio de Agustín Guacaspoma, quipo de Tulpo, 1631, ARC leg. 19 [1631], f. 9r-9v",yes,"Agustín Guacaspoma, quipo de la estancia de Tulpo",quoted in study,3,item,manadas después del saqueo,manadas,2,dos manadas,reagrupación del ganado ruin restante,357,high,
C6.f,"Entrega de las estancias de Tulpo y Yamobamba: testimonio de Agustín Guacaspoma, quipo de Tulpo, 1631, ARC leg. 19 [1631], f. 9r-9v",yes,"Agustín Guacaspoma, quipo de la estancia de Tulpo",quoted in study,4,item,carneros escogidos sacados,cabezas,1500,mil y quinientos carneros,"sacados por Hernando de Abila, llevados a Carabamba",357,high,
C6.f,"Entrega de las estancias de Tulpo y Yamobamba: testimonio de Agustín Guacaspoma, quipo de Tulpo, 1631, ARC leg. 19 [1631], f. 9r-9v",yes,"Agustín Guacaspoma, quipo de la estancia de Tulpo",quoted in study,5,item,ovejas sacadas (mínimo; 'eran más'),cabezas,4000,quatro mil,el testigo dice que eran más de 4000 y se remite a su quipo en la estancia,357,high,repite la cifra; límite inferior; explícitamente remitido al quipu
C6.g,"Fray Juan de Santa Gertrudis, Maravillas de la naturaleza, cap. XX, 1775 (salida de Angasmarca a Mollepata)",no,Juan de Santa Gertrudis,quoted in study,1,item,carga de guanacos amansados (mínimo),arrobas,4,4,transporte de metales de las minas,359,high,"'hasta 4 y 5 arrobas'; crónica, no registro contable"
C6.g,"Fray Juan de Santa Gertrudis, Maravillas de la naturaleza, cap. XX, 1775 (salida de Angasmarca a Mollepata)",no,Juan de Santa Gertrudis,quoted in study,2,item,carga de guanacos amansados (máximo),arrobas,5,5,transporte de metales de las minas,359,high,
C6.h,"Escritura/autos de Diego de Mora Manrique, entrega de Tulpo a los indios de Huamachuco, 1602",no,,paraphrased in study,1,item,deuda del obraje de Sinsicap a los indios de Huamachuco,pesos,8300,8300,en 1602; saldada con la estancia de Andamarca (Tulpo) y ganado,352,low,"not verbatim; author paraphrase (ARC Protocolos, Espinoza 1 [1602])"
C6.h,"Escritura/autos de Diego de Mora Manrique, entrega de Tulpo a los indios de Huamachuco, 1602",no,,paraphrased in study,2,item,ovejas de Castilla entregadas con la estancia,cabezas,2000,2000,"parte de pago de la deuda de 8300 pesos, más otros ganados",352,low,not verbatim; author paraphrase
C6.i,"Petición de los indios de Huamachuco para el arrendamiento de Tulpo, c. 1625",no,indios de Huamachuco,paraphrased in study,1,item,mitayos para el pastoreo del ganado,indios,44,44,compromiso de entregar al arrendatario,352,low,not verbatim; author paraphrase (licencia del virrey Guadalcázar 23-IV-1625)
C6.j,"Cuadro 2: Pedro Cerón entrega las cuentas de ganado a José Altamirano, Tulpo, 9-30 abril 1611, ARC, leg. 4, exp. 56 [1611], f. 8v-13v",probable,"Agustín Quinomango y Pedro (Guaman) Sacas, mayorales y quipocamayos",appendix: ganado ovejuno,1,item,ovejas madres,cabezas,697,697,guardián de manada: Juan Pircco; Tulpo 1611,368,high,"table compiled by author from ARC, leg. 4, exp. 56 [1611], f. 8v-13v"
C6.j,"Cuadro 2: Pedro Cerón entrega las cuentas de ganado a José Altamirano, Tulpo, 9-30 abril 1611, ARC, leg. 4, exp. 56 [1611], f. 8v-13v",probable,"Agustín Quinomango y Pedro (Guaman) Sacas, mayorales y quipocamayos",appendix: ganado ovejuno,2,item,corderas y corderas de 21 días,cabezas,221,221,guardián de manada: Juan Pircco; Tulpo 1611,368,medium,"table compiled by author from ARC, leg. 4, exp. 56 [1611], f. 8v-13v; sic 'corderas y corderas' (prob. corderos y corderas); en el resumen se cuentan como borregos"
C6.j,"Cuadro 2: Pedro Cerón entrega las cuentas de ganado a José Altamirano, Tulpo, 9-30 abril 1611, ARC, leg. 4, exp. 56 [1611], f. 8v-13v",probable,"Agustín Quinomango y Pedro (Guaman) Sacas, mayorales y quipocamayos",appendix: ganado ovejuno,3,subtotal,cabezas de la manada,cabezas,918,918,total de manada: Juan Pircco,368,high,"table compiled by author from ARC, leg. 4, exp. 56 [1611], f. 8v-13v; = suma de las partidas"
C6.j,"Cuadro 2: Pedro Cerón entrega las cuentas de ganado a José Altamirano, Tulpo, 9-30 abril 1611, ARC, leg. 4, exp. 56 [1611], f. 8v-13v",probable,"Agustín Quinomango y Pedro (Guaman) Sacas, mayorales y quipocamayos",appendix: ganado ovejuno,4,item,[ovejas madres],cabezas,609,609,guardián de manada: Juan Chuquiyallic; Tulpo 1611,368,medium,"table compiled by author from ARC, leg. 4, exp. 56 [1611], f. 8v-13v; descripción vacía en la tabla; inferida: el resumen 'ovejas de vientre 5601' solo cuadra con 609 como ovejas madres"
C6.j,"Cuadro 2: Pedro Cerón entrega las cuentas de ganado a José Altamirano, Tulpo, 9-30 abril 1611, ARC, leg. 4, exp. 56 [1611], f. 8v-13v",probable,"Agustín Quinomango y Pedro (Guaman) Sacas, mayorales y quipocamayos",appendix: ganado ovejuno,5,item,carneros padres,cabezas,20,20,guardián de manada: Juan Chuquiyallic; Tulpo 1611,368,high,"table compiled by author from ARC, leg. 4, exp. 56 [1611], f. 8v-13v"
C6.j,"Cuadro 2: Pedro Cerón entrega las cuentas de ganado a José Altamirano, Tulpo, 9-30 abril 1611, ARC, leg. 4, exp. 56 [1611], f. 8v-13v",probable,"Agustín Quinomango y Pedro (Guaman) Sacas, mayorales y quipocamayos",appendix: ganado ovejuno,6,item,borregos y borregas de 1 a 3 meses,cabezas,508,508,guardián de manada: Juan Chuquiyallic; Tulpo 1611,368,high,"table compiled by author from ARC, leg. 4, exp. 56 [1611], f. 8v-13v"
C6.j,"Cuadro 2: Pedro Cerón entrega las cuentas de ganado a José Altamirano, Tulpo, 9-30 abril 1611, ARC, leg. 4, exp. 56 [1611], f. 8v-13v",probable,"Agustín Quinomango y Pedro (Guaman) Sacas, mayorales y quipocamayos",appendix: ganado ovejuno,7,subtotal,cabezas de la manada,cabezas,1137,1137,total de manada: Juan Chuquiyallic,368,high,"table compiled by author from ARC, leg. 4, exp. 56 [1611], f. 8v-13v; = suma de las partidas"
C6.j,"Cuadro 2: Pedro Cerón entrega las cuentas de ganado a José Altamirano, Tulpo, 9-30 abril 1611, ARC, leg. 4, exp. 56 [1611], f. 8v-13v",probable,"Agustín Quinomango y Pedro (Guaman) Sacas, mayorales y quipocamayos",appendix: ganado ovejuno,8,item,ovejas madres,cabezas,488,488,guardián de manada: Pedro Tantamango; Tulpo 1611,368,high,"table compiled by author from ARC, leg. 4, exp. 56 [1611], f. 8v-13v"
C6.j,"Cuadro 2: Pedro Cerón entrega las cuentas de ganado a José Altamirano, Tulpo, 9-30 abril 1611, ARC, leg. 4, exp. 56 [1611], f. 8v-13v",probable,"Agustín Quinomango y Pedro (Guaman) Sacas, mayorales y quipocamayos",appendix: ganado ovejuno,9,item,carneros padres,cabezas,12,12,guardián de manada: Pedro Tantamango; Tulpo 1611,368,high,"table compiled by author from ARC, leg. 4, exp. 56 [1611], f. 8v-13v"
C6.j,"Cuadro 2: Pedro Cerón entrega las cuentas de ganado a José Altamirano, Tulpo, 9-30 abril 1611, ARC, leg. 4, exp. 56 [1611], f. 8v-13v",probable,"Agustín Quinomango y Pedro (Guaman) Sacas, mayorales y quipocamayos",appendix: ganado ovejuno,10,item,borregas y borregos de 8 a 9 meses,cabezas,432,432,guardián de manada: Pedro Tantamango; Tulpo 1611,368,high,"table compiled by author from ARC, leg. 4, exp. 56 [1611], f. 8v-13v"
C6.j,"Cuadro 2: Pedro Cerón entrega las cuentas de ganado a José Altamirano, Tulpo, 9-30 abril 1611, ARC, leg. 4, exp. 56 [1611], f. 8v-13v",probable,"Agustín Quinomango y Pedro (Guaman) Sacas, mayorales y quipocamayos",appendix: ganado ovejuno,11,subtotal,cabezas de la manada,cabezas,932,932,total de manada: Pedro Tantamango,368,high,"table compiled by author from ARC, leg. 4, exp. 56 [1611], f. 8v-13v; = suma de las partidas"
C6.j,"Cuadro 2: Pedro Cerón entrega las cuentas de ganado a José Altamirano, Tulpo, 9-30 abril 1611, ARC, leg. 4, exp. 56 [1611], f. 8v-13v",probable,"Agustín Quinomango y Pedro (Guaman) Sacas, mayorales y quipocamayos",appendix: ganado ovejuno,12,item,ovejas madres,cabezas,509,509,guardián de manada: Juan Pillaumango; Tulpo 1611,368,high,"table compiled by author from ARC, leg. 4, exp. 56 [1611], f. 8v-13v"
C6.j,"Cuadro 2: Pedro Cerón entrega las cuentas de ganado a José Altamirano, Tulpo, 9-30 abril 1611, ARC, leg. 4, exp. 56 [1611], f. 8v-13v",probable,"Agustín Quinomango y Pedro (Guaman) Sacas, mayorales y quipocamayos",appendix: ganado ovejuno,13,item,carneros padres,cabezas,11,11,guardián de manada: Juan Pillaumango; Tulpo 1611,368,high,"table compiled by author from ARC, leg. 4, exp. 56 [1611], f. 8v-13v"
C6.j,"Cuadro 2: Pedro Cerón entrega las cuentas de ganado a José Altamirano, Tulpo, 9-30 abril 1611, ARC, leg. 4, exp. 56 [1611], f. 8v-13v",probable,"Agustín Quinomango y Pedro (Guaman) Sacas, mayorales y quipocamayos",appendix: ganado ovejuno,14,item,borregos y borregas de 8 a 9 meses,cabezas,456,456,guardián de manada: Juan Pillaumango; Tulpo 1611,368,high,"table compiled by author from ARC, leg. 4, exp. 56 [1611], f. 8v-13v"
C6.j,"Cuadro 2: Pedro Cerón entrega las cuentas de ganado a José Altamirano, Tulpo, 9-30 abril 1611, ARC, leg. 4, exp. 56 [1611], f. 8v-13v",probable,"Agustín Quinomango y Pedro (Guaman) Sacas, mayorales y quipocamayos",appendix: ganado ovejuno,15,subtotal,cabezas de la manada,cabezas,976,976,total de manada: Juan Pillaumango,368,high,"table compiled by author from ARC, leg. 4, exp. 56 [1611], f. 8v-13v; = suma de las partidas"
C6.j,"Cuadro 2: Pedro Cerón entrega las cuentas de ganado a José Altamirano, Tulpo, 9-30 abril 1611, ARC, leg. 4, exp. 56 [1611], f. 8v-13v",probable,"Agustín Quinomango y Pedro (Guaman) Sacas, mayorales y quipocamayos",appendix: ganado ovejuno,16,item,ovejas de vientre,cabezas,667,667,guardián de manada: Juan Caruachicni; Tulpo 1611,368,high,"table compiled by author from ARC, leg. 4, exp. 56 [1611], f. 8v-13v"
C6.j,"Cuadro 2: Pedro Cerón entrega las cuentas de ganado a José Altamirano, Tulpo, 9-30 abril 1611, ARC, leg. 4, exp. 56 [1611], f. 8v-13v",probable,"Agustín Quinomango y Pedro (Guaman) Sacas, mayorales y quipocamayos",appendix: ganado ovejuno,17,item,carneros padres,cabezas,11,11,guardián de manada: Juan Caruachicni; Tulpo 1611,368,high,"table compiled by author from ARC, leg. 4, exp. 56 [1611], f. 8v-13v"
C6.j,"Cuadro 2: Pedro Cerón entrega las cuentas de ganado a José Altamirano, Tulpo, 9-30 abril 1611, ARC, leg. 4, exp. 56 [1611], f. 8v-13v",probable,"Agustín Quinomango y Pedro (Guaman) Sacas, mayorales y quipocamayos",appendix: ganado ovejuno,18,subtotal,cabezas de la manada,cabezas,678,678,total de manada: Juan Caruachicni,368,high,"table compiled by author from ARC, leg. 4, exp. 56 [1611], f. 8v-13v; = suma de las partidas"
C6.j,"Cuadro 2: Pedro Cerón entrega las cuentas de ganado a José Altamirano, Tulpo, 9-30 abril 1611, ARC, leg. 4, exp. 56 [1611], f. 8v-13v",probable,"Agustín Quinomango y Pedro (Guaman) Sacas, mayorales y quipocamayos",appendix: ganado ovejuno,19,item,ovejas madres,cabezas,870,870,guardián de manada: Pedro Llacxacondor; Tulpo 1611,368,high,"table compiled by author from ARC, leg. 4, exp. 56 [1611], f. 8v-13v"
C6.j,"Cuadro 2: Pedro Cerón entrega las cuentas de ganado a José Altamirano, Tulpo, 9-30 abril 1611, ARC, leg. 4, exp. 56 [1611], f. 8v-13v",probable,"Agustín Quinomango y Pedro (Guaman) Sacas, mayorales y quipocamayos",appendix: ganado ovejuno,20,item,carneros padres,cabezas,10,10,guardián de manada: Pedro Llacxacondor; Tulpo 1611,368,high,"table compiled by author from ARC, leg. 4, exp. 56 [1611], f. 8v-13v"
C6.j,"Cuadro 2: Pedro Cerón entrega las cuentas de ganado a José Altamirano, Tulpo, 9-30 abril 1611, ARC, leg. 4, exp. 56 [1611], f. 8v-13v",probable,"Agustín Quinomango y Pedro (Guaman) Sacas, mayorales y quipocamayos",appendix: ganado ovejuno,21,subtotal,cabezas de la manada,cabezas,880,880,total de manada: Pedro Llacxacondor,368,high,"table compiled by author from ARC, leg. 4, exp. 56 [1611], f. 8v-13v; = suma de las partidas"
C6.j,"Cuadro 2: Pedro Cerón entrega las cuentas de ganado a José Altamirano, Tulpo, 9-30 abril 1611, ARC, leg. 4, exp. 56 [1611], f. 8v-13v",probable,"Agustín Quinomango y Pedro (Guaman) Sacas, mayorales y quipocamayos",appendix: ganado ovejuno,22,item,ovejas madres,cabezas,555,555,guardián de manada: Diego Guamanquillich; Tulpo 1611,368,high,"table compiled by author from ARC, leg. 4, exp. 56 [1611], f. 8v-13v"
C6.j,"Cuadro 2: Pedro Cerón entrega las cuentas de ganado a José Altamirano, Tulpo, 9-30 abril 1611, ARC, leg. 4, exp. 56 [1611], f. 8v-13v",probable,"Agustín Quinomango y Pedro (Guaman) Sacas, mayorales y quipocamayos",appendix: ganado ovejuno,23,item,carneros padres,cabezas,10,10,guardián de manada: Diego Guamanquillich; Tulpo 1611,368,high,"table compiled by author from ARC, leg. 4, exp. 56 [1611], f. 8v-13v"
C6.j,"Cuadro 2: Pedro Cerón entrega las cuentas de ganado a José Altamirano, Tulpo, 9-30 abril 1611, ARC, leg. 4, exp. 56 [1611], f. 8v-13v",probable,"Agustín Quinomango y Pedro (Guaman) Sacas, mayorales y quipocamayos",appendix: ganado ovejuno,24,item,borregos y borregas,cabezas,528,528,guardián de manada: Diego Guamanquillich; Tulpo 1611,368,high,"table compiled by author from ARC, leg. 4, exp. 56 [1611], f. 8v-13v"
C6.j,"Cuadro 2: Pedro Cerón entrega las cuentas de ganado a José Altamirano, Tulpo, 9-30 abril 1611, ARC, leg. 4, exp. 56 [1611], f. 8v-13v",probable,"Agustín Quinomango y Pedro (Guaman) Sacas, mayorales y quipocamayos",appendix: ganado ovejuno,25,subtotal,cabezas de la manada,cabezas,1093,1093,total de manada: Diego Guamanquillich,368,high,"table compiled by author from ARC, leg. 4, exp. 56 [1611], f. 8v-13v; = suma de las partidas"
C6.j,"Cuadro 2: Pedro Cerón entrega las cuentas de ganado a José Altamirano, Tulpo, 9-30 abril 1611, ARC, leg. 4, exp. 56 [1611], f. 8v-13v",probable,"Agustín Quinomango y Pedro (Guaman) Sacas, mayorales y quipocamayos",appendix: ganado ovejuno,26,item,ovejas madres,cabezas,839,839,guardián de manada: Agustín Quispi; Tulpo 1611,368,high,"table compiled by author from ARC, leg. 4, exp. 56 [1611], f. 8v-13v"
C6.j,"Cuadro 2: Pedro Cerón entrega las cuentas de ganado a José Altamirano, Tulpo, 9-30 abril 1611, ARC, leg. 4, exp. 56 [1611], f. 8v-13v",probable,"Agustín Quinomango y Pedro (Guaman) Sacas, mayorales y quipocamayos",appendix: ganado ovejuno,27,item,carneros padres,cabezas,10,10,guardián de manada: Agustín Quispi; Tulpo 1611,368,high,"table compiled by author from ARC, leg. 4, exp. 56 [1611], f. 8v-13v"
C6.j,"Cuadro 2: Pedro Cerón entrega las cuentas de ganado a José Altamirano, Tulpo, 9-30 abril 1611, ARC, leg. 4, exp. 56 [1611], f. 8v-13v",probable,"Agustín Quinomango y Pedro (Guaman) Sacas, mayorales y quipocamayos",appendix: ganado ovejuno,28,subtotal,cabezas de la manada,cabezas,849,849,total de manada: Agustín Quispi,368,high,"table compiled by author from ARC, leg. 4, exp. 56 [1611], f. 8v-13v; = suma de las partidas"
C6.j,"Cuadro 2: Pedro Cerón entrega las cuentas de ganado a José Altamirano, Tulpo, 9-30 abril 1611, ARC, leg. 4, exp. 56 [1611], f. 8v-13v",probable,"Agustín Quinomango y Pedro (Guaman) Sacas, mayorales y quipocamayos",appendix: ganado ovejuno,29,item,ovejas madres,cabezas,367,367,guardián de manada: Martín Pomacondor; Tulpo 1611,368,high,"table compiled by author from ARC, leg. 4, exp. 56 [1611], f. 8v-13v"
C6.j,"Cuadro 2: Pedro Cerón entrega las cuentas de ganado a José Altamirano, Tulpo, 9-30 abril 1611, ARC, leg. 4, exp. 56 [1611], f. 8v-13v",probable,"Agustín Quinomango y Pedro (Guaman) Sacas, mayorales y quipocamayos",appendix: ganado ovejuno,30,item,carneros padres,cabezas,7,7,guardián de manada: Martín Pomacondor; Tulpo 1611,368,high,"table compiled by author from ARC, leg. 4, exp. 56 [1611], f. 8v-13v"
C6.j,"Cuadro 2: Pedro Cerón entrega las cuentas de ganado a José Altamirano, Tulpo, 9-30 abril 1611, ARC, leg. 4, exp. 56 [1611], f. 8v-13v",probable,"Agustín Quinomango y Pedro (Guaman) Sacas, mayorales y quipocamayos",appendix: ganado ovejuno,31,item,borregos y borregas de 9 a 10 meses,cabezas,315,315,guardián de manada: Martín Pomacondor; Tulpo 1611,368,high,"table compiled by author from ARC, leg. 4, exp. 56 [1611], f. 8v-13v"
C6.j,"Cuadro 2: Pedro Cerón entrega las cuentas de ganado a José Altamirano, Tulpo, 9-30 abril 1611, ARC, leg. 4, exp. 56 [1611], f. 8v-13v",probable,"Agustín Quinomango y Pedro (Guaman) Sacas, mayorales y quipocamayos",appendix: ganado ovejuno,32,subtotal,cabezas de la manada,cabezas,689,689,total de manada: Martín Pomacondor,368,high,"table compiled by author from ARC, leg. 4, exp. 56 [1611], f. 8v-13v; = suma de las partidas"
C6.j,"Cuadro 2: Pedro Cerón entrega las cuentas de ganado a José Altamirano, Tulpo, 9-30 abril 1611, ARC, leg. 4, exp. 56 [1611], f. 8v-13v",probable,"Agustín Quinomango y Pedro (Guaman) Sacas, mayorales y quipocamayos",appendix: ganado ovejuno,33,item,carneros para padres,cabezas,179,179,guardián de manada: Agustín Godoy; Tulpo 1611,368,high,"table compiled by author from ARC, leg. 4, exp. 56 [1611], f. 8v-13v"
C6.j,"Cuadro 2: Pedro Cerón entrega las cuentas de ganado a José Altamirano, Tulpo, 9-30 abril 1611, ARC, leg. 4, exp. 56 [1611], f. 8v-13v",probable,"Agustín Quinomango y Pedro (Guaman) Sacas, mayorales y quipocamayos",appendix: ganado ovejuno,34,subtotal,cabezas de la manada,cabezas,179,179,total de manada: Agustín Godoy,368,high,"table compiled by author from ARC, leg. 4, exp. 56 [1611], f. 8v-13v; = suma de las partidas"
C6.j,"Cuadro 2: Pedro Cerón entrega las cuentas de ganado a José Altamirano, Tulpo, 9-30 abril 1611, ARC, leg. 4, exp. 56 [1611], f. 8v-13v",probable,"Agustín Quinomango y Pedro (Guaman) Sacas, mayorales y quipocamayos",appendix: ganado ovejuno,35,total,ganado ovejuno total (suma de manadas),cabezas,8331,8331,Tulpo 1611,368,high,"table compiled by author from ARC, leg. 4, exp. 56 [1611], f. 8v-13v; = suma de las 10 manadas"
C6.j,"Cuadro 2: Pedro Cerón entrega las cuentas de ganado a José Altamirano, Tulpo, 9-30 abril 1611, ARC, leg. 4, exp. 56 [1611], f. 8v-13v",probable,"Agustín Quinomango y Pedro (Guaman) Sacas, mayorales y quipocamayos","appendix: ganado ovejuno, resumen por categoría",36,subtotal,ovejas de vientre,cabezas,5601,5601,resumen Tulpo 1611,368,high,"table compiled by author from ARC, leg. 4, exp. 56 [1611], f. 8v-13v; verificado: = suma de la categoría en las manadas"
C6.j,"Cuadro 2: Pedro Cerón entrega las cuentas de ganado a José Altamirano, Tulpo, 9-30 abril 1611, ARC, leg. 4, exp. 56 [1611], f. 8v-13v",probable,"Agustín Quinomango y Pedro (Guaman) Sacas, mayorales y quipocamayos","appendix: ganado ovejuno, resumen por categoría",37,subtotal,carneros padres,cabezas,91,91,resumen Tulpo 1611,368,high,"table compiled by author from ARC, leg. 4, exp. 56 [1611], f. 8v-13v; verificado: = suma de la categoría en las manadas"
C6.j,"Cuadro 2: Pedro Cerón entrega las cuentas de ganado a José Altamirano, Tulpo, 9-30 abril 1611, ARC, leg. 4, exp. 56 [1611], f. 8v-13v",probable,"Agustín Quinomango y Pedro (Guaman) Sacas, mayorales y quipocamayos","appendix: ganado ovejuno, resumen por categoría",38,subtotal,borregos y borregas desde 8 días a 10 meses,cabezas,2460,2460,resumen Tulpo 1611,368,high,"table compiled by author from ARC, leg. 4, exp. 56 [1611], f. 8v-13v; verificado: = suma de la categoría en las manadas; incluye las 221 corderas de 21 días"
C6.j,"Cuadro 2: Pedro Cerón entrega las cuentas de ganado a José Altamirano, Tulpo, 9-30 abril 1611, ARC, leg. 4, exp. 56 [1611], f. 8v-13v",probable,"Agustín Quinomango y Pedro (Guaman) Sacas, mayorales y quipocamayos","appendix: ganado ovejuno, resumen por categoría",39,subtotal,carneros quedan para padres,cabezas,179,179,resumen Tulpo 1611,368,high,"table compiled by author from ARC, leg. 4, exp. 56 [1611], f. 8v-13v; verificado: = suma de la categoría en las manadas"
C6.j,"Cuadro 2: Pedro Cerón entrega las cuentas de ganado a José Altamirano, Tulpo, 9-30 abril 1611, ARC, leg. 4, exp. 56 [1611], f. 8v-13v",probable,"Agustín Quinomango y Pedro (Guaman) Sacas, mayorales y quipocamayos","appendix: ganado ovejuno, resumen por categoría",40,total,ganado ovejuno total (resumen),cabezas,8331,8331,resumen Tulpo 1611,368,high,"table compiled by author from ARC, leg. 4, exp. 56 [1611], f. 8v-13v; 5601+91+2460+179=8331"
C6.j,"Cuadro 2: Pedro Cerón entrega las cuentas de ganado a José Altamirano, Tulpo, 9-30 abril 1611, ARC, leg. 4, exp. 56 [1611], f. 8v-13v",probable,"Agustín Quinomango y Pedro (Guaman) Sacas, mayorales y quipocamayos",appendix: ganado vacuno,41,item,vacas de vientre,cabezas,353,353,Tulpo 1611,369,high,"table compiled by author from ARC, leg. 4, exp. 56 [1611], f. 8v-13v"
C6.j,"Cuadro 2: Pedro Cerón entrega las cuentas de ganado a José Altamirano, Tulpo, 9-30 abril 1611, ARC, leg. 4, exp. 56 [1611], f. 8v-13v",probable,"Agustín Quinomango y Pedro (Guaman) Sacas, mayorales y quipocamayos",appendix: ganado vacuno,42,item,toros padres,cabezas,95,95,Tulpo 1611,369,high,"table compiled by author from ARC, leg. 4, exp. 56 [1611], f. 8v-13v"
C6.j,"Cuadro 2: Pedro Cerón entrega las cuentas de ganado a José Altamirano, Tulpo, 9-30 abril 1611, ARC, leg. 4, exp. 56 [1611], f. 8v-13v",probable,"Agustín Quinomango y Pedro (Guaman) Sacas, mayorales y quipocamayos",appendix: ganado vacuno,43,item,becerros y becerras de 2 meses,cabezas,718,718,Tulpo 1611: 'vecerros 718 becerros y becerras de 2 meses',369,high,"table compiled by author from ARC, leg. 4, exp. 56 [1611], f. 8v-13v"
C6.j,"Cuadro 2: Pedro Cerón entrega las cuentas de ganado a José Altamirano, Tulpo, 9-30 abril 1611, ARC, leg. 4, exp. 56 [1611], f. 8v-13v",probable,"Agustín Quinomango y Pedro (Guaman) Sacas, mayorales y quipocamayos",appendix: ganado vacuno,44,item,becerros de 1 año a 2 años,cabezas,42,42,Tulpo 1611,369,high,"table compiled by author from ARC, leg. 4, exp. 56 [1611], f. 8v-13v"
C6.j,"Cuadro 2: Pedro Cerón entrega las cuentas de ganado a José Altamirano, Tulpo, 9-30 abril 1611, ARC, leg. 4, exp. 56 [1611], f. 8v-13v",probable,"Agustín Quinomango y Pedro (Guaman) Sacas, mayorales y quipocamayos",appendix: ganado vacuno,45,item,novillos,cabezas,9,9,Tulpo 1611,369,high,"table compiled by author from ARC, leg. 4, exp. 56 [1611], f. 8v-13v"
C6.j,"Cuadro 2: Pedro Cerón entrega las cuentas de ganado a José Altamirano, Tulpo, 9-30 abril 1611, ARC, leg. 4, exp. 56 [1611], f. 8v-13v",probable,"Agustín Quinomango y Pedro (Guaman) Sacas, mayorales y quipocamayos",appendix: ganado vacuno,46,total,ganado vacuno total,cabezas,1217,1217,Tulpo 1611,369,high,"table compiled by author from ARC, leg. 4, exp. 56 [1611], f. 8v-13v; verificado: suma = 1217"
C6.j,"Cuadro 2: Pedro Cerón entrega las cuentas de ganado a José Altamirano, Tulpo, 9-30 abril 1611, ARC, leg. 4, exp. 56 [1611], f. 8v-13v",probable,"Agustín Quinomango y Pedro (Guaman) Sacas, mayorales y quipocamayos",appendix: ganado caballar,47,item,yeguas de vientre,cabezas,206,206,Tulpo 1611,369,high,"table compiled by author from ARC, leg. 4, exp. 56 [1611], f. 8v-13v"
C6.j,"Cuadro 2: Pedro Cerón entrega las cuentas de ganado a José Altamirano, Tulpo, 9-30 abril 1611, ARC, leg. 4, exp. 56 [1611], f. 8v-13v",probable,"Agustín Quinomango y Pedro (Guaman) Sacas, mayorales y quipocamayos",appendix: ganado caballar,48,item,caballos padres,cabezas,9,9,Tulpo 1611,369,high,"table compiled by author from ARC, leg. 4, exp. 56 [1611], f. 8v-13v"
C6.j,"Cuadro 2: Pedro Cerón entrega las cuentas de ganado a José Altamirano, Tulpo, 9-30 abril 1611, ARC, leg. 4, exp. 56 [1611], f. 8v-13v",probable,"Agustín Quinomango y Pedro (Guaman) Sacas, mayorales y quipocamayos",appendix: ganado caballar,49,item,potros,cabezas,2,2,"Tulpo 1611: con hierro de la hacienda, de los que entregó (Sebastián) Domínguez de la Parada",369,high,"table compiled by author from ARC, leg. 4, exp. 56 [1611], f. 8v-13v"
C6.j,"Cuadro 2: Pedro Cerón entrega las cuentas de ganado a José Altamirano, Tulpo, 9-30 abril 1611, ARC, leg. 4, exp. 56 [1611], f. 8v-13v",probable,"Agustín Quinomango y Pedro (Guaman) Sacas, mayorales y quipocamayos",appendix: ganado caballar,50,item,caballos mansos,cabezas,2,2,Tulpo 1611,369,high,"table compiled by author from ARC, leg. 4, exp. 56 [1611], f. 8v-13v"
C6.j,"Cuadro 2: Pedro Cerón entrega las cuentas de ganado a José Altamirano, Tulpo, 9-30 abril 1611, ARC, leg. 4, exp. 56 [1611], f. 8v-13v",probable,"Agustín Quinomango y Pedro (Guaman) Sacas, mayorales y quipocamayos",appendix: ganado caballar,51,item,potros y potrancas de 2 años y más,cabezas,93,93,Tulpo 1611: de los que entregó Sebastián Domínguez de la Parada,369,high,"table compiled by author from ARC, leg. 4, exp. 56 [1611], f. 8v-13v"
C6.j,"Cuadro 2: Pedro Cerón entrega las cuentas de ganado a José Altamirano, Tulpo, 9-30 abril 1611, ARC, leg. 4, exp. 56 [1611], f. 8v-13v",probable,"Agustín Quinomango y Pedro (Guaman) Sacas, mayorales y quipocamayos",appendix: ganado caballar,52,item,potros y potrancas,cabezas,100,100,Tulpo 1611: del dicho Pedro Cerón según los mayorales,369,high,"table compiled by author from ARC, leg. 4, exp. 56 [1611], f. 8v-13v; 'según los mayorales' = declaración de los mayorales/quipocamayos"
C6.j,"Cuadro 2: Pedro Cerón entrega las cuentas de ganado a José Altamirano, Tulpo, 9-30 abril 1611, ARC, leg. 4, exp. 56 [1611], f. 8v-13v",probable,"Agustín Quinomango y Pedro (Guaman) Sacas, mayorales y quipocamayos",appendix: ganado caballar,53,total,ganado caballar total,cabezas,412,412,Tulpo 1611,369,high,"table compiled by author from ARC, leg. 4, exp. 56 [1611], f. 8v-13v; verificado: suma = 412"
C6.j,"Cuadro 2: Pedro Cerón entrega las cuentas de ganado a José Altamirano, Tulpo, 9-30 abril 1611, ARC, leg. 4, exp. 56 [1611], f. 8v-13v",probable,"Agustín Quinomango y Pedro (Guaman) Sacas, mayorales y quipocamayos",appendix: caballos mansos y potros (segundo bloque),54,item,caballos mansos de vaquería,cabezas,13,13,1611,369,high,"table compiled by author from ARC, leg. 4, exp. 56 [1611], f. 8v-13v"
C6.j,"Cuadro 2: Pedro Cerón entrega las cuentas de ganado a José Altamirano, Tulpo, 9-30 abril 1611, ARC, leg. 4, exp. 56 [1611], f. 8v-13v",probable,"Agustín Quinomango y Pedro (Guaman) Sacas, mayorales y quipocamayos",appendix: caballos mansos y potros (segundo bloque),55,item,potros,cabezas,12,12,1611: los entregó Sebastián Domínguez de la Parada,369,high,"table compiled by author from ARC, leg. 4, exp. 56 [1611], f. 8v-13v"
C6.j,"Cuadro 2: Pedro Cerón entrega las cuentas de ganado a José Altamirano, Tulpo, 9-30 abril 1611, ARC, leg. 4, exp. 56 [1611], f. 8v-13v",probable,"Agustín Quinomango y Pedro (Guaman) Sacas, mayorales y quipocamayos",appendix: caballos mansos y potros (segundo bloque),56,item,potros en Yamobamba (fila rotulada 'Caballos mansos'),cabezas,6,6,1611: potros en Yamobamba que entregó Sebastián Domínguez de la Parada,369,medium,"table compiled by author from ARC, leg. 4, exp. 56 [1611], f. 8v-13v; rótulo de fila 'Caballos mansos' contradice la descripción 'potros en Yamobamba'"
C6.j,"Cuadro 2: Pedro Cerón entrega las cuentas de ganado a José Altamirano, Tulpo, 9-30 abril 1611, ARC, leg. 4, exp. 56 [1611], f. 8v-13v",probable,"Agustín Quinomango y Pedro (Guaman) Sacas, mayorales y quipocamayos",appendix: caballos mansos y potros (segundo bloque),57,item,caballos mansos con pierna hinchada,cabezas,1,1,1611,369,high,"table compiled by author from ARC, leg. 4, exp. 56 [1611], f. 8v-13v"
C6.j,"Cuadro 2: Pedro Cerón entrega las cuentas de ganado a José Altamirano, Tulpo, 9-30 abril 1611, ARC, leg. 4, exp. 56 [1611], f. 8v-13v",probable,"Agustín Quinomango y Pedro (Guaman) Sacas, mayorales y quipocamayos",appendix: caballos mansos y potros (segundo bloque),58,total,total segundo bloque caballar,cabezas,32,32,1611,369,high,"table compiled by author from ARC, leg. 4, exp. 56 [1611], f. 8v-13v; verificado: 13+12+6+1=32"
C6.k,"Cuadro 3: Memoria del conteo ante el juez Jerónimo de Espinosa, cuentas de Tulpo y Yamobamba, 10-21 febrero 1625, ARC, leg. 14 [1626], f. 11r-13v",probable,,"appendix: Tulpo, ganado vacuno",1,item,vacas de vientre,cabezas,611,611,"Tulpo, 10-12 feb 1625",370,high,"table compiled by author from ARC, leg. 14 [1626], f. 11r-13v; valores idénticos a Cuadro 4 (1626), donde 285 = 'un año o menos'"
C6.k,"Cuadro 3: Memoria del conteo ante el juez Jerónimo de Espinosa, cuentas de Tulpo y Yamobamba, 10-21 febrero 1625, ARC, leg. 14 [1626], f. 11r-13v",probable,,"appendix: Tulpo, ganado vacuno",2,item,toros padres,cabezas,59,59,"Tulpo, 10-12 feb 1625",370,high,"table compiled by author from ARC, leg. 14 [1626], f. 11r-13v; valores idénticos a Cuadro 4 (1626), donde 285 = 'un año o menos'"
C6.k,"Cuadro 3: Memoria del conteo ante el juez Jerónimo de Espinosa, cuentas de Tulpo y Yamobamba, 10-21 febrero 1625, ARC, leg. 14 [1626], f. 11r-13v",probable,,"appendix: Tulpo, ganado vacuno",3,item,terneros y terneras (un año o más),cabezas,84,84,"Tulpo, 10-12 feb 1625",370,high,"table compiled by author from ARC, leg. 14 [1626], f. 11r-13v; valores idénticos a Cuadro 4 (1626), donde 285 = 'un año o menos'"
C6.k,"Cuadro 3: Memoria del conteo ante el juez Jerónimo de Espinosa, cuentas de Tulpo y Yamobamba, 10-21 febrero 1625, ARC, leg. 14 [1626], f. 11r-13v",probable,,"appendix: Tulpo, ganado vacuno",4,item,becerros machos (un año o más),cabezas,285,285,"Tulpo, 10-12 feb 1625",370,high,"table compiled by author from ARC, leg. 14 [1626], f. 11r-13v; valores idénticos a Cuadro 4 (1626), donde 285 = 'un año o menos'"
C6.k,"Cuadro 3: Memoria del conteo ante el juez Jerónimo de Espinosa, cuentas de Tulpo y Yamobamba, 10-21 febrero 1625, ARC, leg. 14 [1626], f. 11r-13v",probable,,"appendix: Tulpo, ganado vacuno",5,item,novillos,cabezas,3,3,"Tulpo, 10-12 feb 1625",370,high,"table compiled by author from ARC, leg. 14 [1626], f. 11r-13v; valores idénticos a Cuadro 4 (1626), donde 285 = 'un año o menos'"
C6.k,"Cuadro 3: Memoria del conteo ante el juez Jerónimo de Espinosa, cuentas de Tulpo y Yamobamba, 10-21 febrero 1625, ARC, leg. 14 [1626], f. 11r-13v",probable,,"appendix: Tulpo, ganado vacuno",6,total,ganado vacuno total,cabezas,1042,1042,Tulpo 1625,370,high,"table compiled by author from ARC, leg. 14 [1626], f. 11r-13v; verificado: suma = 1042"
C6.k,"Cuadro 3: Memoria del conteo ante el juez Jerónimo de Espinosa, cuentas de Tulpo y Yamobamba, 10-21 febrero 1625, ARC, leg. 14 [1626], f. 11r-13v",probable,,"appendix: Tulpo, ganado ovejuno",7,item,ovejas de vientre,cabezas,547,547,dueño de manada: Pedro Tanta Mango (Santiago de Chuco); Tulpo 1625,370,high,"table compiled by author from ARC, leg. 14 [1626], f. 11r-13v"
C6.k,"Cuadro 3: Memoria del conteo ante el juez Jerónimo de Espinosa, cuentas de Tulpo y Yamobamba, 10-21 febrero 1625, ARC, leg. 14 [1626], f. 11r-13v",probable,,"appendix: Tulpo, ganado ovejuno",8,item,carneros padres,cabezas,10,10,dueño de manada: Pedro Tanta Mango (Santiago de Chuco); Tulpo 1625; columna 'Agregados',370,high,"table compiled by author from ARC, leg. 14 [1626], f. 11r-13v; columna Agregados: no incluida en el total 11754"
C6.k,"Cuadro 3: Memoria del conteo ante el juez Jerónimo de Espinosa, cuentas de Tulpo y Yamobamba, 10-21 febrero 1625, ARC, leg. 14 [1626], f. 11r-13v",probable,,"appendix: Tulpo, ganado ovejuno",9,item,ovejas vacías,cabezas,920,920,dueño de manada: Martín Tanta Julca (Santiago de Chuco); Tulpo 1625,370,high,"table compiled by author from ARC, leg. 14 [1626], f. 11r-13v"
C6.k,"Cuadro 3: Memoria del conteo ante el juez Jerónimo de Espinosa, cuentas de Tulpo y Yamobamba, 10-21 febrero 1625, ARC, leg. 14 [1626], f. 11r-13v",probable,,"appendix: Tulpo, ganado ovejuno",10,item,carneros,cabezas,39,39,dueño de manada: Martín Tanta Julca (Santiago de Chuco); Tulpo 1625; columna 'Agregados',370,high,"table compiled by author from ARC, leg. 14 [1626], f. 11r-13v; columna Agregados: no incluida en el total 11754"
C6.k,"Cuadro 3: Memoria del conteo ante el juez Jerónimo de Espinosa, cuentas de Tulpo y Yamobamba, 10-21 febrero 1625, ARC, leg. 14 [1626], f. 11r-13v",probable,,"appendix: Tulpo, ganado ovejuno",11,item,ovejas paridas,cabezas,610,610,dueño de manada: Juan Chuqui Xulca (Santiago de Chuco); Tulpo 1625,370,high,"table compiled by author from ARC, leg. 14 [1626], f. 11r-13v"
C6.k,"Cuadro 3: Memoria del conteo ante el juez Jerónimo de Espinosa, cuentas de Tulpo y Yamobamba, 10-21 febrero 1625, ARC, leg. 14 [1626], f. 11r-13v",probable,,"appendix: Tulpo, ganado ovejuno",12,item,corderos de 3 a 2 meses,cabezas,605,605,dueño de manada: Juan Chuqui Xulca (Santiago de Chuco); Tulpo 1625,370,medium,"table compiled by author from ARC, leg. 14 [1626], f. 11r-13v; sic '3 a 2 meses'"
C6.k,"Cuadro 3: Memoria del conteo ante el juez Jerónimo de Espinosa, cuentas de Tulpo y Yamobamba, 10-21 febrero 1625, ARC, leg. 14 [1626], f. 11r-13v",probable,,"appendix: Tulpo, ganado ovejuno",13,item,ovejas madres,cabezas,904,904,dueño de manada: Joan Pinco (Santiago de Chuco); Tulpo 1625,370,high,"table compiled by author from ARC, leg. 14 [1626], f. 11r-13v"
C6.k,"Cuadro 3: Memoria del conteo ante el juez Jerónimo de Espinosa, cuentas de Tulpo y Yamobamba, 10-21 febrero 1625, ARC, leg. 14 [1626], f. 11r-13v",probable,,"appendix: Tulpo, ganado ovejuno",14,item,carneros padres,cabezas,40,40,dueño de manada: Joan Pinco (Santiago de Chuco); Tulpo 1625; columna 'Agregados',370,high,"table compiled by author from ARC, leg. 14 [1626], f. 11r-13v; columna Agregados: no incluida en el total 11754"
C6.k,"Cuadro 3: Memoria del conteo ante el juez Jerónimo de Espinosa, cuentas de Tulpo y Yamobamba, 10-21 febrero 1625, ARC, leg. 14 [1626], f. 11r-13v",probable,,"appendix: Tulpo, ganado ovejuno",15,item,borregos,cabezas,7,7,dueño de manada: Joan Pinco (Santiago de Chuco); Tulpo 1625; columna 'Agregados',370,high,"table compiled by author from ARC, leg. 14 [1626], f. 11r-13v; columna Agregados: no incluida en el total 11754"
C6.k,"Cuadro 3: Memoria del conteo ante el juez Jerónimo de Espinosa, cuentas de Tulpo y Yamobamba, 10-21 febrero 1625, ARC, leg. 14 [1626], f. 11r-13v",probable,,"appendix: Tulpo, ganado ovejuno",16,item,ovejas,cabezas,890,890,dueño de manada: Alonso Guacarmagos (Santiago de Chuco); Tulpo 1625,370,high,"table compiled by author from ARC, leg. 14 [1626], f. 11r-13v"
C6.k,"Cuadro 3: Memoria del conteo ante el juez Jerónimo de Espinosa, cuentas de Tulpo y Yamobamba, 10-21 febrero 1625, ARC, leg. 14 [1626], f. 11r-13v",probable,,"appendix: Tulpo, ganado ovejuno",17,item,carneros,cabezas,30,30,dueño de manada: Alonso Guacarmagos (Santiago de Chuco); Tulpo 1625; columna 'Agregados',370,high,"table compiled by author from ARC, leg. 14 [1626], f. 11r-13v; columna Agregados: no incluida en el total 11754"
C6.k,"Cuadro 3: Memoria del conteo ante el juez Jerónimo de Espinosa, cuentas de Tulpo y Yamobamba, 10-21 febrero 1625, ARC, leg. 14 [1626], f. 11r-13v",probable,,"appendix: Tulpo, ganado ovejuno",18,item,ovejas madres,cabezas,821,821,dueño de manada: Agustín Tantajulca; Tulpo 1625,370,high,"table compiled by author from ARC, leg. 14 [1626], f. 11r-13v"
C6.k,"Cuadro 3: Memoria del conteo ante el juez Jerónimo de Espinosa, cuentas de Tulpo y Yamobamba, 10-21 febrero 1625, ARC, leg. 14 [1626], f. 11r-13v",probable,,"appendix: Tulpo, ganado ovejuno",19,item,carneros padres,cabezas,29,29,dueño de manada: Agustín Tantajulca; Tulpo 1625; columna 'Agregados',370,high,"table compiled by author from ARC, leg. 14 [1626], f. 11r-13v; columna Agregados: no incluida en el total 11754"
C6.k,"Cuadro 3: Memoria del conteo ante el juez Jerónimo de Espinosa, cuentas de Tulpo y Yamobamba, 10-21 febrero 1625, ARC, leg. 14 [1626], f. 11r-13v",probable,,"appendix: Tulpo, ganado ovejuno",20,item,ovejas de 1 año,cabezas,1071,1071,dueño de manada: Juan Quispenaupa; Tulpo 1625,370,high,"table compiled by author from ARC, leg. 14 [1626], f. 11r-13v;  OCR 'QuispenaUpa' = Quispeñaupa"
C6.k,"Cuadro 3: Memoria del conteo ante el juez Jerónimo de Espinosa, cuentas de Tulpo y Yamobamba, 10-21 febrero 1625, ARC, leg. 14 [1626], f. 11r-13v",probable,,"appendix: Tulpo, ganado ovejuno",21,item,ovejas madres,cabezas,619,619,dueño de manada: Diego Llachimango; Tulpo 1625,370,high,"table compiled by author from ARC, leg. 14 [1626], f. 11r-13v"
C6.k,"Cuadro 3: Memoria del conteo ante el juez Jerónimo de Espinosa, cuentas de Tulpo y Yamobamba, 10-21 febrero 1625, ARC, leg. 14 [1626], f. 11r-13v",probable,,"appendix: Tulpo, ganado ovejuno",22,item,ovejas del indio de la manada,cabezas,3,3,dueño de manada: Diego Llachimango; Tulpo 1625,370,high,"table compiled by author from ARC, leg. 14 [1626], f. 11r-13v"
C6.k,"Cuadro 3: Memoria del conteo ante el juez Jerónimo de Espinosa, cuentas de Tulpo y Yamobamba, 10-21 febrero 1625, ARC, leg. 14 [1626], f. 11r-13v",probable,,"appendix: Tulpo, ganado ovejuno",23,item,corderos y corderas de 6 meses,cabezas,591,591,dueño de manada: Diego Llachimango; Tulpo 1625,370,high,"table compiled by author from ARC, leg. 14 [1626], f. 11r-13v"
C6.k,"Cuadro 3: Memoria del conteo ante el juez Jerónimo de Espinosa, cuentas de Tulpo y Yamobamba, 10-21 febrero 1625, ARC, leg. 14 [1626], f. 11r-13v",probable,,"appendix: Tulpo, ganado ovejuno",24,item,carneros padres,cabezas,20,20,dueño de manada: Diego Llachimango; Tulpo 1625; columna 'Agregados',370,high,"table compiled by author from ARC, leg. 14 [1626], f. 11r-13v; columna Agregados: no incluida en el total 11754"
C6.k,"Cuadro 3: Memoria del conteo ante el juez Jerónimo de Espinosa, cuentas de Tulpo y Yamobamba, 10-21 febrero 1625, ARC, leg. 14 [1626], f. 11r-13v",probable,,"appendix: Tulpo, ganado ovejuno",25,item,ovejas madres,cabezas,640,640,dueño de manada: Diego Guamanquiliche; Tulpo 1625,370,high,"table compiled by author from ARC, leg. 14 [1626], f. 11r-13v"
C6.k,"Cuadro 3: Memoria del conteo ante el juez Jerónimo de Espinosa, cuentas de Tulpo y Yamobamba, 10-21 febrero 1625, ARC, leg. 14 [1626], f. 11r-13v",probable,,"appendix: Tulpo, ganado ovejuno",26,item,corderos y corderas de 4 a 5 meses,cabezas,593,593,dueño de manada: Diego Guamanquiliche; Tulpo 1625,370,high,"table compiled by author from ARC, leg. 14 [1626], f. 11r-13v"
C6.k,"Cuadro 3: Memoria del conteo ante el juez Jerónimo de Espinosa, cuentas de Tulpo y Yamobamba, 10-21 febrero 1625, ARC, leg. 14 [1626], f. 11r-13v",probable,,"appendix: Tulpo, ganado ovejuno",27,item,carneros padres,cabezas,390,390,dueño de manada: Diego Guamanquiliche; Tulpo 1625; columna 'Agregados',370,medium,"table compiled by author from ARC, leg. 14 [1626], f. 11r-13v; columna Agregados: no incluida en el total 11754; 390 carneros padres atípico (demás manadas 10-40); posible 39 o error tipográfico"
C6.k,"Cuadro 3: Memoria del conteo ante el juez Jerónimo de Espinosa, cuentas de Tulpo y Yamobamba, 10-21 febrero 1625, ARC, leg. 14 [1626], f. 11r-13v",probable,,"appendix: Tulpo, ganado ovejuno",28,item,ovejas madres,cabezas,862,862,dueño de manada: Agustin; Tulpo 1625,370,high,"table compiled by author from ARC, leg. 14 [1626], f. 11r-13v"
C6.k,"Cuadro 3: Memoria del conteo ante el juez Jerónimo de Espinosa, cuentas de Tulpo y Yamobamba, 10-21 febrero 1625, ARC, leg. 14 [1626], f. 11r-13v",probable,,"appendix: Tulpo, ganado ovejuno",29,item,carneros padres,cabezas,40,40,dueño de manada: Agustin; Tulpo 1625; columna 'Agregados',370,high,"table compiled by author from ARC, leg. 14 [1626], f. 11r-13v; columna Agregados: no incluida en el total 11754"
C6.k,"Cuadro 3: Memoria del conteo ante el juez Jerónimo de Espinosa, cuentas de Tulpo y Yamobamba, 10-21 febrero 1625, ARC, leg. 14 [1626], f. 11r-13v",probable,,"appendix: Tulpo, ganado ovejuno",30,item,borregos,cabezas,7,7,dueño de manada: Agustin; Tulpo 1625; columna 'Agregados',370,high,"table compiled by author from ARC, leg. 14 [1626], f. 11r-13v; columna Agregados: no incluida en el total 11754"
C6.k,"Cuadro 3: Memoria del conteo ante el juez Jerónimo de Espinosa, cuentas de Tulpo y Yamobamba, 10-21 febrero 1625, ARC, leg. 14 [1626], f. 11r-13v",probable,,"appendix: Tulpo, ganado ovejuno",31,item,ovejas preñadas,cabezas,316,316,dueño de manada: Pedro Llacsacóndor; Tulpo 1625,370,high,"table compiled by author from ARC, leg. 14 [1626], f. 11r-13v"
C6.k,"Cuadro 3: Memoria del conteo ante el juez Jerónimo de Espinosa, cuentas de Tulpo y Yamobamba, 10-21 febrero 1625, ARC, leg. 14 [1626], f. 11r-13v",probable,,"appendix: Tulpo, ganado ovejuno",32,item,ovejas paridas,cabezas,128,128,dueño de manada: Pedro Llacsacóndor; Tulpo 1625,370,high,"table compiled by author from ARC, leg. 14 [1626], f. 11r-13v"
C6.k,"Cuadro 3: Memoria del conteo ante el juez Jerónimo de Espinosa, cuentas de Tulpo y Yamobamba, 10-21 febrero 1625, ARC, leg. 14 [1626], f. 11r-13v",probable,,"appendix: Tulpo, ganado ovejuno",33,item,corderos de 10 días,cabezas,128,128,dueño de manada: Pedro Llacsacóndor; Tulpo 1625,370,high,"table compiled by author from ARC, leg. 14 [1626], f. 11r-13v"
C6.k,"Cuadro 3: Memoria del conteo ante el juez Jerónimo de Espinosa, cuentas de Tulpo y Yamobamba, 10-21 febrero 1625, ARC, leg. 14 [1626], f. 11r-13v",probable,,"appendix: Tulpo, ganado ovejuno",34,item,ovejas madres,cabezas,194,194,dueño de manada: Pedro Llacsacóndor; Tulpo 1625,370,high,"table compiled by author from ARC, leg. 14 [1626], f. 11r-13v"
C6.k,"Cuadro 3: Memoria del conteo ante el juez Jerónimo de Espinosa, cuentas de Tulpo y Yamobamba, 10-21 febrero 1625, ARC, leg. 14 [1626], f. 11r-13v",probable,,"appendix: Tulpo, ganado ovejuno",35,item,corderos recién nacidos,cabezas,186,186,dueño de manada: Pedro Llacsacóndor; Tulpo 1625,370,high,"table compiled by author from ARC, leg. 14 [1626], f. 11r-13v"
C6.k,"Cuadro 3: Memoria del conteo ante el juez Jerónimo de Espinosa, cuentas de Tulpo y Yamobamba, 10-21 febrero 1625, ARC, leg. 14 [1626], f. 11r-13v",probable,,"appendix: Tulpo, ganado ovejuno",36,item,carneros de año más o menos,cabezas,1126,1126,dueño de manada: Juan Yallicondor; Tulpo 1625,370,high,"table compiled by author from ARC, leg. 14 [1626], f. 11r-13v"
C6.k,"Cuadro 3: Memoria del conteo ante el juez Jerónimo de Espinosa, cuentas de Tulpo y Yamobamba, 10-21 febrero 1625, ARC, leg. 14 [1626], f. 11r-13v",probable,,"appendix: Tulpo, ganado ovejuno",37,total,ganado ovejuno total,cabezas,11754,11754,Tulpo 1625,370,high,"table compiled by author from ARC, leg. 14 [1626], f. 11r-13v; verificado: = suma de la columna Cabezas (sin Agregados, que suman 612)"
C6.k,"Cuadro 3: Memoria del conteo ante el juez Jerónimo de Espinosa, cuentas de Tulpo y Yamobamba, 10-21 febrero 1625, ARC, leg. 14 [1626], f. 11r-13v",probable,,appendix: ganado equino,38,item,yeguas madres,cabezas,165,165,1625; edad: año y medio o más,371,high,"table compiled by author from ARC, leg. 14 [1626], f. 11r-13v"
C6.k,"Cuadro 3: Memoria del conteo ante el juez Jerónimo de Espinosa, cuentas de Tulpo y Yamobamba, 10-21 febrero 1625, ARC, leg. 14 [1626], f. 11r-13v",probable,,appendix: ganado equino,39,item,caballos padres,cabezas,20,20,1625,371,high,"table compiled by author from ARC, leg. 14 [1626], f. 11r-13v"
C6.k,"Cuadro 3: Memoria del conteo ante el juez Jerónimo de Espinosa, cuentas de Tulpo y Yamobamba, 10-21 febrero 1625, ARC, leg. 14 [1626], f. 11r-13v",probable,,appendix: ganado equino,40,item,potros,cabezas,39,39,1625; edad: 2 años,371,high,"table compiled by author from ARC, leg. 14 [1626], f. 11r-13v"
C6.k,"Cuadro 3: Memoria del conteo ante el juez Jerónimo de Espinosa, cuentas de Tulpo y Yamobamba, 10-21 febrero 1625, ARC, leg. 14 [1626], f. 11r-13v",probable,,appendix: ganado equino,41,item,caballos mansos,cabezas,5,5,1625,371,high,"table compiled by author from ARC, leg. 14 [1626], f. 11r-13v"
C6.k,"Cuadro 3: Memoria del conteo ante el juez Jerónimo de Espinosa, cuentas de Tulpo y Yamobamba, 10-21 febrero 1625, ARC, leg. 14 [1626], f. 11r-13v",probable,,appendix: ganado equino,42,total,ganado equino total,cabezas,229,229,1625,371,high,"table compiled by author from ARC, leg. 14 [1626], f. 11r-13v; verificado: suma = 229"
C6.k,"Cuadro 3: Memoria del conteo ante el juez Jerónimo de Espinosa, cuentas de Tulpo y Yamobamba, 10-21 febrero 1625, ARC, leg. 14 [1626], f. 11r-13v",probable,,appendix: ganado vacuno (segundo bloque),43,item,vacas madres,cabezas,528,528,1625; estancia no indicada (¿Yamobamba?),371,medium,"table compiled by author from ARC, leg. 14 [1626], f. 11r-13v; estancia del bloque no explícita en la tabla"
C6.k,"Cuadro 3: Memoria del conteo ante el juez Jerónimo de Espinosa, cuentas de Tulpo y Yamobamba, 10-21 febrero 1625, ARC, leg. 14 [1626], f. 11r-13v",probable,,appendix: ganado vacuno (segundo bloque),44,item,toros padres,cabezas,77,77,1625; estancia no indicada (¿Yamobamba?),371,medium,"table compiled by author from ARC, leg. 14 [1626], f. 11r-13v; estancia del bloque no explícita en la tabla"
C6.k,"Cuadro 3: Memoria del conteo ante el juez Jerónimo de Espinosa, cuentas de Tulpo y Yamobamba, 10-21 febrero 1625, ARC, leg. 14 [1626], f. 11r-13v",probable,,appendix: ganado vacuno (segundo bloque),45,item,terneros y terneras de 2 años o menos,cabezas,261,261,1625; estancia no indicada (¿Yamobamba?),371,medium,"table compiled by author from ARC, leg. 14 [1626], f. 11r-13v; estancia del bloque no explícita en la tabla"
C6.k,"Cuadro 3: Memoria del conteo ante el juez Jerónimo de Espinosa, cuentas de Tulpo y Yamobamba, 10-21 febrero 1625, ARC, leg. 14 [1626], f. 11r-13v",probable,,appendix: ganado vacuno (segundo bloque),46,total,ganado vacuno total (segundo bloque),cabezas,866,866,1625,371,medium,"table compiled by author from ARC, leg. 14 [1626], f. 11r-13v; verificado: suma = 866; estancia no explícita"
C6.k,"Cuadro 3: Memoria del conteo ante el juez Jerónimo de Espinosa, cuentas de Tulpo y Yamobamba, 10-21 febrero 1625, ARC, leg. 14 [1626], f. 11r-13v",probable,,"appendix: Yamobamba, ganado ovejuno, 21 feb 1625, grupo 1",47,item,ovejas,cabezas,641,641,dueño de manada: Pedro Quinomango; Yamobamba 1625,371,medium,"table compiled by author from ARC, leg. 14 [1626], f. 11r-13v; suma del grupo no cuadra con el total (ver fila total)"
C6.k,"Cuadro 3: Memoria del conteo ante el juez Jerónimo de Espinosa, cuentas de Tulpo y Yamobamba, 10-21 febrero 1625, ARC, leg. 14 [1626], f. 11r-13v",probable,,"appendix: Yamobamba, ganado ovejuno, 21 feb 1625, grupo 1",48,item,borregas de año y medio,cabezas,656,656,dueño de manada: Alonso Pisanquiliche; Yamobamba 1625,371,medium,"table compiled by author from ARC, leg. 14 [1626], f. 11r-13v; suma del grupo no cuadra con el total (ver fila total)"
C6.k,"Cuadro 3: Memoria del conteo ante el juez Jerónimo de Espinosa, cuentas de Tulpo y Yamobamba, 10-21 febrero 1625, ARC, leg. 14 [1626], f. 11r-13v",probable,,"appendix: Yamobamba, ganado ovejuno, 21 feb 1625, grupo 1",49,item,carneros de año y medio,cabezas,421,421,dueño de manada: Agustín Pisanquiliche; Yamobamba 1625,371,medium,"table compiled by author from ARC, leg. 14 [1626], f. 11r-13v; suma del grupo no cuadra con el total (ver fila total)"
C6.k,"Cuadro 3: Memoria del conteo ante el juez Jerónimo de Espinosa, cuentas de Tulpo y Yamobamba, 10-21 febrero 1625, ARC, leg. 14 [1626], f. 11r-13v",probable,,"appendix: Yamobamba, ganado ovejuno, 21 feb 1625, grupo 1",50,item,carneros de Tulpo,cabezas,265,265,dueño de manada: Agustín Pisanquiliche; Yamobamba 1625; columna 'Agregados',371,medium,"table compiled by author from ARC, leg. 14 [1626], f. 11r-13v; columna Agregados"
C6.k,"Cuadro 3: Memoria del conteo ante el juez Jerónimo de Espinosa, cuentas de Tulpo y Yamobamba, 10-21 febrero 1625, ARC, leg. 14 [1626], f. 11r-13v",probable,,"appendix: Yamobamba, ganado ovejuno, 21 feb 1625, grupo 1",51,item,ovejas,cabezas,588,588,dueño de manada: Agustín Guayosmango; Yamobamba 1625,371,medium,"table compiled by author from ARC, leg. 14 [1626], f. 11r-13v; suma del grupo no cuadra con el total (ver fila total)"
C6.k,"Cuadro 3: Memoria del conteo ante el juez Jerónimo de Espinosa, cuentas de Tulpo y Yamobamba, 10-21 febrero 1625, ARC, leg. 14 [1626], f. 11r-13v",probable,,"appendix: Yamobamba, ganado ovejuno, 21 feb 1625, grupo 1",52,item,corderas y corderos,cabezas,565,565,dueño de manada: Agustín Guayosmango; Yamobamba 1625,371,medium,"table compiled by author from ARC, leg. 14 [1626], f. 11r-13v; suma del grupo no cuadra con el total (ver fila total)"
C6.k,"Cuadro 3: Memoria del conteo ante el juez Jerónimo de Espinosa, cuentas de Tulpo y Yamobamba, 10-21 febrero 1625, ARC, leg. 14 [1626], f. 11r-13v",probable,,"appendix: Yamobamba, ganado ovejuno, 21 feb 1625, grupo 1",53,item,carneros padres,cabezas,28,28,dueño de manada: Agustín Guayosmango; Yamobamba 1625; columna 'Agregados',371,medium,"table compiled by author from ARC, leg. 14 [1626], f. 11r-13v; columna Agregados"
C6.k,"Cuadro 3: Memoria del conteo ante el juez Jerónimo de Espinosa, cuentas de Tulpo y Yamobamba, 10-21 febrero 1625, ARC, leg. 14 [1626], f. 11r-13v",probable,,"appendix: Yamobamba, ganado ovejuno, 21 feb 1625, grupo 1",54,item,ovejas madres,cabezas,574,574,dueño de manada: Alonso Pisan quiliche; Yamobamba 1625,371,medium,"table compiled by author from ARC, leg. 14 [1626], f. 11r-13v; suma del grupo no cuadra con el total (ver fila total)"
C6.k,"Cuadro 3: Memoria del conteo ante el juez Jerónimo de Espinosa, cuentas de Tulpo y Yamobamba, 10-21 febrero 1625, ARC, leg. 14 [1626], f. 11r-13v",probable,,"appendix: Yamobamba, ganado ovejuno, 21 feb 1625, grupo 1",55,item,corderas y corderos de 8 meses,cabezas,564,564,dueño de manada: Alonso Pisan quiliche; Yamobamba 1625,371,medium,"table compiled by author from ARC, leg. 14 [1626], f. 11r-13v; suma del grupo no cuadra con el total (ver fila total)"
C6.k,"Cuadro 3: Memoria del conteo ante el juez Jerónimo de Espinosa, cuentas de Tulpo y Yamobamba, 10-21 febrero 1625, ARC, leg. 14 [1626], f. 11r-13v",probable,,"appendix: Yamobamba, ganado ovejuno, 21 feb 1625, grupo 1",56,item,carneros padres,cabezas,30,30,dueño de manada: Alonso Pisan quiliche; Yamobamba 1625; columna 'Agregados',371,medium,"table compiled by author from ARC, leg. 14 [1626], f. 11r-13v; columna Agregados"
C6.k,"Cuadro 3: Memoria del conteo ante el juez Jerónimo de Espinosa, cuentas de Tulpo y Yamobamba, 10-21 febrero 1625, ARC, leg. 14 [1626], f. 11r-13v",probable,,"appendix: Yamobamba, ganado ovejuno, 21 feb 1625, grupo 1",57,item,borregos y borregas,cabezas,278,278,dueño de manada: Agustín Pariaquiliche; Yamobamba 1625,371,medium,"table compiled by author from ARC, leg. 14 [1626], f. 11r-13v; suma del grupo no cuadra con el total (ver fila total)"
C6.k,"Cuadro 3: Memoria del conteo ante el juez Jerónimo de Espinosa, cuentas de Tulpo y Yamobamba, 10-21 febrero 1625, ARC, leg. 14 [1626], f. 11r-13v",probable,,"appendix: Yamobamba, ganado ovejuno, 21 feb 1625, grupo 1",58,item,carneros de 1 año,cabezas,541,541,dueño de manada: Agustín Pariaquiliche; Yamobamba 1625,371,medium,"table compiled by author from ARC, leg. 14 [1626], f. 11r-13v; suma del grupo no cuadra con el total (ver fila total)"
C6.k,"Cuadro 3: Memoria del conteo ante el juez Jerónimo de Espinosa, cuentas de Tulpo y Yamobamba, 10-21 febrero 1625, ARC, leg. 14 [1626], f. 11r-13v",probable,,"appendix: Yamobamba, ganado ovejuno, 21 feb 1625, grupo 1",59,item,corderitos recién nacidos,cabezas,11,11,dueño de manada: Agustín Pariaquiliche; Yamobamba 1625,371,medium,"table compiled by author from ARC, leg. 14 [1626], f. 11r-13v; suma del grupo no cuadra con el total (ver fila total)"
C6.k,"Cuadro 3: Memoria del conteo ante el juez Jerónimo de Espinosa, cuentas de Tulpo y Yamobamba, 10-21 febrero 1625, ARC, leg. 14 [1626], f. 11r-13v",probable,,"appendix: Yamobamba, ganado ovejuno, 21 feb 1625, grupo 1",60,item,carneros padres,cabezas,19,19,dueño de manada: Agustín Pariaquiliche; Yamobamba 1625,371,medium,"table compiled by author from ARC, leg. 14 [1626], f. 11r-13v; suma del grupo no cuadra con el total (ver fila total)"
C6.k,"Cuadro 3: Memoria del conteo ante el juez Jerónimo de Espinosa, cuentas de Tulpo y Yamobamba, 10-21 febrero 1625, ARC, leg. 14 [1626], f. 11r-13v",probable,,"appendix: Yamobamba, ganado ovejuno, 21 feb 1625, grupo 1",61,subtotal,total grupo 1 Yamobamba,cabezas,5410,5410,Yamobamba 1625,371,low,"table compiled by author from ARC, leg. 14 [1626], f. 11r-13v; DISCREPANCIA: columna Cabezas suma 4839; con Agregados (342) 5181; ninguna = 5410. Posibles filas faltantes o mal leídas en la tabla"
C6.k,"Cuadro 3: Memoria del conteo ante el juez Jerónimo de Espinosa, cuentas de Tulpo y Yamobamba, 10-21 febrero 1625, ARC, leg. 14 [1626], f. 11r-13v",probable,,"appendix: Yamobamba, ganado ovejuno, 21 feb 1625, grupo 2",62,item,ovejas,cabezas,844,844,dueño de manada: Juan Baptista; Yamobamba 1625,371,high,"table compiled by author from ARC, leg. 14 [1626], f. 11r-13v"
C6.k,"Cuadro 3: Memoria del conteo ante el juez Jerónimo de Espinosa, cuentas de Tulpo y Yamobamba, 10-21 febrero 1625, ARC, leg. 14 [1626], f. 11r-13v",probable,,"appendix: Yamobamba, ganado ovejuno, 21 feb 1625, grupo 2",63,item,borregos y borregas de 1 año,cabezas,528,528,dueño de manada: Juan Baptista; Yamobamba 1625,371,high,"table compiled by author from ARC, leg. 14 [1626], f. 11r-13v"
C6.k,"Cuadro 3: Memoria del conteo ante el juez Jerónimo de Espinosa, cuentas de Tulpo y Yamobamba, 10-21 febrero 1625, ARC, leg. 14 [1626], f. 11r-13v",probable,,"appendix: Yamobamba, ganado ovejuno, 21 feb 1625, grupo 2",64,item,cordero recién nacido,cabezas,1,1,dueño de manada: Juan Baptista; Yamobamba 1625,371,high,"table compiled by author from ARC, leg. 14 [1626], f. 11r-13v"
C6.k,"Cuadro 3: Memoria del conteo ante el juez Jerónimo de Espinosa, cuentas de Tulpo y Yamobamba, 10-21 febrero 1625, ARC, leg. 14 [1626], f. 11r-13v",probable,,"appendix: Yamobamba, ganado ovejuno, 21 feb 1625, grupo 2",65,item,[ovejas] madres,cabezas,277,277,dueño de manada: Juan Baptista; Yamobamba 1625; columna 'Agregados',371,medium,"table compiled by author from ARC, leg. 14 [1626], f. 11r-13v; columna Agregados, no incluida en el total; '277 madres' posiblemente desglose de las 844 ovejas"
C6.k,"Cuadro 3: Memoria del conteo ante el juez Jerónimo de Espinosa, cuentas de Tulpo y Yamobamba, 10-21 febrero 1625, ARC, leg. 14 [1626], f. 11r-13v",probable,,"appendix: Yamobamba, ganado ovejuno, 21 feb 1625, grupo 2",66,item,carneros padres,cabezas,40,40,dueño de manada: Juan Baptista; Yamobamba 1625; columna 'Agregados',371,medium,"table compiled by author from ARC, leg. 14 [1626], f. 11r-13v; columna Agregados, no incluida en el total; '277 madres' posiblemente desglose de las 844 ovejas"
C6.k,"Cuadro 3: Memoria del conteo ante el juez Jerónimo de Espinosa, cuentas de Tulpo y Yamobamba, 10-21 febrero 1625, ARC, leg. 14 [1626], f. 11r-13v",probable,,"appendix: Yamobamba, ganado ovejuno, 21 feb 1625, grupo 2",67,item,ovejas,cabezas,685,685,dueño de manada: Pedro Julcaraico; Yamobamba 1625,371,high,"table compiled by author from ARC, leg. 14 [1626], f. 11r-13v"
C6.k,"Cuadro 3: Memoria del conteo ante el juez Jerónimo de Espinosa, cuentas de Tulpo y Yamobamba, 10-21 febrero 1625, ARC, leg. 14 [1626], f. 11r-13v",probable,,"appendix: Yamobamba, ganado ovejuno, 21 feb 1625, grupo 2",68,item,carneros padres,cabezas,29,29,dueño de manada: Pedro Julcaraico; Yamobamba 1625; columna 'Agregados',371,medium,"table compiled by author from ARC, leg. 14 [1626], f. 11r-13v; columna Agregados, no incluida en el total; '277 madres' posiblemente desglose de las 844 ovejas"
C6.k,"Cuadro 3: Memoria del conteo ante el juez Jerónimo de Espinosa, cuentas de Tulpo y Yamobamba, 10-21 febrero 1625, ARC, leg. 14 [1626], f. 11r-13v",probable,,"appendix: Yamobamba, ganado ovejuno, 21 feb 1625, grupo 2",69,item,ovejas preñadas,cabezas,580,580,dueño de manada: Martín Pisanvigil; Yamobamba 1625,371,high,"table compiled by author from ARC, leg. 14 [1626], f. 11r-13v"
C6.k,"Cuadro 3: Memoria del conteo ante el juez Jerónimo de Espinosa, cuentas de Tulpo y Yamobamba, 10-21 febrero 1625, ARC, leg. 14 [1626], f. 11r-13v",probable,,"appendix: Yamobamba, ganado ovejuno, 21 feb 1625, grupo 2",70,item,madres paridas,cabezas,64,64,dueño de manada: Martín Pisanvigil; Yamobamba 1625,371,high,"table compiled by author from ARC, leg. 14 [1626], f. 11r-13v"
C6.k,"Cuadro 3: Memoria del conteo ante el juez Jerónimo de Espinosa, cuentas de Tulpo y Yamobamba, 10-21 febrero 1625, ARC, leg. 14 [1626], f. 11r-13v",probable,,"appendix: Yamobamba, ganado ovejuno, 21 feb 1625, grupo 2",71,item,corderos recién nacidos,cabezas,76,76,dueño de manada: Martín Pisanvigil; Yamobamba 1625,371,high,"table compiled by author from ARC, leg. 14 [1626], f. 11r-13v"
C6.k,"Cuadro 3: Memoria del conteo ante el juez Jerónimo de Espinosa, cuentas de Tulpo y Yamobamba, 10-21 febrero 1625, ARC, leg. 14 [1626], f. 11r-13v",probable,,"appendix: Yamobamba, ganado ovejuno, 21 feb 1625, grupo 2",72,item,ovejas madres,cabezas,342,342,dueño de manada: Agustín Francisco; Yamobamba 1625,371,high,"table compiled by author from ARC, leg. 14 [1626], f. 11r-13v"
C6.k,"Cuadro 3: Memoria del conteo ante el juez Jerónimo de Espinosa, cuentas de Tulpo y Yamobamba, 10-21 febrero 1625, ARC, leg. 14 [1626], f. 11r-13v",probable,,"appendix: Yamobamba, ganado ovejuno, 21 feb 1625, grupo 2",73,item,corderas y corderos recién nacidos,cabezas,332,332,dueño de manada: Agustín Francisco; Yamobamba 1625,371,high,"table compiled by author from ARC, leg. 14 [1626], f. 11r-13v"
C6.k,"Cuadro 3: Memoria del conteo ante el juez Jerónimo de Espinosa, cuentas de Tulpo y Yamobamba, 10-21 febrero 1625, ARC, leg. 14 [1626], f. 11r-13v",probable,,"appendix: Yamobamba, ganado ovejuno, 21 feb 1625, grupo 2",74,subtotal,total grupo 2 Yamobamba,cabezas,3452,3452,Yamobamba 1625,371,high,"table compiled by author from ARC, leg. 14 [1626], f. 11r-13v; verificado: = suma columna Cabezas (sin Agregados)"
C6.l,"Cuadro 4: Conteo del ganado a entregar a Diego Casolín de Arratia por Francisco Palacios, Tulpo, 11-12 mayo 1626, ARC, leg. 14 [1626], f. 87r-89v",probable,mayores(mayorales) y quipucamayos,appendix: ganado vacuno,1,item,vacas de vientre,cabezas,611,611,"Tulpo, mayo 1626",372,high,"table compiled by author from ARC, leg. 14 [1626], f. 87r-89v; valores idénticos a Cuadro 3 (feb 1625)"
C6.l,"Cuadro 4: Conteo del ganado a entregar a Diego Casolín de Arratia por Francisco Palacios, Tulpo, 11-12 mayo 1626, ARC, leg. 14 [1626], f. 87r-89v",probable,mayores(mayorales) y quipucamayos,appendix: ganado vacuno,2,item,toros padres,cabezas,59,59,"Tulpo, mayo 1626",372,high,"table compiled by author from ARC, leg. 14 [1626], f. 87r-89v; valores idénticos a Cuadro 3 (feb 1625)"
C6.l,"Cuadro 4: Conteo del ganado a entregar a Diego Casolín de Arratia por Francisco Palacios, Tulpo, 11-12 mayo 1626, ARC, leg. 14 [1626], f. 87r-89v",probable,mayores(mayorales) y quipucamayos,appendix: ganado vacuno,3,item,terneros y terneras (un año o más),cabezas,84,84,"Tulpo, mayo 1626",372,high,"table compiled by author from ARC, leg. 14 [1626], f. 87r-89v; valores idénticos a Cuadro 3 (feb 1625)"
C6.l,"Cuadro 4: Conteo del ganado a entregar a Diego Casolín de Arratia por Francisco Palacios, Tulpo, 11-12 mayo 1626, ARC, leg. 14 [1626], f. 87r-89v",probable,mayores(mayorales) y quipucamayos,appendix: ganado vacuno,4,item,becerros machos (un año o menos),cabezas,285,285,"Tulpo, mayo 1626",372,high,"table compiled by author from ARC, leg. 14 [1626], f. 87r-89v; valores idénticos a Cuadro 3 (feb 1625)"
C6.l,"Cuadro 4: Conteo del ganado a entregar a Diego Casolín de Arratia por Francisco Palacios, Tulpo, 11-12 mayo 1626, ARC, leg. 14 [1626], f. 87r-89v",probable,mayores(mayorales) y quipucamayos,appendix: ganado vacuno,5,item,novillos,cabezas,3,3,"Tulpo, mayo 1626",372,high,"table compiled by author from ARC, leg. 14 [1626], f. 87r-89v; valores idénticos a Cuadro 3 (feb 1625)"
C6.l,"Cuadro 4: Conteo del ganado a entregar a Diego Casolín de Arratia por Francisco Palacios, Tulpo, 11-12 mayo 1626, ARC, leg. 14 [1626], f. 87r-89v",probable,mayores(mayorales) y quipucamayos,appendix: ganado vacuno,6,total,ganado vacuno total,cabezas,1042,1042,Tulpo 1626,372,high,"table compiled by author from ARC, leg. 14 [1626], f. 87r-89v; verificado: suma = 1042"
C6.l,"Cuadro 4: Conteo del ganado a entregar a Diego Casolín de Arratia por Francisco Palacios, Tulpo, 11-12 mayo 1626, ARC, leg. 14 [1626], f. 87r-89v",probable,mayores(mayorales) y quipucamayos,"appendix: Tulpo, ganado ovejuno, grupo 1",7,item,ovejas madres,cabezas,610,610,dueño de manada: Juan Tantayalla (Santiago de Chuco); Tulpo 1626,372,high,"table compiled by author from ARC, leg. 14 [1626], f. 87r-89v"
C6.l,"Cuadro 4: Conteo del ganado a entregar a Diego Casolín de Arratia por Francisco Palacios, Tulpo, 11-12 mayo 1626, ARC, leg. 14 [1626], f. 87r-89v",probable,mayores(mayorales) y quipucamayos,"appendix: Tulpo, ganado ovejuno, grupo 1",8,item,corderos machos y hembras de 11 a 20 días,cabezas,601,601,dueño de manada: Juan Tantayalla (Santiago de Chuco); Tulpo 1626,372,high,"table compiled by author from ARC, leg. 14 [1626], f. 87r-89v"
C6.l,"Cuadro 4: Conteo del ganado a entregar a Diego Casolín de Arratia por Francisco Palacios, Tulpo, 11-12 mayo 1626, ARC, leg. 14 [1626], f. 87r-89v",probable,mayores(mayorales) y quipucamayos,"appendix: Tulpo, ganado ovejuno, grupo 1",9,item,ovejas madres,cabezas,573,573,dueño de manada: Diego Guamanquilich (Santiago de Chuco); Tulpo 1626,372,high,"table compiled by author from ARC, leg. 14 [1626], f. 87r-89v"
C6.l,"Cuadro 4: Conteo del ganado a entregar a Diego Casolín de Arratia por Francisco Palacios, Tulpo, 11-12 mayo 1626, ARC, leg. 14 [1626], f. 87r-89v",probable,mayores(mayorales) y quipucamayos,"appendix: Tulpo, ganado ovejuno, grupo 1",10,item,carneros padres,cabezas,34,34,dueño de manada: Diego Guamanquilich (Santiago de Chuco); Tulpo 1626,372,high,"table compiled by author from ARC, leg. 14 [1626], f. 87r-89v"
C6.l,"Cuadro 4: Conteo del ganado a entregar a Diego Casolín de Arratia por Francisco Palacios, Tulpo, 11-12 mayo 1626, ARC, leg. 14 [1626], f. 87r-89v",probable,mayores(mayorales) y quipucamayos,"appendix: Tulpo, ganado ovejuno, grupo 1",11,item,borregas de año y medio,cabezas,250,250,dueño de manada: Diego Guamanquilich (Santiago de Chuco); Tulpo 1626,372,high,"table compiled by author from ARC, leg. 14 [1626], f. 87r-89v"
C6.l,"Cuadro 4: Conteo del ganado a entregar a Diego Casolín de Arratia por Francisco Palacios, Tulpo, 11-12 mayo 1626, ARC, leg. 14 [1626], f. 87r-89v",probable,mayores(mayorales) y quipucamayos,"appendix: Tulpo, ganado ovejuno, grupo 1",12,item,ovejas madres,cabezas,620,620,dueño de manada: Juan Paganimango (Santiago de Chuco); Tulpo 1626,372,high,"table compiled by author from ARC, leg. 14 [1626], f. 87r-89v"
C6.l,"Cuadro 4: Conteo del ganado a entregar a Diego Casolín de Arratia por Francisco Palacios, Tulpo, 11-12 mayo 1626, ARC, leg. 14 [1626], f. 87r-89v",probable,mayores(mayorales) y quipucamayos,"appendix: Tulpo, ganado ovejuno, grupo 1",13,item,corderos machos y hembras de 1 a 3 meses,cabezas,620,620,dueño de manada: Juan Paganimango (Santiago de Chuco); Tulpo 1626,372,high,"table compiled by author from ARC, leg. 14 [1626], f. 87r-89v"
C6.l,"Cuadro 4: Conteo del ganado a entregar a Diego Casolín de Arratia por Francisco Palacios, Tulpo, 11-12 mayo 1626, ARC, leg. 14 [1626], f. 87r-89v",probable,mayores(mayorales) y quipucamayos,"appendix: Tulpo, ganado ovejuno, grupo 1",14,item,ovejas madres,cabezas,836,836,dueño de manada: Agustín Tanta Julca (Santiago de Chuco); Tulpo 1626,372,high,"table compiled by author from ARC, leg. 14 [1626], f. 87r-89v"
C6.l,"Cuadro 4: Conteo del ganado a entregar a Diego Casolín de Arratia por Francisco Palacios, Tulpo, 11-12 mayo 1626, ARC, leg. 14 [1626], f. 87r-89v",probable,mayores(mayorales) y quipucamayos,"appendix: Tulpo, ganado ovejuno, grupo 1",15,item,carneros padres,cabezas,50,50,dueño de manada: Agustín Tanta Julca (Santiago de Chuco); Tulpo 1626,372,high,"table compiled by author from ARC, leg. 14 [1626], f. 87r-89v"
C6.l,"Cuadro 4: Conteo del ganado a entregar a Diego Casolín de Arratia por Francisco Palacios, Tulpo, 11-12 mayo 1626, ARC, leg. 14 [1626], f. 87r-89v",probable,mayores(mayorales) y quipucamayos,"appendix: Tulpo, ganado ovejuno, grupo 1",16,subtotal,total grupo 1,cabezas,4194,4194,Tulpo 1626,372,high,"table compiled by author from ARC, leg. 14 [1626], f. 87r-89v; verificado: = suma del grupo"
C6.l,"Cuadro 4: Conteo del ganado a entregar a Diego Casolín de Arratia por Francisco Palacios, Tulpo, 11-12 mayo 1626, ARC, leg. 14 [1626], f. 87r-89v",probable,mayores(mayorales) y quipucamayos,"appendix: Tulpo, ganado ovejuno, grupo 2",17,item,ovejas madres,cabezas,276,276,dueño de manada: Pedro de Salvador (Guamachuco); Tulpo 1626,372,high,"table compiled by author from ARC, leg. 14 [1626], f. 87r-89v"
C6.l,"Cuadro 4: Conteo del ganado a entregar a Diego Casolín de Arratia por Francisco Palacios, Tulpo, 11-12 mayo 1626, ARC, leg. 14 [1626], f. 87r-89v",probable,mayores(mayorales) y quipucamayos,"appendix: Tulpo, ganado ovejuno, grupo 2",18,item,carneros padres,cabezas,35,35,dueño de manada: Pedro de Salvador (Guamachuco); Tulpo 1626,372,high,"table compiled by author from ARC, leg. 14 [1626], f. 87r-89v"
C6.l,"Cuadro 4: Conteo del ganado a entregar a Diego Casolín de Arratia por Francisco Palacios, Tulpo, 11-12 mayo 1626, ARC, leg. 14 [1626], f. 87r-89v",probable,mayores(mayorales) y quipucamayos,"appendix: Tulpo, ganado ovejuno, grupo 2",19,item,borregas de 1 año y medio,cabezas,300,300,dueño de manada: Pedro de Salvador (Guamachuco); Tulpo 1626,372,high,"table compiled by author from ARC, leg. 14 [1626], f. 87r-89v"
C6.l,"Cuadro 4: Conteo del ganado a entregar a Diego Casolín de Arratia por Francisco Palacios, Tulpo, 11-12 mayo 1626, ARC, leg. 14 [1626], f. 87r-89v",probable,mayores(mayorales) y quipucamayos,"appendix: Tulpo, ganado ovejuno, grupo 2",20,item,ovejas madres,cabezas,826,826,dueño de manada: Alonso Guacar Guago (Santiago de Chuco); Tulpo 1626,372,high,"table compiled by author from ARC, leg. 14 [1626], f. 87r-89v"
C6.l,"Cuadro 4: Conteo del ganado a entregar a Diego Casolín de Arratia por Francisco Palacios, Tulpo, 11-12 mayo 1626, ARC, leg. 14 [1626], f. 87r-89v",probable,mayores(mayorales) y quipucamayos,"appendix: Tulpo, ganado ovejuno, grupo 2",21,item,carneros padres,cabezas,34,34,dueño de manada: Alonso Guacar Guago (Santiago de Chuco); Tulpo 1626,372,high,"table compiled by author from ARC, leg. 14 [1626], f. 87r-89v"
C6.l,"Cuadro 4: Conteo del ganado a entregar a Diego Casolín de Arratia por Francisco Palacios, Tulpo, 11-12 mayo 1626, ARC, leg. 14 [1626], f. 87r-89v",probable,mayores(mayorales) y quipucamayos,"appendix: Tulpo, ganado ovejuno, grupo 2",22,item,ovejas madres,cabezas,374,374,dueño de manada: Diego Lachimango (Santiago de Chuco); Tulpo 1626,372,high,"table compiled by author from ARC, leg. 14 [1626], f. 87r-89v"
C6.l,"Cuadro 4: Conteo del ganado a entregar a Diego Casolín de Arratia por Francisco Palacios, Tulpo, 11-12 mayo 1626, ARC, leg. 14 [1626], f. 87r-89v",probable,mayores(mayorales) y quipucamayos,"appendix: Tulpo, ganado ovejuno, grupo 2",23,item,carneros padres,cabezas,30,30,dueño de manada: Diego Lachimango (Santiago de Chuco); Tulpo 1626,372,high,"table compiled by author from ARC, leg. 14 [1626], f. 87r-89v"
C6.l,"Cuadro 4: Conteo del ganado a entregar a Diego Casolín de Arratia por Francisco Palacios, Tulpo, 11-12 mayo 1626, ARC, leg. 14 [1626], f. 87r-89v",probable,mayores(mayorales) y quipucamayos,"appendix: Tulpo, ganado ovejuno, grupo 2",24,item,corderos machos y hembras de 6 a 9 meses,cabezas,596,596,dueño de manada: Diego Lachimango (Santiago de Chuco); Tulpo 1626,372,high,"table compiled by author from ARC, leg. 14 [1626], f. 87r-89v"
C6.l,"Cuadro 4: Conteo del ganado a entregar a Diego Casolín de Arratia por Francisco Palacios, Tulpo, 11-12 mayo 1626, ARC, leg. 14 [1626], f. 87r-89v",probable,mayores(mayorales) y quipucamayos,"appendix: Tulpo, ganado ovejuno, grupo 2",25,item,ovejas madres,cabezas,594,594,dueño de manada: Martin Tanta Julca (Santiago de Chuco); Tulpo 1626,372,high,"table compiled by author from ARC, leg. 14 [1626], f. 87r-89v"
C6.l,"Cuadro 4: Conteo del ganado a entregar a Diego Casolín de Arratia por Francisco Palacios, Tulpo, 11-12 mayo 1626, ARC, leg. 14 [1626], f. 87r-89v",probable,mayores(mayorales) y quipucamayos,"appendix: Tulpo, ganado ovejuno, grupo 2",26,item,carneros padres,cabezas,42,42,dueño de manada: Martin Tanta Julca (Santiago de Chuco); Tulpo 1626,372,high,"table compiled by author from ARC, leg. 14 [1626], f. 87r-89v"
C6.l,"Cuadro 4: Conteo del ganado a entregar a Diego Casolín de Arratia por Francisco Palacios, Tulpo, 11-12 mayo 1626, ARC, leg. 14 [1626], f. 87r-89v",probable,mayores(mayorales) y quipucamayos,"appendix: Tulpo, ganado ovejuno, grupo 2",27,subtotal,total grupo 2,cabezas,3107,3107,Tulpo 1626,372,high,"table compiled by author from ARC, leg. 14 [1626], f. 87r-89v; verificado: = suma del grupo"
C6.l,"Cuadro 4: Conteo del ganado a entregar a Diego Casolín de Arratia por Francisco Palacios, Tulpo, 11-12 mayo 1626, ARC, leg. 14 [1626], f. 87r-89v",probable,mayores(mayorales) y quipucamayos,"appendix: Tulpo, ganado ovejuno, grupo 3",28,item,ovejas madres,cabezas,587,587,dueño de manada: Pedro Tantamango (Guamachuco); Tulpo 1626,373,high,"table compiled by author from ARC, leg. 14 [1626], f. 87r-89v"
C6.l,"Cuadro 4: Conteo del ganado a entregar a Diego Casolín de Arratia por Francisco Palacios, Tulpo, 11-12 mayo 1626, ARC, leg. 14 [1626], f. 87r-89v",probable,mayores(mayorales) y quipucamayos,"appendix: Tulpo, ganado ovejuno, grupo 3",29,item,carneros padres,cabezas,30,30,dueño de manada: Pedro Tantamango (Guamachuco); Tulpo 1626,373,high,"table compiled by author from ARC, leg. 14 [1626], f. 87r-89v"
C6.l,"Cuadro 4: Conteo del ganado a entregar a Diego Casolín de Arratia por Francisco Palacios, Tulpo, 11-12 mayo 1626, ARC, leg. 14 [1626], f. 87r-89v",probable,mayores(mayorales) y quipucamayos,"appendix: Tulpo, ganado ovejuno, grupo 3",30,item,corderos machos y hembras de 3 y medio a 5 meses,cabezas,588,588,dueño de manada: Pedro Tantamango (Guamachuco); Tulpo 1626,373,high,"table compiled by author from ARC, leg. 14 [1626], f. 87r-89v"
C6.l,"Cuadro 4: Conteo del ganado a entregar a Diego Casolín de Arratia por Francisco Palacios, Tulpo, 11-12 mayo 1626, ARC, leg. 14 [1626], f. 87r-89v",probable,mayores(mayorales) y quipucamayos,"appendix: Tulpo, ganado ovejuno, grupo 3",31,item,ovejas madres,cabezas,535,535,dueño de manada: Joan Quispe (Santiago de Chuco); Tulpo 1626,373,high,"table compiled by author from ARC, leg. 14 [1626], f. 87r-89v"
C6.l,"Cuadro 4: Conteo del ganado a entregar a Diego Casolín de Arratia por Francisco Palacios, Tulpo, 11-12 mayo 1626, ARC, leg. 14 [1626], f. 87r-89v",probable,mayores(mayorales) y quipucamayos,"appendix: Tulpo, ganado ovejuno, grupo 3",32,item,carneros padres,cabezas,30,30,dueño de manada: Joan Quispe (Santiago de Chuco); Tulpo 1626,373,high,"table compiled by author from ARC, leg. 14 [1626], f. 87r-89v"
C6.l,"Cuadro 4: Conteo del ganado a entregar a Diego Casolín de Arratia por Francisco Palacios, Tulpo, 11-12 mayo 1626, ARC, leg. 14 [1626], f. 87r-89v",probable,mayores(mayorales) y quipucamayos,"appendix: Tulpo, ganado ovejuno, grupo 3",33,item,corderos machos y hembras de 8 a 10 meses,cabezas,525,525,dueño de manada: Joan Quispe (Santiago de Chuco); Tulpo 1626,373,high,"table compiled by author from ARC, leg. 14 [1626], f. 87r-89v"
C6.l,"Cuadro 4: Conteo del ganado a entregar a Diego Casolín de Arratia por Francisco Palacios, Tulpo, 11-12 mayo 1626, ARC, leg. 14 [1626], f. 87r-89v",probable,mayores(mayorales) y quipucamayos,"appendix: Tulpo, ganado ovejuno, grupo 3",34,item,carneros de 11 a 13 meses y medio,cabezas,888,888,dueño de manada: Pedro Llaxa Cóndor (Santiago de Chuco); Tulpo 1626,373,high,"table compiled by author from ARC, leg. 14 [1626], f. 87r-89v"
C6.l,"Cuadro 4: Conteo del ganado a entregar a Diego Casolín de Arratia por Francisco Palacios, Tulpo, 11-12 mayo 1626, ARC, leg. 14 [1626], f. 87r-89v",probable,mayores(mayorales) y quipucamayos,"appendix: Tulpo, ganado ovejuno, grupo 3",35,item,ovejas madres,cabezas,345,345,dueño de manada: Pedro Ayacmango (Santiago de Chuco); Tulpo 1626,373,high,"table compiled by author from ARC, leg. 14 [1626], f. 87r-89v"
C6.l,"Cuadro 4: Conteo del ganado a entregar a Diego Casolín de Arratia por Francisco Palacios, Tulpo, 11-12 mayo 1626, ARC, leg. 14 [1626], f. 87r-89v",probable,mayores(mayorales) y quipucamayos,"appendix: Tulpo, ganado ovejuno, grupo 3",36,item,carneros padres,cabezas,48,48,dueño de manada: Pedro Ayacmango (Santiago de Chuco); Tulpo 1626,373,high,"table compiled by author from ARC, leg. 14 [1626], f. 87r-89v"
C6.l,"Cuadro 4: Conteo del ganado a entregar a Diego Casolín de Arratia por Francisco Palacios, Tulpo, 11-12 mayo 1626, ARC, leg. 14 [1626], f. 87r-89v",probable,mayores(mayorales) y quipucamayos,"appendix: Tulpo, ganado ovejuno, grupo 3",37,item,borregas de 1 año y medio echadas para madres,cabezas,400,400,dueño de manada: Pedro Ayacmango (Santiago de Chuco); Tulpo 1626,373,high,"table compiled by author from ARC, leg. 14 [1626], f. 87r-89v"
C6.l,"Cuadro 4: Conteo del ganado a entregar a Diego Casolín de Arratia por Francisco Palacios, Tulpo, 11-12 mayo 1626, ARC, leg. 14 [1626], f. 87r-89v",probable,mayores(mayorales) y quipucamayos,"appendix: Tulpo, ganado ovejuno, grupo 3",38,subtotal,total grupo 3,cabezas,3976,3976,Tulpo 1626,373,high,"table compiled by author from ARC, leg. 14 [1626], f. 87r-89v; verificado: = suma del grupo"
C6.l,"Cuadro 4: Conteo del ganado a entregar a Diego Casolín de Arratia por Francisco Palacios, Tulpo, 11-12 mayo 1626, ARC, leg. 14 [1626], f. 87r-89v",probable,mayores(mayorales) y quipucamayos,"appendix: Tulpo, ganado ovejuno, grupo 4",39,subtotal,borregas (varias edades),cabezas,994,994,dueño de manada: Joan Guamanchata (Santiago de Chuco); Tulpo 1626,373,high,"table compiled by author from ARC, leg. 14 [1626], f. 87r-89v; desglosado en las 3 filas siguientes"
C6.l,"Cuadro 4: Conteo del ganado a entregar a Diego Casolín de Arratia por Francisco Palacios, Tulpo, 11-12 mayo 1626, ARC, leg. 14 [1626], f. 87r-89v",probable,mayores(mayorales) y quipucamayos,"appendix: Tulpo, ganado ovejuno, grupo 4",40,item,borregas hasta 6 meses,cabezas,241,241,dueño de manada: Joan Guamanchata (Santiago de Chuco); Tulpo 1626,373,high,"table compiled by author from ARC, leg. 14 [1626], f. 87r-89v; desglose de las 994 borregas; 241+250+503=994"
C6.l,"Cuadro 4: Conteo del ganado a entregar a Diego Casolín de Arratia por Francisco Palacios, Tulpo, 11-12 mayo 1626, ARC, leg. 14 [1626], f. 87r-89v",probable,mayores(mayorales) y quipucamayos,"appendix: Tulpo, ganado ovejuno, grupo 4",41,item,borregas de 13 meses y medio,cabezas,250,250,dueño de manada: Joan Guamanchata (Santiago de Chuco); Tulpo 1626,373,high,"table compiled by author from ARC, leg. 14 [1626], f. 87r-89v; desglose de las 994 borregas; 241+250+503=994"
C6.l,"Cuadro 4: Conteo del ganado a entregar a Diego Casolín de Arratia por Francisco Palacios, Tulpo, 11-12 mayo 1626, ARC, leg. 14 [1626], f. 87r-89v",probable,mayores(mayorales) y quipucamayos,"appendix: Tulpo, ganado ovejuno, grupo 4",42,item,borregas de 11 meses,cabezas,503,503,dueño de manada: Joan Guamanchata (Santiago de Chuco); Tulpo 1626,373,high,"table compiled by author from ARC, leg. 14 [1626], f. 87r-89v; desglose de las 994 borregas; 241+250+503=994"
C6.l,"Cuadro 4: Conteo del ganado a entregar a Diego Casolín de Arratia por Francisco Palacios, Tulpo, 11-12 mayo 1626, ARC, leg. 14 [1626], f. 87r-89v",probable,mayores(mayorales) y quipucamayos,"appendix: Tulpo, ganado ovejuno, grupo 4",43,item,borregas tresquiladas (entre ellas),cabezas,76,76,dueño de manada: Joan Guamanchata (Santiago de Chuco); Tulpo 1626,373,high,"table compiled by author from ARC, leg. 14 [1626], f. 87r-89v; subconjunto de las 994; no sumar"
C6.l,"Cuadro 4: Conteo del ganado a entregar a Diego Casolín de Arratia por Francisco Palacios, Tulpo, 11-12 mayo 1626, ARC, leg. 14 [1626], f. 87r-89v",probable,mayores(mayorales) y quipucamayos,"appendix: Tulpo, ganado ovejuno, grupo 4",44,item,ovejas madres,cabezas,500,500,"dueño de manada: Joan Quispeñaupa, preñadero (Santiago de Chuco); Tulpo 1626",373,high,"table compiled by author from ARC, leg. 14 [1626], f. 87r-89v"
C6.l,"Cuadro 4: Conteo del ganado a entregar a Diego Casolín de Arratia por Francisco Palacios, Tulpo, 11-12 mayo 1626, ARC, leg. 14 [1626], f. 87r-89v",probable,mayores(mayorales) y quipucamayos,"appendix: Tulpo, ganado ovejuno, grupo 4",45,item,ovejas paridas,cabezas,211,211,"dueño de manada: Joan Quispeñaupa, preñadero (Santiago de Chuco); Tulpo 1626",373,high,"table compiled by author from ARC, leg. 14 [1626], f. 87r-89v"
C6.l,"Cuadro 4: Conteo del ganado a entregar a Diego Casolín de Arratia por Francisco Palacios, Tulpo, 11-12 mayo 1626, ARC, leg. 14 [1626], f. 87r-89v",probable,mayores(mayorales) y quipucamayos,"appendix: Tulpo, ganado ovejuno, grupo 4",46,item,corderitos de 13 días,cabezas,208,208,"dueño de manada: Joan Quispeñaupa, preñadero (Santiago de Chuco); Tulpo 1626",373,high,"table compiled by author from ARC, leg. 14 [1626], f. 87r-89v"
C6.l,"Cuadro 4: Conteo del ganado a entregar a Diego Casolín de Arratia por Francisco Palacios, Tulpo, 11-12 mayo 1626, ARC, leg. 14 [1626], f. 87r-89v",probable,mayores(mayorales) y quipucamayos,"appendix: Tulpo, ganado ovejuno, grupo 4",47,subtotal,total grupo 4,cabezas,1913,1913,Tulpo 1626,373,high,"table compiled by author from ARC, leg. 14 [1626], f. 87r-89v; verificado: = suma del grupo"
C6.l,"Cuadro 4: Conteo del ganado a entregar a Diego Casolín de Arratia por Francisco Palacios, Tulpo, 11-12 mayo 1626, ARC, leg. 14 [1626], f. 87r-89v",probable,mayores(mayorales) y quipucamayos,"appendix: Tulpo, ganado ovejuno",48,total,total general ganado ovejuno,cabezas,13190,13190,Tulpo 1626,373,high,"table compiled by author from ARC, leg. 14 [1626], f. 87r-89v; verificado: 4194+3107+3976+1913=13190"
C6.l,"Cuadro 4: Conteo del ganado a entregar a Diego Casolín de Arratia por Francisco Palacios, Tulpo, 11-12 mayo 1626, ARC, leg. 14 [1626], f. 87r-89v",probable,mayores(mayorales) y quipucamayos,appendix: ganado equino (estancia de yeguas de Tulpo),49,item,yeguas madres,cabezas,175,175,Tulpo 1626; edad: 1 año y medio,373,high,"table compiled by author from ARC, leg. 14 [1626], f. 87r-89v"
C6.l,"Cuadro 4: Conteo del ganado a entregar a Diego Casolín de Arratia por Francisco Palacios, Tulpo, 11-12 mayo 1626, ARC, leg. 14 [1626], f. 87r-89v",probable,mayores(mayorales) y quipucamayos,appendix: ganado equino (estancia de yeguas de Tulpo),50,item,caballos padres,cabezas,22,22,Tulpo 1626,373,high,"table compiled by author from ARC, leg. 14 [1626], f. 87r-89v"
C6.l,"Cuadro 4: Conteo del ganado a entregar a Diego Casolín de Arratia por Francisco Palacios, Tulpo, 11-12 mayo 1626, ARC, leg. 14 [1626], f. 87r-89v",probable,mayores(mayorales) y quipucamayos,appendix: ganado equino (estancia de yeguas de Tulpo),51,item,potros,cabezas,43,43,Tulpo 1626; edad: 2 años,373,high,"table compiled by author from ARC, leg. 14 [1626], f. 87r-89v"
C6.l,"Cuadro 4: Conteo del ganado a entregar a Diego Casolín de Arratia por Francisco Palacios, Tulpo, 11-12 mayo 1626, ARC, leg. 14 [1626], f. 87r-89v",probable,mayores(mayorales) y quipucamayos,appendix: ganado equino (estancia de yeguas de Tulpo),52,item,potros machos y hembras,cabezas,120,120,Tulpo 1626; edad: 1 año a recién nacidos,373,high,"table compiled by author from ARC, leg. 14 [1626], f. 87r-89v"
C6.l,"Cuadro 4: Conteo del ganado a entregar a Diego Casolín de Arratia por Francisco Palacios, Tulpo, 11-12 mayo 1626, ARC, leg. 14 [1626], f. 87r-89v",probable,mayores(mayorales) y quipucamayos,appendix: ganado equino (estancia de yeguas de Tulpo),53,total,ganado equino total,cabezas,360,360,Tulpo 1626,373,high,"table compiled by author from ARC, leg. 14 [1626], f. 87r-89v; verificado: suma = 360"
C6.m,"Cuadro 5: Recibo del ganado del ahijadero de Yamobamba, 4 mayo 1626, ARC, leg. 14 [1626], f. 66r-67r",probable,,"appendix: Yamobamba, ganado ovejuno",1,item,ovejas madres,cabezas,580,580,dueño de manada: Agustin Condor Quilich (Huamachuco); Yamobamba 1626,374,high,"table compiled by author from ARC, leg. 14 [1626], f. 66r-67r"
C6.m,"Cuadro 5: Recibo del ganado del ahijadero de Yamobamba, 4 mayo 1626, ARC, leg. 14 [1626], f. 66r-67r",probable,,"appendix: Yamobamba, ganado ovejuno",2,item,carneros padres,cabezas,50,50,dueño de manada: Agustin Condor Quilich (Huamachuco); Yamobamba 1626,374,high,"table compiled by author from ARC, leg. 14 [1626], f. 66r-67r"
C6.m,"Cuadro 5: Recibo del ganado del ahijadero de Yamobamba, 4 mayo 1626, ARC, leg. 14 [1626], f. 66r-67r",probable,,"appendix: Yamobamba, ganado ovejuno",3,item,ovejas madres,cabezas,671,671,dueño de manada: Joan Condor (Huamachuco); Yamobamba 1626,374,high,"table compiled by author from ARC, leg. 14 [1626], f. 66r-67r"
C6.m,"Cuadro 5: Recibo del ganado del ahijadero de Yamobamba, 4 mayo 1626, ARC, leg. 14 [1626], f. 66r-67r",probable,,"appendix: Yamobamba, ganado ovejuno",4,item,carneros padres,cabezas,48,48,dueño de manada: Joan Condor (Huamachuco); Yamobamba 1626,374,high,"table compiled by author from ARC, leg. 14 [1626], f. 66r-67r"
C6.m,"Cuadro 5: Recibo del ganado del ahijadero de Yamobamba, 4 mayo 1626, ARC, leg. 14 [1626], f. 66r-67r",probable,,"appendix: Yamobamba, ganado ovejuno",5,item,ovejas madres,cabezas,631,631,dueño de manada: Agustin Guagoxmango (Huamachuco); Yamobamba 1626,374,high,"table compiled by author from ARC, leg. 14 [1626], f. 66r-67r"
C6.m,"Cuadro 5: Recibo del ganado del ahijadero de Yamobamba, 4 mayo 1626, ARC, leg. 14 [1626], f. 66r-67r",probable,,"appendix: Yamobamba, ganado ovejuno",6,item,carneros padres,cabezas,43,43,dueño de manada: Agustin Guagoxmango (Huamachuco); Yamobamba 1626,374,high,"table compiled by author from ARC, leg. 14 [1626], f. 66r-67r"
C6.m,"Cuadro 5: Recibo del ganado del ahijadero de Yamobamba, 4 mayo 1626, ARC, leg. 14 [1626], f. 66r-67r",probable,,"appendix: Yamobamba, ganado ovejuno",7,item,ovejas madres,cabezas,600,600,dueño de manada: Agustin Pomaquilich (Huamachuco); Yamobamba 1626,374,high,"table compiled by author from ARC, leg. 14 [1626], f. 66r-67r; Agustin Pomaquilich aparece dos veces con dos manadas distintas"
C6.m,"Cuadro 5: Recibo del ganado del ahijadero de Yamobamba, 4 mayo 1626, ARC, leg. 14 [1626], f. 66r-67r",probable,,"appendix: Yamobamba, ganado ovejuno",8,item,corderos machos y hembras 3 a 7 meses,cabezas,588,588,dueño de manada: Agustin Pomaquilich (Huamachuco); Yamobamba 1626,374,high,"table compiled by author from ARC, leg. 14 [1626], f. 66r-67r; Agustin Pomaquilich aparece dos veces con dos manadas distintas"
C6.m,"Cuadro 5: Recibo del ganado del ahijadero de Yamobamba, 4 mayo 1626, ARC, leg. 14 [1626], f. 66r-67r",probable,,"appendix: Yamobamba, ganado ovejuno",9,item,ovejas madres,cabezas,600,600,dueño de manada: Agustin Pomaquilich [2ª manada] (Huamachuco); Yamobamba 1626,374,high,"table compiled by author from ARC, leg. 14 [1626], f. 66r-67r; Agustin Pomaquilich aparece dos veces con dos manadas distintas"
C6.m,"Cuadro 5: Recibo del ganado del ahijadero de Yamobamba, 4 mayo 1626, ARC, leg. 14 [1626], f. 66r-67r",probable,,"appendix: Yamobamba, ganado ovejuno",10,item,corderos machos y hembras 2 a 3 meses,cabezas,583,583,dueño de manada: Agustin Pomaquilich [2ª manada] (Huamachuco); Yamobamba 1626,374,high,"table compiled by author from ARC, leg. 14 [1626], f. 66r-67r; Agustin Pomaquilich aparece dos veces con dos manadas distintas"
C6.m,"Cuadro 5: Recibo del ganado del ahijadero de Yamobamba, 4 mayo 1626, ARC, leg. 14 [1626], f. 66r-67r",probable,,"appendix: Yamobamba, ganado ovejuno",11,item,ovejas madres,cabezas,591,591,dueño de manada: Pedro Julca Jayco (Huamachuco); Yamobamba 1626,374,high,"table compiled by author from ARC, leg. 14 [1626], f. 66r-67r"
C6.m,"Cuadro 5: Recibo del ganado del ahijadero de Yamobamba, 4 mayo 1626, ARC, leg. 14 [1626], f. 66r-67r",probable,,"appendix: Yamobamba, ganado ovejuno",12,item,carneros padres,cabezas,19,19,dueño de manada: Pedro Julca Jayco (Huamachuco); Yamobamba 1626,374,high,"table compiled by author from ARC, leg. 14 [1626], f. 66r-67r"
C6.m,"Cuadro 5: Recibo del ganado del ahijadero de Yamobamba, 4 mayo 1626, ARC, leg. 14 [1626], f. 66r-67r",probable,,"appendix: Yamobamba, ganado ovejuno",13,item,corderos machos y hembras 8 a 10 meses,cabezas,458,458,dueño de manada: Pedro Julca Jayco (Huamachuco); Yamobamba 1626,374,high,"table compiled by author from ARC, leg. 14 [1626], f. 66r-67r"
C6.m,"Cuadro 5: Recibo del ganado del ahijadero de Yamobamba, 4 mayo 1626, ARC, leg. 14 [1626], f. 66r-67r",probable,,"appendix: Yamobamba, ganado ovejuno",14,item,carneros de 1 año y 2 meses,cabezas,600,600,dueño de manada: Domingo Guacchapoma (Huamachuco); Yamobamba 1626,374,high,"table compiled by author from ARC, leg. 14 [1626], f. 66r-67r"
C6.m,"Cuadro 5: Recibo del ganado del ahijadero de Yamobamba, 4 mayo 1626, ARC, leg. 14 [1626], f. 66r-67r",probable,,"appendix: Yamobamba, ganado ovejuno",15,item,ovejas madres,cabezas,539,539,dueño de manada: Joan Tumbamango (Huamachuco); Yamobamba 1626,374,high,"table compiled by author from ARC, leg. 14 [1626], f. 66r-67r"
C6.m,"Cuadro 5: Recibo del ganado del ahijadero de Yamobamba, 4 mayo 1626, ARC, leg. 14 [1626], f. 66r-67r",probable,,"appendix: Yamobamba, ganado ovejuno",16,item,corderos machos y hembras recién nacidos a 2 meses,cabezas,519,519,dueño de manada: Joan Tumbamango (Huamachuco); Yamobamba 1626,374,high,"table compiled by author from ARC, leg. 14 [1626], f. 66r-67r"
C6.m,"Cuadro 5: Recibo del ganado del ahijadero de Yamobamba, 4 mayo 1626, ARC, leg. 14 [1626], f. 66r-67r",probable,,"appendix: Yamobamba, ganado ovejuno",17,item,ovejas madres,cabezas,141,141,dueño de manada: Pedro Cañicares (Santiago de Chuco); Yamobamba 1626,374,high,"table compiled by author from ARC, leg. 14 [1626], f. 66r-67r"
C6.m,"Cuadro 5: Recibo del ganado del ahijadero de Yamobamba, 4 mayo 1626, ARC, leg. 14 [1626], f. 66r-67r",probable,,"appendix: Yamobamba, ganado ovejuno",18,item,corderos recién nacidos,cabezas,9,9,dueño de manada: Pedro Cañicares (Santiago de Chuco); Yamobamba 1626,374,high,"table compiled by author from ARC, leg. 14 [1626], f. 66r-67r"
C6.m,"Cuadro 5: Recibo del ganado del ahijadero de Yamobamba, 4 mayo 1626, ARC, leg. 14 [1626], f. 66r-67r",probable,,"appendix: Yamobamba, ganado ovejuno",19,item,ovejas madres,cabezas,10,10,dueño de manada: Pedro Cañicares (Santiago de Chuco); Yamobamba 1626,374,high,"table compiled by author from ARC, leg. 14 [1626], f. 66r-67r"
C6.m,"Cuadro 5: Recibo del ganado del ahijadero de Yamobamba, 4 mayo 1626, ARC, leg. 14 [1626], f. 66r-67r",probable,,"appendix: Yamobamba, ganado ovejuno",20,item,borregas de 13 a 15 meses,cabezas,800,800,"dueño de manada: Diego Pisanquilich (Santiago de Chuco, pachaca de Guaso); Yamobamba 1626",374,high,"table compiled by author from ARC, leg. 14 [1626], f. 66r-67r"
C6.m,"Cuadro 5: Recibo del ganado del ahijadero de Yamobamba, 4 mayo 1626, ARC, leg. 14 [1626], f. 66r-67r",probable,,"appendix: Yamobamba, ganado ovejuno",21,item,cabezas (sin desglose),cabezas,854,854,dueño de manada: Diego Casolina de Arratia; Yamobamba 1626,374,medium,"table compiled by author from ARC, leg. 14 [1626], f. 66r-67r; ganado del propio arrendatario o entregado a él; sin desglose"
C6.m,"Cuadro 5: Recibo del ganado del ahijadero de Yamobamba, 4 mayo 1626, ARC, leg. 14 [1626], f. 66r-67r",probable,,"appendix: Yamobamba, ganado ovejuno",22,total,total ganado ovejuno,cabezas,8934,8934,Yamobamba 1626,374,high,"table compiled by author from ARC, leg. 14 [1626], f. 66r-67r; verificado: suma = 8934 (incluye las 854 de Casolina)"
C6.n,"Cuadro 6: Entrega del ganado a Diego Melgarejo, Yamobamba, 28 noviembre 1631, ARC, leg. 19 [1631], f. 49r-52r",probable,alcalde y mayorales,"appendix: Yamobamba, ganado ovejuno",1,item,ovejas madres,cabezas,240,240,"dueño de manada: Pedro Guachas (Usquil, pachaca de Icho); Yamobamba 1631",375,high,"table compiled by author from ARC, leg. 19 [1631], f. 49r-52r"
C6.n,"Cuadro 6: Entrega del ganado a Diego Melgarejo, Yamobamba, 28 noviembre 1631, ARC, leg. 19 [1631], f. 49r-52r",probable,alcalde y mayorales,"appendix: Yamobamba, ganado ovejuno",2,item,carneros padres (incluidos),cabezas,38,38,"dueño de manada: Pedro Guachas (Usquil, pachaca de Icho); Yamobamba 1631; columna 'Agregados'",375,low,"table compiled by author from ARC, leg. 19 [1631], f. 49r-52r; columna Agregados; 'incluyen 38 carneros padres'; idéntico al agregado de la 1ª fila del Cuadro 7: posible copia errónea"
C6.n,"Cuadro 6: Entrega del ganado a Diego Melgarejo, Yamobamba, 28 noviembre 1631, ARC, leg. 19 [1631], f. 49r-52r",probable,alcalde y mayorales,"appendix: Yamobamba, ganado ovejuno",3,item,ovejas madres,cabezas,65,65,"dueño de manada: Juan Xulcapoma (Cajabamba, ayllu Collana (también de ahijadero)); Yamobamba 1631",375,high,"table compiled by author from ARC, leg. 19 [1631], f. 49r-52r"
C6.n,"Cuadro 6: Entrega del ganado a Diego Melgarejo, Yamobamba, 28 noviembre 1631, ARC, leg. 19 [1631], f. 49r-52r",probable,alcalde y mayorales,"appendix: Yamobamba, ganado ovejuno",4,item,corderos de 2 días,cabezas,64,64,"dueño de manada: Juan Xulcapoma (Cajabamba, ayllu Collana (también de ahijadero)); Yamobamba 1631",375,high,"table compiled by author from ARC, leg. 19 [1631], f. 49r-52r"
C6.n,"Cuadro 6: Entrega del ganado a Diego Melgarejo, Yamobamba, 28 noviembre 1631, ARC, leg. 19 [1631], f. 49r-52r",probable,alcalde y mayorales,"appendix: Yamobamba, ganado ovejuno",5,item,carneros padres (incluidos),cabezas,71,71,"dueño de manada: Juan Xulcapoma (Cajabamba, ayllu Collana (también de ahijadero)); Yamobamba 1631; columna 'Agregados'",375,low,"table compiled by author from ARC, leg. 19 [1631], f. 49r-52r; columna Agregados; 'incluyen 71 carneros padres' > 65 ovejas madres: imposible como subconjunto; idéntico al agregado de la 2ª fila del Cuadro 7: posible copia errónea"
C6.n,"Cuadro 6: Entrega del ganado a Diego Melgarejo, Yamobamba, 28 noviembre 1631, ARC, leg. 19 [1631], f. 49r-52r",probable,alcalde y mayorales,"appendix: Yamobamba, ganado ovejuno",6,item,ovejas paridas,cabezas,122,122,"dueño de manada: Juan Francisco (Huamachuco, pachaca de Cuyur); Yamobamba 1631",375,high,"table compiled by author from ARC, leg. 19 [1631], f. 49r-52r"
C6.n,"Cuadro 6: Entrega del ganado a Diego Melgarejo, Yamobamba, 28 noviembre 1631, ARC, leg. 19 [1631], f. 49r-52r",probable,alcalde y mayorales,"appendix: Yamobamba, ganado ovejuno",7,item,corderos machos y hembras de 8 días,cabezas,118,118,"dueño de manada: Juan Francisco (Huamachuco, pachaca de Cuyur); Yamobamba 1631",375,high,"table compiled by author from ARC, leg. 19 [1631], f. 49r-52r"
C6.n,"Cuadro 6: Entrega del ganado a Diego Melgarejo, Yamobamba, 28 noviembre 1631, ARC, leg. 19 [1631], f. 49r-52r",probable,alcalde y mayorales,"appendix: Yamobamba, ganado ovejuno",8,item,borregas,cabezas,795,795,"dueño de manada: Melchor Pérez (Usquil, pachaca de Pachin); Yamobamba 1631",375,high,"table compiled by author from ARC, leg. 19 [1631], f. 49r-52r"
C6.n,"Cuadro 6: Entrega del ganado a Diego Melgarejo, Yamobamba, 28 noviembre 1631, ARC, leg. 19 [1631], f. 49r-52r",probable,alcalde y mayorales,"appendix: Yamobamba, ganado ovejuno",9,item,carneros padres,cabezas,30,30,"dueño de manada: Melchor Pérez (Usquil, pachaca de Pachin); Yamobamba 1631; columna 'Agregados'",375,high,"table compiled by author from ARC, leg. 19 [1631], f. 49r-52r; columna Agregados"
C6.n,"Cuadro 6: Entrega del ganado a Diego Melgarejo, Yamobamba, 28 noviembre 1631, ARC, leg. 19 [1631], f. 49r-52r",probable,alcalde y mayorales,"appendix: Yamobamba, ganado ovejuno",10,item,carneros,cabezas,575,575,"dueño de manada: Agustín Xulcapoma (Huamachuco, ayllu de Cuyur); Yamobamba 1631",375,high,"table compiled by author from ARC, leg. 19 [1631], f. 49r-52r"
C6.n,"Cuadro 6: Entrega del ganado a Diego Melgarejo, Yamobamba, 28 noviembre 1631, ARC, leg. 19 [1631], f. 49r-52r",probable,alcalde y mayorales,"appendix: Yamobamba, ganado ovejuno",11,item,ovejas madres,cabezas,969,969,"dueño de manada: Juan Pacheco (Huamachuco, ayllu Guambuchal); Yamobamba 1631",375,high,"table compiled by author from ARC, leg. 19 [1631], f. 49r-52r"
C6.n,"Cuadro 6: Entrega del ganado a Diego Melgarejo, Yamobamba, 28 noviembre 1631, ARC, leg. 19 [1631], f. 49r-52r",probable,alcalde y mayorales,"appendix: Yamobamba, ganado ovejuno",12,item,ovejas madres,cabezas,622,622,"dueño de manada: Nicolás Chuquisaqui (Cajabamba, ayllu Luicho); Yamobamba 1631",375,high,"table compiled by author from ARC, leg. 19 [1631], f. 49r-52r"
C6.n,"Cuadro 6: Entrega del ganado a Diego Melgarejo, Yamobamba, 28 noviembre 1631, ARC, leg. 19 [1631], f. 49r-52r",probable,alcalde y mayorales,"appendix: Yamobamba, ganado ovejuno",13,item,corderos de 6 a 7 meses,cabezas,587,587,"dueño de manada: Nicolás Chuquisaqui (Cajabamba, ayllu Luicho); Yamobamba 1631",375,high,"table compiled by author from ARC, leg. 19 [1631], f. 49r-52r"
C6.n,"Cuadro 6: Entrega del ganado a Diego Melgarejo, Yamobamba, 28 noviembre 1631, ARC, leg. 19 [1631], f. 49r-52r",probable,alcalde y mayorales,"appendix: Yamobamba, ganado ovejuno",14,item,carneros padres,cabezas,29,29,"dueño de manada: Nicolás Chuquisaqui (Cajabamba, ayllu Luicho); Yamobamba 1631; columna 'Agregados'",375,high,"table compiled by author from ARC, leg. 19 [1631], f. 49r-52r; columna Agregados"
C6.n,"Cuadro 6: Entrega del ganado a Diego Melgarejo, Yamobamba, 28 noviembre 1631, ARC, leg. 19 [1631], f. 49r-52r",probable,alcalde y mayorales,"appendix: Yamobamba, ganado ovejuno",15,item,ovejas madres,cabezas,601,601,"dueño de manada: Agustín Francisco (Huamachuco, ayllu Malcashugo); Yamobamba 1631",375,high,"table compiled by author from ARC, leg. 19 [1631], f. 49r-52r"
C6.n,"Cuadro 6: Entrega del ganado a Diego Melgarejo, Yamobamba, 28 noviembre 1631, ARC, leg. 19 [1631], f. 49r-52r",probable,alcalde y mayorales,"appendix: Yamobamba, ganado ovejuno",16,item,corderos de 7 meses,cabezas,563,563,"dueño de manada: Agustín Francisco (Huamachuco, ayllu Malcashugo); Yamobamba 1631",375,high,"table compiled by author from ARC, leg. 19 [1631], f. 49r-52r"
C6.n,"Cuadro 6: Entrega del ganado a Diego Melgarejo, Yamobamba, 28 noviembre 1631, ARC, leg. 19 [1631], f. 49r-52r",probable,alcalde y mayorales,"appendix: Yamobamba, ganado ovejuno",17,item,carneros padres,cabezas,29,29,"dueño de manada: Agustín Francisco (Huamachuco, ayllu Malcashugo); Yamobamba 1631; columna 'Agregados'",375,high,"table compiled by author from ARC, leg. 19 [1631], f. 49r-52r; columna Agregados"
C6.n,"Cuadro 6: Entrega del ganado a Diego Melgarejo, Yamobamba, 28 noviembre 1631, ARC, leg. 19 [1631], f. 49r-52r",probable,alcalde y mayorales,"appendix: Yamobamba, ganado ovejuno",18,item,borregas estimadas en 9 a 10 meses,cabezas,656,656,"dueño de manada: Agustín Xulca Rimac (Huamachuco, ayllu Guacapongo); Yamobamba 1631",375,high,"table compiled by author from ARC, leg. 19 [1631], f. 49r-52r"
C6.n,"Cuadro 6: Entrega del ganado a Diego Melgarejo, Yamobamba, 28 noviembre 1631, ARC, leg. 19 [1631], f. 49r-52r",probable,alcalde y mayorales,"appendix: Yamobamba, ganado ovejuno",19,item,borregas de 9 a 10 meses,cabezas,646,646,"dueño de manada: Agustín Pariaquilich (Huamachuco, ayllu Guacapongo); Yamobamba 1631",375,high,"table compiled by author from ARC, leg. 19 [1631], f. 49r-52r"
C6.n,"Cuadro 6: Entrega del ganado a Diego Melgarejo, Yamobamba, 28 noviembre 1631, ARC, leg. 19 [1631], f. 49r-52r",probable,alcalde y mayorales,"appendix: Yamobamba, ganado ovejuno",20,item,ovejas madres,cabezas,979,979,"dueño de manada: Agustín Guaguamanco (Huamachuco, ayllu Guacapongo); Yamobamba 1631",375,high,"table compiled by author from ARC, leg. 19 [1631], f. 49r-52r"
C6.n,"Cuadro 6: Entrega del ganado a Diego Melgarejo, Yamobamba, 28 noviembre 1631, ARC, leg. 19 [1631], f. 49r-52r",probable,alcalde y mayorales,"appendix: Yamobamba, ganado ovejuno",21,item,carneros padres,cabezas,40,40,"dueño de manada: Agustín Guaguamanco (Huamachuco, ayllu Guacapongo); Yamobamba 1631; columna 'Agregados'",375,high,"table compiled by author from ARC, leg. 19 [1631], f. 49r-52r; columna Agregados"
C6.n,"Cuadro 6: Entrega del ganado a Diego Melgarejo, Yamobamba, 28 noviembre 1631, ARC, leg. 19 [1631], f. 49r-52r",probable,alcalde y mayorales,"appendix: Yamobamba, ganado ovejuno",22,item,ovejas madres,cabezas,582,582,"dueño de manada: Pedro Xulcapoma (Huamachuco, ayllu Chiay); Yamobamba 1631",375,high,"table compiled by author from ARC, leg. 19 [1631], f. 49r-52r"
C6.n,"Cuadro 6: Entrega del ganado a Diego Melgarejo, Yamobamba, 28 noviembre 1631, ARC, leg. 19 [1631], f. 49r-52r",probable,alcalde y mayorales,"appendix: Yamobamba, ganado ovejuno",23,item,corderos y corderas de 3 a 4 meses,cabezas,552,552,"dueño de manada: Pedro Xulcapoma (Huamachuco, ayllu Chiay); Yamobamba 1631",375,high,"table compiled by author from ARC, leg. 19 [1631], f. 49r-52r"
C6.n,"Cuadro 6: Entrega del ganado a Diego Melgarejo, Yamobamba, 28 noviembre 1631, ARC, leg. 19 [1631], f. 49r-52r",probable,alcalde y mayorales,"appendix: Yamobamba, ganado ovejuno",24,item,carneros,cabezas,29,29,"dueño de manada: Pedro Xulcapoma (Huamachuco, ayllu Chiay); Yamobamba 1631; columna 'Agregados'",375,high,"table compiled by author from ARC, leg. 19 [1631], f. 49r-52r; columna Agregados"
C6.n,"Cuadro 6: Entrega del ganado a Diego Melgarejo, Yamobamba, 28 noviembre 1631, ARC, leg. 19 [1631], f. 49r-52r",probable,alcalde y mayorales,"appendix: Yamobamba, ganado ovejuno",25,item,ovejas madres,cabezas,600,600,"dueño de manada: Juan Bautista (Huamachuco, ayllu Guambuchal); Yamobamba 1631",375,high,"table compiled by author from ARC, leg. 19 [1631], f. 49r-52r"
C6.n,"Cuadro 6: Entrega del ganado a Diego Melgarejo, Yamobamba, 28 noviembre 1631, ARC, leg. 19 [1631], f. 49r-52r",probable,alcalde y mayorales,"appendix: Yamobamba, ganado ovejuno",26,item,corderos y corderas de 2 meses,cabezas,600,600,"dueño de manada: Juan Bautista (Huamachuco, ayllu Guambuchal); Yamobamba 1631",375,high,"table compiled by author from ARC, leg. 19 [1631], f. 49r-52r"
C6.n,"Cuadro 6: Entrega del ganado a Diego Melgarejo, Yamobamba, 28 noviembre 1631, ARC, leg. 19 [1631], f. 49r-52r",probable,alcalde y mayorales,"appendix: Yamobamba, ganado ovejuno",27,total,total ganado ovejuno,cabezas,9309,9309,9309 [9936]; Yamobamba 1631,375,medium,"table compiled by author from ARC, leg. 19 [1631], f. 49r-52r; total del documento 9309; corrección editorial [9936] = suma de la columna Cabezas (verificado)"
C6.n,"Cuadro 6: Entrega del ganado a Diego Melgarejo, Yamobamba, 28 noviembre 1631, ARC, leg. 19 [1631], f. 49r-52r",probable,alcalde y mayorales,"appendix: Yamobamba, ganado ovejuno",28,subtotal,"ovejas, corderos y corderas (resumen)",cabezas,9309,9309,Yamobamba 1631,375,medium,"table compiled by author from ARC, leg. 19 [1631], f. 49r-52r; resumen del documento"
C6.n,"Cuadro 6: Entrega del ganado a Diego Melgarejo, Yamobamba, 28 noviembre 1631, ARC, leg. 19 [1631], f. 49r-52r",probable,alcalde y mayorales,"appendix: Yamobamba, ganado ovejuno",29,subtotal,carneros (resumen),cabezas,782,782,Yamobamba 1631,375,medium,"table compiled by author from ARC, leg. 19 [1631], f. 49r-52r; no cuadra: fila 575 carneros + agregados de carneros = 732 (841 con los 'incluidos' 38+71)"
C6.n,"Cuadro 6: Entrega del ganado a Diego Melgarejo, Yamobamba, 28 noviembre 1631, ARC, leg. 19 [1631], f. 49r-52r",probable,alcalde y mayorales,"appendix: Yamobamba, ganado vacuno",30,item,vacas,cabezas,504,504,Yamobamba 1631,376,high,"table compiled by author from ARC, leg. 19 [1631], f. 49r-52r"
C6.n,"Cuadro 6: Entrega del ganado a Diego Melgarejo, Yamobamba, 28 noviembre 1631, ARC, leg. 19 [1631], f. 49r-52r",probable,alcalde y mayorales,"appendix: Yamobamba, ganado vacuno",31,item,vacas muy viejas (entre ellas),cabezas,104,104,Yamobamba 1631,376,medium,"table compiled by author from ARC, leg. 19 [1631], f. 49r-52r; subconjunto de las 504 vacas; no sumar"
C6.n,"Cuadro 6: Entrega del ganado a Diego Melgarejo, Yamobamba, 28 noviembre 1631, ARC, leg. 19 [1631], f. 49r-52r",probable,alcalde y mayorales,"appendix: Yamobamba, ganado vacuno",32,item,toros,cabezas,55,55,Yamobamba 1631,376,high,"table compiled by author from ARC, leg. 19 [1631], f. 49r-52r"
C6.n,"Cuadro 6: Entrega del ganado a Diego Melgarejo, Yamobamba, 28 noviembre 1631, ARC, leg. 19 [1631], f. 49r-52r",probable,alcalde y mayorales,"appendix: Yamobamba, ganado vacuno",33,item,novillos,cabezas,3,3,Yamobamba 1631,376,high,"table compiled by author from ARC, leg. 19 [1631], f. 49r-52r"
C6.n,"Cuadro 6: Entrega del ganado a Diego Melgarejo, Yamobamba, 28 noviembre 1631, ARC, leg. 19 [1631], f. 49r-52r",probable,alcalde y mayorales,"appendix: Yamobamba, ganado vacuno",34,item,terneros y terneras machos y hembras de 2 años,cabezas,86,86,Yamobamba 1631,376,high,"table compiled by author from ARC, leg. 19 [1631], f. 49r-52r"
C6.n,"Cuadro 6: Entrega del ganado a Diego Melgarejo, Yamobamba, 28 noviembre 1631, ARC, leg. 19 [1631], f. 49r-52r",probable,alcalde y mayorales,"appendix: Yamobamba, ganado vacuno",35,item,becerras machos y hembras nacidos de 3 mayo a octubre,cabezas,56,56,Yamobamba 1631,376,high,"table compiled by author from ARC, leg. 19 [1631], f. 49r-52r"
C6.n,"Cuadro 6: Entrega del ganado a Diego Melgarejo, Yamobamba, 28 noviembre 1631, ARC, leg. 19 [1631], f. 49r-52r",probable,alcalde y mayorales,"appendix: Yamobamba, ganado vacuno",36,item,becerros nacidos 5 octubre a 28 noviembre,cabezas,41,41,Yamobamba 1631,376,high,"table compiled by author from ARC, leg. 19 [1631], f. 49r-52r"
C6.n,"Cuadro 6: Entrega del ganado a Diego Melgarejo, Yamobamba, 28 noviembre 1631, ARC, leg. 19 [1631], f. 49r-52r",probable,alcalde y mayorales,"appendix: Yamobamba, ganado vacuno",37,total,ganado vacuno total,cabezas,745,745,745 [1045]; Yamobamba 1631,376,medium,"table compiled by author from ARC, leg. 19 [1631], f. 49r-52r; 745 = suma de las filas (verificado); cifra entre corchetes [1045] no explicada (¿cifra del documento o corrección editorial?)"
C6.o,"Cuadro 7: Entrega del ganado a Diego Melgarejo, Tulpo, 1-4 diciembre 1631, ARC, leg. 19 [1631], f. 53r-56v",probable,alcalde y mayorales,"appendix: Tulpo, ganado ovejuno",1,item,ovejas madres,cabezas,853,853,"dueño de manada: Juan Xulcaquilich (Santiago de Chuco, ayllu Guacapongo); Tulpo 1631",376,high,"table compiled by author from ARC, leg. 19 [1631], f. 53r-56v"
C6.o,"Cuadro 7: Entrega del ganado a Diego Melgarejo, Tulpo, 1-4 diciembre 1631, ARC, leg. 19 [1631], f. 53r-56v",probable,alcalde y mayorales,"appendix: Tulpo, ganado ovejuno",2,item,carneros padres (incluidos),cabezas,38,38,"dueño de manada: Juan Xulcaquilich (Santiago de Chuco, ayllu Guacapongo); Tulpo 1631; columna 'Agregados'",376,medium,"table compiled by author from ARC, leg. 19 [1631], f. 53r-56v; 'incluyen N carneros padres': subconjunto de la fila, no sumar"
C6.o,"Cuadro 7: Entrega del ganado a Diego Melgarejo, Tulpo, 1-4 diciembre 1631, ARC, leg. 19 [1631], f. 53r-56v",probable,alcalde y mayorales,"appendix: Tulpo, ganado ovejuno",3,item,ovejas madres,cabezas,724,724,"dueño de manada: Juan Quispiñaupa (Santiago de Chuco, ayllu Canchas); Tulpo 1631",376,high,"table compiled by author from ARC, leg. 19 [1631], f. 53r-56v"
C6.o,"Cuadro 7: Entrega del ganado a Diego Melgarejo, Tulpo, 1-4 diciembre 1631, ARC, leg. 19 [1631], f. 53r-56v",probable,alcalde y mayorales,"appendix: Tulpo, ganado ovejuno",4,item,carneros padres (incluidos),cabezas,71,71,"dueño de manada: Juan Quispiñaupa (Santiago de Chuco, ayllu Canchas); Tulpo 1631; columna 'Agregados'",376,medium,"table compiled by author from ARC, leg. 19 [1631], f. 53r-56v; 'incluyen N carneros padres': subconjunto de la fila, no sumar"
C6.o,"Cuadro 7: Entrega del ganado a Diego Melgarejo, Tulpo, 1-4 diciembre 1631, ARC, leg. 19 [1631], f. 53r-56v",probable,alcalde y mayorales,"appendix: Tulpo, ganado ovejuno",5,item,carneros de 1 año y medio,cabezas,1162,1162,"dueño de manada: Diego Lachimango (Santiago de Chuco, ayllu de Paria); Tulpo 1631",376,high,"table compiled by author from ARC, leg. 19 [1631], f. 53r-56v"
C6.o,"Cuadro 7: Entrega del ganado a Diego Melgarejo, Tulpo, 1-4 diciembre 1631, ARC, leg. 19 [1631], f. 53r-56v",probable,alcalde y mayorales,"appendix: Tulpo, ganado ovejuno",6,item,ovejas madres,cabezas,613,613,"dueño de manada: Pedro Yayacmango (Santiago de Chuco, ayllu Guacapongo); Tulpo 1631",376,high,"table compiled by author from ARC, leg. 19 [1631], f. 53r-56v"
C6.o,"Cuadro 7: Entrega del ganado a Diego Melgarejo, Tulpo, 1-4 diciembre 1631, ARC, leg. 19 [1631], f. 53r-56v",probable,alcalde y mayorales,"appendix: Tulpo, ganado ovejuno",7,item,corderos y corderas de 6 a 7 meses,cabezas,615,615,"dueño de manada: Pedro Yayacmango (Santiago de Chuco, ayllu Guacapongo); Tulpo 1631",376,high,"table compiled by author from ARC, leg. 19 [1631], f. 53r-56v"
C6.o,"Cuadro 7: Entrega del ganado a Diego Melgarejo, Tulpo, 1-4 diciembre 1631, ARC, leg. 19 [1631], f. 53r-56v",probable,alcalde y mayorales,"appendix: Tulpo, ganado ovejuno",8,item,carneros padres ('corderos padres' sic),cabezas,35,35,"dueño de manada: Pedro Yayacmango (Santiago de Chuco, ayllu Guacapongo); Tulpo 1631",376,medium,"table compiled by author from ARC, leg. 19 [1631], f. 53r-56v; texto dice 'corderos padres'"
C6.o,"Cuadro 7: Entrega del ganado a Diego Melgarejo, Tulpo, 1-4 diciembre 1631, ARC, leg. 19 [1631], f. 53r-56v",probable,alcalde y mayorales,"appendix: Tulpo, ganado ovejuno",9,item,ovejas preñadas,cabezas,117,117,dueño de manada: Juan Guamanchata (Santiago de Chuco); Tulpo 1631,376,high,"table compiled by author from ARC, leg. 19 [1631], f. 53r-56v"
C6.o,"Cuadro 7: Entrega del ganado a Diego Melgarejo, Tulpo, 1-4 diciembre 1631, ARC, leg. 19 [1631], f. 53r-56v",probable,alcalde y mayorales,"appendix: Tulpo, ganado ovejuno",10,item,ovejas madres,cabezas,171,171,"dueño de manada: Juan Xulcacondor (Santiago de Chuco, ayllu Guallies); Tulpo 1631",376,high,"table compiled by author from ARC, leg. 19 [1631], f. 53r-56v"
C6.o,"Cuadro 7: Entrega del ganado a Diego Melgarejo, Tulpo, 1-4 diciembre 1631, ARC, leg. 19 [1631], f. 53r-56v",probable,alcalde y mayorales,"appendix: Tulpo, ganado ovejuno",11,item,corderos recién nacidos de 4 a 5 días,cabezas,161,161,"dueño de manada: Juan Xulcacondor (Santiago de Chuco, ayllu Guallies); Tulpo 1631",376,high,"table compiled by author from ARC, leg. 19 [1631], f. 53r-56v"
C6.o,"Cuadro 7: Entrega del ganado a Diego Melgarejo, Tulpo, 1-4 diciembre 1631, ARC, leg. 19 [1631], f. 53r-56v",probable,alcalde y mayorales,"appendix: Tulpo, ganado ovejuno",12,item,carneros padres,cabezas,30,30,"dueño de manada: Juan Xulcacondor (Santiago de Chuco, ayllu Guallies); Tulpo 1631",376,high,"table compiled by author from ARC, leg. 19 [1631], f. 53r-56v"
C6.o,"Cuadro 7: Entrega del ganado a Diego Melgarejo, Tulpo, 1-4 diciembre 1631, ARC, leg. 19 [1631], f. 53r-56v",probable,alcalde y mayorales,"appendix: Tulpo, ganado ovejuno",13,item,ovejas madres,cabezas,579,579,"dueño de manada: Juan Guamanchagua (Usquil, ayllu Ychuc); Tulpo 1631",376,high,"table compiled by author from ARC, leg. 19 [1631], f. 53r-56v"
C6.o,"Cuadro 7: Entrega del ganado a Diego Melgarejo, Tulpo, 1-4 diciembre 1631, ARC, leg. 19 [1631], f. 53r-56v",probable,alcalde y mayorales,"appendix: Tulpo, ganado ovejuno",14,item,corderos y corderas de 7 a 8 meses,cabezas,583,583,"dueño de manada: Juan Guamanchagua (Usquil, ayllu Ychuc); Tulpo 1631",376,high,"table compiled by author from ARC, leg. 19 [1631], f. 53r-56v"
C6.o,"Cuadro 7: Entrega del ganado a Diego Melgarejo, Tulpo, 1-4 diciembre 1631, ARC, leg. 19 [1631], f. 53r-56v",probable,alcalde y mayorales,"appendix: Tulpo, ganado ovejuno",15,item,corderos,cabezas,74,74,"dueño de manada: Juan Guamanchagua (Usquil, ayllu Ychuc); Tulpo 1631",376,high,"table compiled by author from ARC, leg. 19 [1631], f. 53r-56v"
C6.o,"Cuadro 7: Entrega del ganado a Diego Melgarejo, Tulpo, 1-4 diciembre 1631, ARC, leg. 19 [1631], f. 53r-56v",probable,alcalde y mayorales,"appendix: Tulpo, ganado ovejuno",16,item,carneros padres,cabezas,39,39,"dueño de manada: Juan Guamanchagua [2ª fila] (Usquil, ayllu Ychuc); Tulpo 1631",376,high,"table compiled by author from ARC, leg. 19 [1631], f. 53r-56v"
C6.o,"Cuadro 7: Entrega del ganado a Diego Melgarejo, Tulpo, 1-4 diciembre 1631, ARC, leg. 19 [1631], f. 53r-56v",probable,alcalde y mayorales,"appendix: Tulpo, ganado ovejuno",17,total,total ganado ovejuno,cabezas,5756,5756,Tulpo 1631,376,high,"table compiled by author from ARC, leg. 19 [1631], f. 53r-56v; verificado: = suma de la columna Cabezas"
C6.o,"Cuadro 7: Entrega del ganado a Diego Melgarejo, Tulpo, 1-4 diciembre 1631, ARC, leg. 19 [1631], f. 53r-56v",probable,alcalde y mayorales,"appendix: Tulpo, ganado vacuno",18,item,vacas madres,cabezas,493,493,Tulpo 1631,377,high,"table compiled by author from ARC, leg. 19 [1631], f. 53r-56v"
C6.o,"Cuadro 7: Entrega del ganado a Diego Melgarejo, Tulpo, 1-4 diciembre 1631, ARC, leg. 19 [1631], f. 53r-56v",probable,alcalde y mayorales,"appendix: Tulpo, ganado vacuno",19,item,vacas viejas e infructíferas (entre ellas),cabezas,64,64,Tulpo 1631,377,medium,"table compiled by author from ARC, leg. 19 [1631], f. 53r-56v; subconjunto de las 493; no sumar"
C6.o,"Cuadro 7: Entrega del ganado a Diego Melgarejo, Tulpo, 1-4 diciembre 1631, ARC, leg. 19 [1631], f. 53r-56v",probable,alcalde y mayorales,"appendix: Tulpo, ganado vacuno",20,item,toros,cabezas,54,54,Tulpo 1631,377,high,"table compiled by author from ARC, leg. 19 [1631], f. 53r-56v"
C6.o,"Cuadro 7: Entrega del ganado a Diego Melgarejo, Tulpo, 1-4 diciembre 1631, ARC, leg. 19 [1631], f. 53r-56v",probable,alcalde y mayorales,"appendix: Tulpo, ganado vacuno",21,item,novillos,cabezas,2,2,Tulpo 1631,377,high,"table compiled by author from ARC, leg. 19 [1631], f. 53r-56v"
C6.o,"Cuadro 7: Entrega del ganado a Diego Melgarejo, Tulpo, 1-4 diciembre 1631, ARC, leg. 19 [1631], f. 53r-56v",probable,alcalde y mayorales,"appendix: Tulpo, ganado vacuno",22,item,terneros machos y hembras de 1 a 2 años,cabezas,164,164,Tulpo 1631,377,high,"table compiled by author from ARC, leg. 19 [1631], f. 53r-56v"
C6.o,"Cuadro 7: Entrega del ganado a Diego Melgarejo, Tulpo, 1-4 diciembre 1631, ARC, leg. 19 [1631], f. 53r-56v",probable,alcalde y mayorales,"appendix: Tulpo, ganado vacuno",23,item,terneros machos y hembras de 1 año a recién nacidos el 13 de mayo,cabezas,290,290,Tulpo 1631,377,high,"table compiled by author from ARC, leg. 19 [1631], f. 53r-56v"
C6.o,"Cuadro 7: Entrega del ganado a Diego Melgarejo, Tulpo, 1-4 diciembre 1631, ARC, leg. 19 [1631], f. 53r-56v",probable,alcalde y mayorales,"appendix: Tulpo, ganado vacuno",24,subtotal,subtotal ganado vacuno,cabezas,1003,1003,Tulpo 1631,377,high,"table compiled by author from ARC, leg. 19 [1631], f. 53r-56v; verificado: 493+54+2+164+290=1003"
C6.o,"Cuadro 7: Entrega del ganado a Diego Melgarejo, Tulpo, 1-4 diciembre 1631, ARC, leg. 19 [1631], f. 53r-56v",probable,alcalde y mayorales,"appendix: Tulpo, ganado vacuno",25,item,becerros machos y hembras nacidos entre 13 mayo y 19 septiembre,cabezas,26,26,Tulpo 1631,377,high,"table compiled by author from ARC, leg. 19 [1631], f. 53r-56v"
C6.o,"Cuadro 7: Entrega del ganado a Diego Melgarejo, Tulpo, 1-4 diciembre 1631, ARC, leg. 19 [1631], f. 53r-56v",probable,alcalde y mayorales,"appendix: Tulpo, ganado vacuno",26,item,becerros y becerras nacidos entre 19 septiembre y 3 diciembre,cabezas,14,14,Tulpo 1631,377,high,"table compiled by author from ARC, leg. 19 [1631], f. 53r-56v"
C6.o,"Cuadro 7: Entrega del ganado a Diego Melgarejo, Tulpo, 1-4 diciembre 1631, ARC, leg. 19 [1631], f. 53r-56v",probable,alcalde y mayorales,"appendix: Tulpo, ganado vacuno",27,total,ganado vacuno total,cabezas,1043,1043,Tulpo 1631,377,high,"table compiled by author from ARC, leg. 19 [1631], f. 53r-56v; verificado: 1003+26+14=1043"
C6.o,"Cuadro 7: Entrega del ganado a Diego Melgarejo, Tulpo, 1-4 diciembre 1631, ARC, leg. 19 [1631], f. 53r-56v",probable,alcalde y mayorales,"appendix: Tulpo, ganado caballar",28,item,yeguas de vientre,cabezas,175,175,Tulpo 1631,377,high,"table compiled by author from ARC, leg. 19 [1631], f. 53r-56v"
C6.o,"Cuadro 7: Entrega del ganado a Diego Melgarejo, Tulpo, 1-4 diciembre 1631, ARC, leg. 19 [1631], f. 53r-56v",probable,alcalde y mayorales,"appendix: Tulpo, ganado caballar",29,item,yeguas viejas (incluidas),cabezas,50,50,Tulpo 1631,377,medium,"table compiled by author from ARC, leg. 19 [1631], f. 53r-56v; subconjunto de las 175; no sumar"
C6.o,"Cuadro 7: Entrega del ganado a Diego Melgarejo, Tulpo, 1-4 diciembre 1631, ARC, leg. 19 [1631], f. 53r-56v",probable,alcalde y mayorales,"appendix: Tulpo, ganado caballar",30,item,caballos padres,cabezas,20,20,Tulpo 1631,377,high,"table compiled by author from ARC, leg. 19 [1631], f. 53r-56v"
C6.o,"Cuadro 7: Entrega del ganado a Diego Melgarejo, Tulpo, 1-4 diciembre 1631, ARC, leg. 19 [1631], f. 53r-56v",probable,alcalde y mayorales,"appendix: Tulpo, ganado caballar",31,item,caballos padres tuertos (entre ellos),cabezas,4,4,Tulpo 1631,377,medium,"table compiled by author from ARC, leg. 19 [1631], f. 53r-56v; subconjunto de los 20; no sumar"
C6.o,"Cuadro 7: Entrega del ganado a Diego Melgarejo, Tulpo, 1-4 diciembre 1631, ARC, leg. 19 [1631], f. 53r-56v",probable,alcalde y mayorales,"appendix: Tulpo, ganado caballar",32,item,caballos padres cojos (entre ellos),cabezas,4,4,Tulpo 1631,377,medium,"table compiled by author from ARC, leg. 19 [1631], f. 53r-56v; subconjunto de los 20; no sumar"
C6.o,"Cuadro 7: Entrega del ganado a Diego Melgarejo, Tulpo, 1-4 diciembre 1631, ARC, leg. 19 [1631], f. 53r-56v",probable,alcalde y mayorales,"appendix: Tulpo, ganado caballar",33,item,potros de 2 años y potrancas de 1 año a 7 meses,cabezas,43,43,Tulpo 1631,377,high,"table compiled by author from ARC, leg. 19 [1631], f. 53r-56v"
C6.o,"Cuadro 7: Entrega del ganado a Diego Melgarejo, Tulpo, 1-4 diciembre 1631, ARC, leg. 19 [1631], f. 53r-56v",probable,alcalde y mayorales,"appendix: Tulpo, ganado caballar",34,item,potros y potrancas de 1 año,cabezas,144,144,Tulpo 1631,377,high,"table compiled by author from ARC, leg. 19 [1631], f. 53r-56v"
C6.o,"Cuadro 7: Entrega del ganado a Diego Melgarejo, Tulpo, 1-4 diciembre 1631, ARC, leg. 19 [1631], f. 53r-56v",probable,alcalde y mayorales,"appendix: Tulpo, ganado caballar",35,item,potrillos y potrancas de 7 meses hasta recién nacidos,cabezas,27,27,Tulpo 1631,377,high,"table compiled by author from ARC, leg. 19 [1631], f. 53r-56v"
C6.o,"Cuadro 7: Entrega del ganado a Diego Melgarejo, Tulpo, 1-4 diciembre 1631, ARC, leg. 19 [1631], f. 53r-56v",probable,alcalde y mayorales,"appendix: Tulpo, ganado caballar",36,total,ganado caballar total,cabezas,369,369,369 [409]; Tulpo 1631,377,medium,"table compiled by author from ARC, leg. 19 [1631], f. 53r-56v; total del documento 369; suma de filas = 409 (verificado) = corrección editorial [409]"
