doc_id,doc_title,quipu_based,speaker,section,seq,level,item,unit,quantity,quantity_raw,context,page,confidence,notes
H1.a,"Testimonio de una información sobre curacazgos en la visita de Leimebamba, visitador lic. Diego Álvarez, escribano Hernando de Doipa; Leimebamba, 29 mayo 1572 (copia ms. 1582, BNL A585 ff.96v-100r; ed. Espinoza Soriano 1967 doc. 2)",no,"alcaldes, caciques principales e indios de las tres parcialidades del repartimiento de Leymebamba (don Antonio Lucana, don Gómez Tomallaxa, don Hernando Chilcho, etc.)",preámbulo,1,item,parcialidades del repartimiento de Leymebamba,parcialidades,3,tres parcialidades,"caciques e indios de las tres parcialidades de este repartimiento (Cochabamba, Leymebamba, Chilchos)",286,high,
H1.a,"Testimonio de una información sobre curacazgos en la visita de Leimebamba, visitador lic. Diego Álvarez, escribano Hernando de Doipa; Leimebamba, 29 mayo 1572 (copia ms. 1582, BNL A585 ff.96v-100r; ed. Espinoza Soriano 1967 doc. 2)",no,"alcaldes, caciques principales e indios de las tres parcialidades del repartimiento de Leymebamba (don Antonio Lucana, don Gómez Tomallaxa, don Hernando Chilcho, etc.)",§1 parcialidad de Cochabamba (cacique don Gómez Tomallaxa),2,item,guarangas (antiguamente),guarangas,3,tres guarangas,antiguamente eran tres guarangas; al presente no hay más indios de los contenidos en la visita,286,high,cifra histórica (pre-1572); número real de indios remitido a la visita (no transcrita)
H1.a,"Testimonio de una información sobre curacazgos en la visita de Leimebamba, visitador lic. Diego Álvarez, escribano Hernando de Doipa; Leimebamba, 29 mayo 1572 (copia ms. 1582, BNL A585 ff.96v-100r; ed. Espinoza Soriano 1967 doc. 2)",no,"alcaldes, caciques principales e indios de las tres parcialidades del repartimiento de Leymebamba (don Antonio Lucana, don Gómez Tomallaxa, don Hernando Chilcho, etc.)",§1 parcialidad de Cochabamba (cacique don Gómez Tomallaxa),3,item,parcialidades de pachacas,pachacas,6,seis parcialidades de pachacas,en la parcialidad de Cochabamba hay seis pachacas (1572),286,high,
H1.a,"Testimonio de una información sobre curacazgos en la visita de Leimebamba, visitador lic. Diego Álvarez, escribano Hernando de Doipa; Leimebamba, 29 mayo 1572 (copia ms. 1582, BNL A585 ff.96v-100r; ed. Espinoza Soriano 1967 doc. 2)",no,"alcaldes, caciques principales e indios de las tres parcialidades del repartimiento de Leymebamba (don Antonio Lucana, don Gómez Tomallaxa, don Hernando Chilcho, etc.)",§2 parcialidad de Los Chilchos (cacique don Hernando Chilcho),4,item,guarangas (antiguamente),guarangas,5,cinco guarangas,solían ser cinco guarangas; agora no hay más de los indios contenidos en esta visita,286,high,"Schjellerup 2008:115 lo asocia a c.1535 y lo convierte en 5000 tributarios (conversión moderna, no documental)"
H1.a,"Testimonio de una información sobre curacazgos en la visita de Leimebamba, visitador lic. Diego Álvarez, escribano Hernando de Doipa; Leimebamba, 29 mayo 1572 (copia ms. 1582, BNL A585 ff.96v-100r; ed. Espinoza Soriano 1967 doc. 2)",no,"alcaldes, caciques principales e indios de las tres parcialidades del repartimiento de Leymebamba (don Antonio Lucana, don Gómez Tomallaxa, don Hernando Chilcho, etc.)",§2 parcialidad de Los Chilchos (cacique don Hernando Chilcho),5,item,años de la ejecutoria del cacicazgo,años,16,diez y seis años,don Hernando Chilcho posee el cacicazgo por ejecutoria de hace 16 años (c.1556),286,high,
H1.a,"Testimonio de una información sobre curacazgos en la visita de Leimebamba, visitador lic. Diego Álvarez, escribano Hernando de Doipa; Leimebamba, 29 mayo 1572 (copia ms. 1582, BNL A585 ff.96v-100r; ed. Espinoza Soriano 1967 doc. 2)",no,"alcaldes, caciques principales e indios de las tres parcialidades del repartimiento de Leymebamba (don Antonio Lucana, don Gómez Tomallaxa, don Hernando Chilcho, etc.)",§2 parcialidad de Los Chilchos (cacique don Hernando Chilcho),6,item,principales,principales,6,seis prencipales,en los Chilchos hay seis principales,286,high,
H1.a,"Testimonio de una información sobre curacazgos en la visita de Leimebamba, visitador lic. Diego Álvarez, escribano Hernando de Doipa; Leimebamba, 29 mayo 1572 (copia ms. 1582, BNL A585 ff.96v-100r; ed. Espinoza Soriano 1967 doc. 2)",no,"alcaldes, caciques principales e indios de las tres parcialidades del repartimiento de Leymebamba (don Antonio Lucana, don Gómez Tomallaxa, don Hernando Chilcho, etc.)",§2 parcialidad de Los Chilchos (cacique don Hernando Chilcho),7,item,principales (más),principales,3,más otros tres,más otros tres principales,286,high,
H1.a,"Testimonio de una información sobre curacazgos en la visita de Leimebamba, visitador lic. Diego Álvarez, escribano Hernando de Doipa; Leimebamba, 29 mayo 1572 (copia ms. 1582, BNL A585 ff.96v-100r; ed. Espinoza Soriano 1967 doc. 2)",no,"alcaldes, caciques principales e indios de las tres parcialidades del repartimiento de Leymebamba (don Antonio Lucana, don Gómez Tomallaxa, don Hernando Chilcho, etc.)",§2 parcialidad de Los Chilchos (cacique don Hernando Chilcho),8,total,principales,principales,9,que son nueve por todos,6 + 3 = 9 principales en total (suma explícita en el texto),286,high,
H1.a,"Testimonio de una información sobre curacazgos en la visita de Leimebamba, visitador lic. Diego Álvarez, escribano Hernando de Doipa; Leimebamba, 29 mayo 1572 (copia ms. 1582, BNL A585 ff.96v-100r; ed. Espinoza Soriano 1967 doc. 2)",no,"alcaldes, caciques principales e indios de las tres parcialidades del repartimiento de Leymebamba (don Antonio Lucana, don Gómez Tomallaxa, don Hernando Chilcho, etc.)",§5 hijos de don Francisco Pizarro Guamán,9,item,hijos vivos,hijos,3,los dichos tres hijos que hoy viven,"don Francisco, don Juan y don Francisco [=Hernando] Guamán",287,high,
H1.a,"Testimonio de una información sobre curacazgos en la visita de Leimebamba, visitador lic. Diego Álvarez, escribano Hernando de Doipa; Leimebamba, 29 mayo 1572 (copia ms. 1582, BNL A585 ff.96v-100r; ed. Espinoza Soriano 1967 doc. 2)",no,"alcaldes, caciques principales e indios de las tres parcialidades del repartimiento de Leymebamba (don Antonio Lucana, don Gómez Tomallaxa, don Hernando Chilcho, etc.)",§6 sucesión de gobernadores,10,item,tiempo de gobierno de don Diego Ampuite,años,1.5,año y medio,gobernó Leymebamba-Cochabamba por nombramiento de Juan Pérez de Guevara,288,high,
H1.a,"Testimonio de una información sobre curacazgos en la visita de Leimebamba, visitador lic. Diego Álvarez, escribano Hernando de Doipa; Leimebamba, 29 mayo 1572 (copia ms. 1582, BNL A585 ff.96v-100r; ed. Espinoza Soriano 1967 doc. 2)",no,"alcaldes, caciques principales e indios de las tres parcialidades del repartimiento de Leymebamba (don Antonio Lucana, don Gómez Tomallaxa, don Hernando Chilcho, etc.)",§6 sucesión de gobernadores,11,item,tiempo de gobierno de don Juan Xabloch [Xauloch],años,11,diez o doce años,gobernó 10 o 12 años (valor medio 11),288,medium,rango 10-12; Xauloch era quipocamayo de don Alonso Quinyoc (p.320)
H1.a,"Testimonio de una información sobre curacazgos en la visita de Leimebamba, visitador lic. Diego Álvarez, escribano Hernando de Doipa; Leimebamba, 29 mayo 1572 (copia ms. 1582, BNL A585 ff.96v-100r; ed. Espinoza Soriano 1967 doc. 2)",no,"alcaldes, caciques principales e indios de las tres parcialidades del repartimiento de Leymebamba (don Antonio Lucana, don Gómez Tomallaxa, don Hernando Chilcho, etc.)",§7 testigos presentes,12,item,edad de los indios presentes (más de),años,55,de más de cincuenta y cinco años,"16 indios naturales de Leymebamba, Cochabamba y Chilchos",288,high,
H1.b,"Demanda de don Francisco Guamán al visitador Diego Álvarez sobre el curacazgo de Cochabamba, Leimebamba y Mitimaes Guancas; Leimebamba, 30 mayo 1572 (BNL A585 ff.83r-85r; Espinoza 1967 doc. 3)",no,don Francisco Guamán,§2 gobierno de Quinyopa,1,item,tiempo de gobierno de Quinyopa,años,5,tiempo de cinco años,Quinyopa gobernó Cochabamba y Leimebamba tras la muerte de Guamán (c.1551-1556),289,high,
H1.c,"Escrito de don Cristóbal Chuillaxa al visitador Diego Álvarez sobre el curacazgo de Cochabamba y Leimebamba; Leimebamba, 30 mayo 1572 (BNL A585 ff.85r-86r; Espinoza 1967 doc. 4)",no,don Cristóbal Chuillaxa,§1,1,item,años desde la información ante el corregidor Alonso de Montalván,años,7,habrá siete años poco más o menos,información hecha en Chachapoyas c.1565,290,high,
H1.c,"Escrito de don Cristóbal Chuillaxa al visitador Diego Álvarez sobre el curacazgo de Cochabamba y Leimebamba; Leimebamba, 30 mayo 1572 (BNL A585 ff.85r-86r; Espinoza 1967 doc. 4)",no,don Cristóbal Chuillaxa,§2,2,item,años de posesión del señorío por sus antepasados (más de),años,100,de más de cien años acá,desde Topa Inga Yupangui,290,medium,cifra retórica
H1.d,"Escrito de don Francisco Guamán en respuesta a don Cristóbal Chuillaxa; Leimebamba, junio 1572 (BNL A585 ff.86r-87v; Espinoza 1967 doc. 5)",no,don Francisco Guamán,§2,1,item,pueblos de los que Chuillaxa es principal,pueblos,3,los tres pueblos contenidos en una provisión,"Chuillaxa sólo principal de tres pueblos (cf. Chibul, Llama, Pausamarca / Llama, Chibul, Ampui)",291,high,
H1.e,"Información de oficio sobre el curacazgo de Leimebamba y Cochabamba, visitador Diego Álvarez; Leimebamba 3 jun. y San Juan de Llama 23 jun. 1572 (BNL A585 ff.87v-95v; Espinoza 1967 doc. 6)",no,"testigos de parte y 10 indios viejos de oficio, por lengua de Simón García",testigos,1,item,testigos presentados por cada parte,testigos,4,cuatro testigos,"cada uno de los 4 litigantes (Guamán, Chuquimis, Tomallaxa, Chuillaxa) presentó 4 testigos",292,high,
H1.e,"Información de oficio sobre el curacazgo de Leimebamba y Cochabamba, visitador Diego Álvarez; Leimebamba 3 jun. y San Juan de Llama 23 jun. 1572 (BNL A585 ff.87v-95v; Espinoza 1967 doc. 6)",no,"testigos de parte y 10 indios viejos de oficio, por lengua de Simón García",testigos,2,item,edad aparente de los testigos de parte,años,60,de sesenta años,todos parecieron de 60 años,293,high,
H1.e,"Información de oficio sobre el curacazgo de Leimebamba y Cochabamba, visitador Diego Álvarez; Leimebamba 3 jun. y San Juan de Llama 23 jun. 1572 (BNL A585 ff.87v-95v; Espinoza 1967 doc. 6)",no,"testigos de parte y 10 indios viejos de oficio, por lengua de Simón García",testigos,3,item,edad aparente de algunos testigos (más de),años,70,algunos de más de setenta,,293,high,
H1.e,"Información de oficio sobre el curacazgo de Leimebamba y Cochabamba, visitador Diego Álvarez; Leimebamba 3 jun. y San Juan de Llama 23 jun. 1572 (BNL A585 ff.87v-95v; Espinoza 1967 doc. 6)",no,"testigos de parte y 10 indios viejos de oficio, por lengua de Simón García",testigos de oficio,4,item,indios testigos de oficio,indios,10,diez indios,escogidos entre los más viejos del repartimiento (sólo 9 nombrados en el texto),293,high,el texto nombra 9 personas
H1.e,"Información de oficio sobre el curacazgo de Leimebamba y Cochabamba, visitador Diego Álvarez; Leimebamba 3 jun. y San Juan de Llama 23 jun. 1572 (BNL A585 ff.87v-95v; Espinoza 1967 doc. 6)",no,"testigos de parte y 10 indios viejos de oficio, por lengua de Simón García",§6 Tomallaxa,5,item,tiempo de gobierno de Tomallaxa,años,3.5,tres años o cuatro años,puesto por Colla Topa; valor medio,294,medium,rango 3-4
H1.e,"Información de oficio sobre el curacazgo de Leimebamba y Cochabamba, visitador Diego Álvarez; Leimebamba 3 jun. y San Juan de Llama 23 jun. 1572 (BNL A585 ff.87v-95v; Espinoza 1967 doc. 6)",no,"testigos de parte y 10 indios viejos de oficio, por lengua de Simón García",§7 Puiluana,6,item,tiempo de gobierno de Puiluana,años,2,dos años,"puesto por Tambo Uscamaita, capitán de Guáscar",295,high,
H1.e,"Información de oficio sobre el curacazgo de Leimebamba y Cochabamba, visitador Diego Álvarez; Leimebamba 3 jun. y San Juan de Llama 23 jun. 1572 (BNL A585 ff.87v-95v; Espinoza 1967 doc. 6)",no,"testigos de parte y 10 indios viejos de oficio, por lengua de Simón García",§8 castigo de Atahualpa,7,item,indios enviados por Atahualpa con el espía,indios,50,cincuenta indios,para conquistar el repartimiento,295,high,
H1.e,"Información de oficio sobre el curacazgo de Leimebamba y Cochabamba, visitador Diego Álvarez; Leimebamba 3 jun. y San Juan de Llama 23 jun. 1572 (BNL A585 ff.87v-95v; Espinoza 1967 doc. 6)",no,"testigos de parte y 10 indios viejos de oficio, por lengua de Simón García",§11 nombramiento de Guamán por Atahualpa,8,item,guarangas dadas a Guamán,guarangas,3,tres guarangas de indios,"guarangas de Caxamarquilla, Cundurmarca y Bambamarca (que Guamán nunca gobernó); gobernó Cochabamba, Leimebamba, Culiay y Pauxamarca",297,high,"Espinoza (p.238) compila desde aquí y otros docs una lista de 8 huarancas (Cajamarquilla, Cunturmarca, Pampamarca, Collay, Pausamarca, Hutac, Cochapampa, Timpuy): enumeración del autor, no cifra documental"
H1.e,"Información de oficio sobre el curacazgo de Leimebamba y Cochabamba, visitador Diego Álvarez; Leimebamba 3 jun. y San Juan de Llama 23 jun. 1572 (BNL A585 ff.87v-95v; Espinoza 1967 doc. 6)",no,"testigos de parte y 10 indios viejos de oficio, por lengua de Simón García",§12,9,item,tiempo hasta la llegada de los españoles,años,1.5,año y medio,tras el nombramiento de Guamán,298,high,
H1.e,"Información de oficio sobre el curacazgo de Leimebamba y Cochabamba, visitador Diego Álvarez; Leimebamba 3 jun. y San Juan de Llama 23 jun. 1572 (BNL A585 ff.87v-95v; Espinoza 1967 doc. 6)",no,"testigos de parte y 10 indios viejos de oficio, por lengua de Simón García",§14,10,item,tiempo que gobernó Guamán hasta la entrada de Alonso de Alvarado,años,2,dos años poco más o menos,,298,high,
H1.e,"Información de oficio sobre el curacazgo de Leimebamba y Cochabamba, visitador Diego Álvarez; Leimebamba 3 jun. y San Juan de Llama 23 jun. 1572 (BNL A585 ff.87v-95v; Espinoza 1967 doc. 6)",no,"testigos de parte y 10 indios viejos de oficio, por lengua de Simón García",§15 Alvarado en Cochabamba; recojo de oro y plata,11,item,tiempo hasta el regreso de Alvarado a Cochabamba,meses,1,a cabo de un mes poco más o menos,recogió el oro y plata juntado 'por industria y cuenta que el dicho Guamán dio',299,high,"Alvarado mandó a Guamán 'que tuviese cuentas, quipos de todas las guarangas y quipos que había en toda la provincia' (sin cifras transcritas)"
H1.e,"Información de oficio sobre el curacazgo de Leimebamba y Cochabamba, visitador Diego Álvarez; Leimebamba 3 jun. y San Juan de Llama 23 jun. 1572 (BNL A585 ff.87v-95v; Espinoza 1967 doc. 6)",no,"testigos de parte y 10 indios viejos de oficio, por lengua de Simón García",§16 repartimiento en La Jalea,12,item,tiempo hasta el regreso de Alvarado,años,1,a cabo de un año poco más o menos,Alvarado repartió los indios en La Jalea 'por la cuenta y quipos y relación que le daba el dicho Guamán',299,high,"el reparto se hizo por quipus de Guamán, pero el documento no transcribe cifras"
H1.e,"Información de oficio sobre el curacazgo de Leimebamba y Cochabamba, visitador Diego Álvarez; Leimebamba 3 jun. y San Juan de Llama 23 jun. 1572 (BNL A585 ff.87v-95v; Espinoza 1967 doc. 6)",no,"testigos de parte y 10 indios viejos de oficio, por lengua de Simón García",§16 repartimiento en La Jalea,13,item,años desde la muerte de Guamán (más de),años,20,habrá más tiempo de veinte años,Guamán murió c.1551,299,high,
H1.e,"Información de oficio sobre el curacazgo de Leimebamba y Cochabamba, visitador Diego Álvarez; Leimebamba 3 jun. y San Juan de Llama 23 jun. 1572 (BNL A585 ff.87v-95v; Espinoza 1967 doc. 6)",no,"testigos de parte y 10 indios viejos de oficio, por lengua de Simón García",§18 hijos de Guamán,14,item,hijos que dejó Guamán,hijos,4,cuatro hijos,,300,high,
H1.e,"Información de oficio sobre el curacazgo de Leimebamba y Cochabamba, visitador Diego Álvarez; Leimebamba 3 jun. y San Juan de Llama 23 jun. 1572 (BNL A585 ff.87v-95v; Espinoza 1967 doc. 6)",no,"testigos de parte y 10 indios viejos de oficio, por lengua de Simón García",§18 hijos de Guamán,15,item,hijos vivos,hijos,3,los otros tres hijos son vivos,"don Francisco, don Juan, don Hernando",300,high,
H1.e,"Información de oficio sobre el curacazgo de Leimebamba y Cochabamba, visitador Diego Álvarez; Leimebamba 3 jun. y San Juan de Llama 23 jun. 1572 (BNL A585 ff.87v-95v; Espinoza 1967 doc. 6)",no,"testigos de parte y 10 indios viejos de oficio, por lengua de Simón García",§18 hijos de Guamán,16,item,pallas dadas por Atahualpa,mujeres,3,tres pallas,,300,high,
H1.e,"Información de oficio sobre el curacazgo de Leimebamba y Cochabamba, visitador Diego Álvarez; Leimebamba 3 jun. y San Juan de Llama 23 jun. 1572 (BNL A585 ff.87v-95v; Espinoza 1967 doc. 6)",no,"testigos de parte y 10 indios viejos de oficio, por lengua de Simón García",§20 gobernadores,17,item,tiempo de gobierno de don Diego Ampuite,años,1,un año,cf. H1.a: año y medio,300,high,
H1.e,"Información de oficio sobre el curacazgo de Leimebamba y Cochabamba, visitador Diego Álvarez; Leimebamba 3 jun. y San Juan de Llama 23 jun. 1572 (BNL A585 ff.87v-95v; Espinoza 1967 doc. 6)",no,"testigos de parte y 10 indios viejos de oficio, por lengua de Simón García",§21,18,item,años que Tomallaxa posee la parcialidad de Cochabamba,años,11,diez o doce años,,300,medium,rango 10-12
H1.e,"Información de oficio sobre el curacazgo de Leimebamba y Cochabamba, visitador Diego Álvarez; Leimebamba 3 jun. y San Juan de Llama 23 jun. 1572 (BNL A585 ff.87v-95v; Espinoza 1967 doc. 6)",no,"testigos de parte y 10 indios viejos de oficio, por lengua de Simón García",§22,19,item,años después (pleito de Chuquimis contra Xauloch),años,2.5,desde a dos o tres años,,300,medium,rango 2-3
H1.e,"Información de oficio sobre el curacazgo de Leimebamba y Cochabamba, visitador Diego Álvarez; Leimebamba 3 jun. y San Juan de Llama 23 jun. 1572 (BNL A585 ff.87v-95v; Espinoza 1967 doc. 6)",no,"testigos de parte y 10 indios viejos de oficio, por lengua de Simón García",§22,20,item,años que Chuquimis posee Leymebamba,años,6.5,tiempo de seis a siete años,,300,medium,rango 6-7
H1.f,"Memorial de alegaciones de la parte de don Alonso Chuquimis (procurador Juan Sánchez de Aguirre) ante la Real Audiencia; Lima, 19 sept. 1572 (BNL A585 ff.100r-102r; Espinoza 1967 doc. 7)",no,Juan Sánchez de Aguirre por don Alonso Chuquimis,división del repartimiento,1,item,parcialidades en que Pérez de Guevara dividió el repartimiento,parcialidades,2,dos parcialidades,"una dada a don Juan Pablo [=Xauloch], otra (Cochabamba) a don Gómez Tomallaxa",302,high,
H1.f,"Memorial de alegaciones de la parte de don Alonso Chuquimis (procurador Juan Sánchez de Aguirre) ante la Real Audiencia; Lima, 19 sept. 1572 (BNL A585 ff.100r-102r; Espinoza 1967 doc. 7)",no,Juan Sánchez de Aguirre por don Alonso Chuquimis,definición de huno,2,item,indios de un huno,indios,10000,huno que es de diez mil indios,los Chuquimis 'señores de huno',302,high,"definición del término, no conteo"
H1.g,"Información sobre los curacazgos de Leimebamba y Cochabamba por don Diego de Vizcarra, corregidor de Cajamarquilla (con escrito e interrogatorio de don Juan Chuillaxa); Cochabamba, 25 marzo 1574 (BNL A585 ff.112r-133v; Espinoza 1967 doc. 9)",no,"testigos de las partes y de oficio (47 indios), por lenguas",escrito de don Juan Chuillaxa §2,1,item,años desde la muerte de don Cristóbal Chuillaxa,años,2,habrá dos años poco más o menos,,305,high,
H1.g,"Información sobre los curacazgos de Leimebamba y Cochabamba por don Diego de Vizcarra, corregidor de Cajamarquilla (con escrito e interrogatorio de don Juan Chuillaxa); Cochabamba, 25 marzo 1574 (BNL A585 ff.112r-133v; Espinoza 1967 doc. 9)",no,"testigos de las partes y de oficio (47 indios), por lenguas",escrito de don Juan Chuillaxa §5,2,item,indios dados por Topa Yupangui a Chuillaxa (huno),indios,10000,hasta en cantidad de diez mil indios que en aquél tiempo decían los naturales HUNO,,305,medium,cifra nominal del huno
H1.g,"Información sobre los curacazgos de Leimebamba y Cochabamba por don Diego de Vizcarra, corregidor de Cajamarquilla (con escrito e interrogatorio de don Juan Chuillaxa); Cochabamba, 25 marzo 1574 (BNL A585 ff.112r-133v; Espinoza 1967 doc. 9)",no,"testigos de las partes y de oficio (47 indios), por lenguas",memorial de preguntas §4,3,item,años desde la muerte de don Cristóbal Chuillaxa,años,2,abrá dos años poco más o menos,,307,high,
H1.g,"Información sobre los curacazgos de Leimebamba y Cochabamba por don Diego de Vizcarra, corregidor de Cajamarquilla (con escrito e interrogatorio de don Juan Chuillaxa); Cochabamba, 25 marzo 1574 (BNL A585 ff.112r-133v; Espinoza 1967 doc. 9)",no,"testigos de las partes y de oficio (47 indios), por lenguas",testigos de don Francisco Guamán,4,item,edad aparente del testigo,años,60,"parece, por su aspecto, de sesenta años poco más o menos","don Cristóbal Anamba, Cochabamba",309,high,
H1.g,"Información sobre los curacazgos de Leimebamba y Cochabamba por don Diego de Vizcarra, corregidor de Cajamarquilla (con escrito e interrogatorio de don Juan Chuillaxa); Cochabamba, 25 marzo 1574 (BNL A585 ff.112r-133v; Espinoza 1967 doc. 9)",no,"testigos de las partes y de oficio (47 indios), por lenguas",testigos de don Francisco Guamán,5,item,edad aparente del testigo,años,50,"parece, por su aspecto, de cincuenta años","Gómez Panchuy, Cochabamba",309,high,
H1.g,"Información sobre los curacazgos de Leimebamba y Cochabamba por don Diego de Vizcarra, corregidor de Cajamarquilla (con escrito e interrogatorio de don Juan Chuillaxa); Cochabamba, 25 marzo 1574 (BNL A585 ff.112r-133v; Espinoza 1967 doc. 9)",no,"testigos de las partes y de oficio (47 indios), por lenguas",testigos de don Francisco Guamán,6,item,edad aparente del testigo,años,60,"parece, por su aspecto, de más de sesenta años","García Masa, Cochabamba",309,high,cota inferior ('más de')
H1.g,"Información sobre los curacazgos de Leimebamba y Cochabamba por don Diego de Vizcarra, corregidor de Cajamarquilla (con escrito e interrogatorio de don Juan Chuillaxa); Cochabamba, 25 marzo 1574 (BNL A585 ff.112r-133v; Espinoza 1967 doc. 9)",no,"testigos de las partes y de oficio (47 indios), por lenguas",testigos de don Francisco Guamán,7,item,edad aparente del testigo,años,58,"parece, por su aspecto, de cincuenta y ocho años","Alonso Cóndor, Cochabamba",309,high,
H1.g,"Información sobre los curacazgos de Leimebamba y Cochabamba por don Diego de Vizcarra, corregidor de Cajamarquilla (con escrito e interrogatorio de don Juan Chuillaxa); Cochabamba, 25 marzo 1574 (BNL A585 ff.112r-133v; Espinoza 1967 doc. 9)",no,"testigos de las partes y de oficio (47 indios), por lenguas",testigos de don Francisco Guamán,8,item,edad aparente del testigo,años,60,"parece, por su aspecto, de más de sesenta años","Juan Espluana, Cochabamba",309,high,cota inferior ('más de')
H1.g,"Información sobre los curacazgos de Leimebamba y Cochabamba por don Diego de Vizcarra, corregidor de Cajamarquilla (con escrito e interrogatorio de don Juan Chuillaxa); Cochabamba, 25 marzo 1574 (BNL A585 ff.112r-133v; Espinoza 1967 doc. 9)",no,"testigos de las partes y de oficio (47 indios), por lenguas",testigos de don Francisco Guamán,9,item,edad aparente del testigo,años,50,"parece, por su aspecto, de cincuenta años","don Alonso Llaxa, Leimebamba",309,high,
H1.g,"Información sobre los curacazgos de Leimebamba y Cochabamba por don Diego de Vizcarra, corregidor de Cajamarquilla (con escrito e interrogatorio de don Juan Chuillaxa); Cochabamba, 25 marzo 1574 (BNL A585 ff.112r-133v; Espinoza 1967 doc. 9)",no,"testigos de las partes y de oficio (47 indios), por lenguas",testigos de don Francisco Guamán,10,item,edad aparente del testigo,años,48,"parece, por su aspecto, de cuarenta y ocho años","Francisco Epa, Leymebamba",309,high,
H1.g,"Información sobre los curacazgos de Leimebamba y Cochabamba por don Diego de Vizcarra, corregidor de Cajamarquilla (con escrito e interrogatorio de don Juan Chuillaxa); Cochabamba, 25 marzo 1574 (BNL A585 ff.112r-133v; Espinoza 1967 doc. 9)",no,"testigos de las partes y de oficio (47 indios), por lenguas",testigos de don Francisco Guamán,11,item,edad aparente del testigo,años,55,"parece, por su aspecto, de más de cincuenta y cinco años","Martín Tupnimol, Leymebamba",309,high,cota inferior ('más de')
H1.g,"Información sobre los curacazgos de Leimebamba y Cochabamba por don Diego de Vizcarra, corregidor de Cajamarquilla (con escrito e interrogatorio de don Juan Chuillaxa); Cochabamba, 25 marzo 1574 (BNL A585 ff.112r-133v; Espinoza 1967 doc. 9)",no,"testigos de las partes y de oficio (47 indios), por lenguas",testigos de don Francisco Guamán,12,item,edad aparente del testigo,años,55,"parece, por su aspecto, de cincuenta y cinco años","Cristóbal Aovalla, Caxamalquilla",309,high,
H1.g,"Información sobre los curacazgos de Leimebamba y Cochabamba por don Diego de Vizcarra, corregidor de Cajamarquilla (con escrito e interrogatorio de don Juan Chuillaxa); Cochabamba, 25 marzo 1574 (BNL A585 ff.112r-133v; Espinoza 1967 doc. 9)",no,"testigos de las partes y de oficio (47 indios), por lenguas",testigos de don Francisco Guamán,13,item,edad aparente del testigo,años,70,"parece, por su aspecto, de más de setenta años","Pedro Nichán, Chileño",309,high,cota inferior ('más de')
H1.g,"Información sobre los curacazgos de Leimebamba y Cochabamba por don Diego de Vizcarra, corregidor de Cajamarquilla (con escrito e interrogatorio de don Juan Chuillaxa); Cochabamba, 25 marzo 1574 (BNL A585 ff.112r-133v; Espinoza 1967 doc. 9)",no,"testigos de las partes y de oficio (47 indios), por lenguas",testigos de don Gómez Tomallaxa,14,item,edad aparente del testigo,años,60,"parece, por su aspecto, de sesenta años","Pedro Mallap, Caxamalquilla",309,high,
H1.g,"Información sobre los curacazgos de Leimebamba y Cochabamba por don Diego de Vizcarra, corregidor de Cajamarquilla (con escrito e interrogatorio de don Juan Chuillaxa); Cochabamba, 25 marzo 1574 (BNL A585 ff.112r-133v; Espinoza 1967 doc. 9)",no,"testigos de las partes y de oficio (47 indios), por lenguas",testigos de don Gómez Tomallaxa,15,item,edad aparente del testigo,años,70,"parece, por su aspecto, de setenta años","Antón Chuynieit, Caxamalquilla",310,high,
H1.g,"Información sobre los curacazgos de Leimebamba y Cochabamba por don Diego de Vizcarra, corregidor de Cajamarquilla (con escrito e interrogatorio de don Juan Chuillaxa); Cochabamba, 25 marzo 1574 (BNL A585 ff.112r-133v; Espinoza 1967 doc. 9)",no,"testigos de las partes y de oficio (47 indios), por lenguas",testigos de don Gómez Tomallaxa,16,item,edad aparente del testigo,años,65,"parece, por su aspecto, de sesenta y cinco años","Juan Nianicha, Caxamalquilla",310,high,
H1.g,"Información sobre los curacazgos de Leimebamba y Cochabamba por don Diego de Vizcarra, corregidor de Cajamarquilla (con escrito e interrogatorio de don Juan Chuillaxa); Cochabamba, 25 marzo 1574 (BNL A585 ff.112r-133v; Espinoza 1967 doc. 9)",no,"testigos de las partes y de oficio (47 indios), por lenguas",testigos de don Gómez Tomallaxa,17,item,edad aparente del testigo,años,60,"parece, por su aspecto, de sesenta años","don Cristóbal Chuquiguaman, Caxamalquilla",310,high,
H1.g,"Información sobre los curacazgos de Leimebamba y Cochabamba por don Diego de Vizcarra, corregidor de Cajamarquilla (con escrito e interrogatorio de don Juan Chuillaxa); Cochabamba, 25 marzo 1574 (BNL A585 ff.112r-133v; Espinoza 1967 doc. 9)",no,"testigos de las partes y de oficio (47 indios), por lenguas",testigos de don Gómez Tomallaxa,18,item,edad aparente del testigo,años,65,"parece, por su aspecto, de sesenta y cinco años","Pedro Echencio Puinto, Caxamalquilla",310,high,
H1.g,"Información sobre los curacazgos de Leimebamba y Cochabamba por don Diego de Vizcarra, corregidor de Cajamarquilla (con escrito e interrogatorio de don Juan Chuillaxa); Cochabamba, 25 marzo 1574 (BNL A585 ff.112r-133v; Espinoza 1967 doc. 9)",no,"testigos de las partes y de oficio (47 indios), por lenguas",testigos de don Gómez Tomallaxa,19,item,edad aparente del testigo,años,70,"parece, por su aspecto, de setenta años","Alonso Chuyllaxa, Leymebamba",310,high,
H1.g,"Información sobre los curacazgos de Leimebamba y Cochabamba por don Diego de Vizcarra, corregidor de Cajamarquilla (con escrito e interrogatorio de don Juan Chuillaxa); Cochabamba, 25 marzo 1574 (BNL A585 ff.112r-133v; Espinoza 1967 doc. 9)",no,"testigos de las partes y de oficio (47 indios), por lenguas",testigos de don Gómez Tomallaxa,20,item,edad aparente del testigo,años,60,"parece, por su aspecto, de sesenta años","Martín Llaxa, Leymebamba",310,high,
H1.g,"Información sobre los curacazgos de Leimebamba y Cochabamba por don Diego de Vizcarra, corregidor de Cajamarquilla (con escrito e interrogatorio de don Juan Chuillaxa); Cochabamba, 25 marzo 1574 (BNL A585 ff.112r-133v; Espinoza 1967 doc. 9)",no,"testigos de las partes y de oficio (47 indios), por lenguas",testigos de don Gómez Tomallaxa,21,item,edad aparente del testigo,años,70,"parece, por su aspecto, de setenta años","Francisco Guala, Cochabamba",310,high,
H1.g,"Información sobre los curacazgos de Leimebamba y Cochabamba por don Diego de Vizcarra, corregidor de Cajamarquilla (con escrito e interrogatorio de don Juan Chuillaxa); Cochabamba, 25 marzo 1574 (BNL A585 ff.112r-133v; Espinoza 1967 doc. 9)",no,"testigos de las partes y de oficio (47 indios), por lenguas",testigos de don Gómez Tomallaxa,22,item,edad aparente del testigo,años,80,"parece, por su aspecto, de ochenta años","Alonso Aliochas, Chilcho",310,high,
H1.g,"Información sobre los curacazgos de Leimebamba y Cochabamba por don Diego de Vizcarra, corregidor de Cajamarquilla (con escrito e interrogatorio de don Juan Chuillaxa); Cochabamba, 25 marzo 1574 (BNL A585 ff.112r-133v; Espinoza 1967 doc. 9)",no,"testigos de las partes y de oficio (47 indios), por lenguas",testigos de don Juan Chuillaxa,23,item,edad aparente del testigo,años,60,"parece, por su aspecto, de sesenta años","Miguel Nilan, Caxamalquilla",310,high,
H1.g,"Información sobre los curacazgos de Leimebamba y Cochabamba por don Diego de Vizcarra, corregidor de Cajamarquilla (con escrito e interrogatorio de don Juan Chuillaxa); Cochabamba, 25 marzo 1574 (BNL A585 ff.112r-133v; Espinoza 1967 doc. 9)",no,"testigos de las partes y de oficio (47 indios), por lenguas",testigos de don Juan Chuillaxa,24,item,edad aparente del testigo,años,65,"parece, por su aspecto, de sesenta y cinco años","Miguel Guamán Piondu, Caxamalquilla",310,high,
H1.g,"Información sobre los curacazgos de Leimebamba y Cochabamba por don Diego de Vizcarra, corregidor de Cajamarquilla (con escrito e interrogatorio de don Juan Chuillaxa); Cochabamba, 25 marzo 1574 (BNL A585 ff.112r-133v; Espinoza 1967 doc. 9)",no,"testigos de las partes y de oficio (47 indios), por lenguas",testigos de don Juan Chuillaxa,25,item,edad aparente del testigo,años,45,"parece, por su aspecto, de más de cuarenta y cinco años","Diego Guamán, Cochabamba",310,high,cota inferior ('más de')
H1.g,"Información sobre los curacazgos de Leimebamba y Cochabamba por don Diego de Vizcarra, corregidor de Cajamarquilla (con escrito e interrogatorio de don Juan Chuillaxa); Cochabamba, 25 marzo 1574 (BNL A585 ff.112r-133v; Espinoza 1967 doc. 9)",no,"testigos de las partes y de oficio (47 indios), por lenguas",testigos de don Juan Chuillaxa,26,item,edad aparente del testigo,años,70,"parece, por su aspecto, de setenta años","Martín Puite, Cochabamba",310,high,
H1.g,"Información sobre los curacazgos de Leimebamba y Cochabamba por don Diego de Vizcarra, corregidor de Cajamarquilla (con escrito e interrogatorio de don Juan Chuillaxa); Cochabamba, 25 marzo 1574 (BNL A585 ff.112r-133v; Espinoza 1967 doc. 9)",no,"testigos de las partes y de oficio (47 indios), por lenguas",testigos de don Juan Chuillaxa,27,item,edad aparente del testigo,años,70,"parece, por su aspecto, de setenta años","Pedro Xauta, Cochabamba",310,high,
H1.g,"Información sobre los curacazgos de Leimebamba y Cochabamba por don Diego de Vizcarra, corregidor de Cajamarquilla (con escrito e interrogatorio de don Juan Chuillaxa); Cochabamba, 25 marzo 1574 (BNL A585 ff.112r-133v; Espinoza 1967 doc. 9)",no,"testigos de las partes y de oficio (47 indios), por lenguas",testigos de don Juan Chuillaxa,28,item,edad aparente del testigo,años,60,"parece, por su aspecto, de sesenta años","Hernando Vilca, Leymebamba",310,high,
H1.g,"Información sobre los curacazgos de Leimebamba y Cochabamba por don Diego de Vizcarra, corregidor de Cajamarquilla (con escrito e interrogatorio de don Juan Chuillaxa); Cochabamba, 25 marzo 1574 (BNL A585 ff.112r-133v; Espinoza 1967 doc. 9)",no,"testigos de las partes y de oficio (47 indios), por lenguas",testigos de don Juan Chuillaxa,29,item,edad aparente del testigo,años,60,"parece, por su aspecto, de sesenta años","Gómez Chaca, Leymebamba",310,high,
H1.g,"Información sobre los curacazgos de Leimebamba y Cochabamba por don Diego de Vizcarra, corregidor de Cajamarquilla (con escrito e interrogatorio de don Juan Chuillaxa); Cochabamba, 25 marzo 1574 (BNL A585 ff.112r-133v; Espinoza 1967 doc. 9)",no,"testigos de las partes y de oficio (47 indios), por lenguas",testigos de don Juan Chuillaxa,30,item,edad aparente del testigo,años,60,"parece, por su aspecto, de más de sesenta años","Gonzalo Quepquín, Leymebamba",310,high,cota inferior ('más de')
H1.g,"Información sobre los curacazgos de Leimebamba y Cochabamba por don Diego de Vizcarra, corregidor de Cajamarquilla (con escrito e interrogatorio de don Juan Chuillaxa); Cochabamba, 25 marzo 1574 (BNL A585 ff.112r-133v; Espinoza 1967 doc. 9)",no,"testigos de las partes y de oficio (47 indios), por lenguas",testigos de don Juan Chuillaxa,31,item,edad aparente del testigo,años,50,"parece, por su aspecto, de más de cincuenta años","Antón Pilón, Leymebamba",310,high,cota inferior ('más de')
H1.g,"Información sobre los curacazgos de Leimebamba y Cochabamba por don Diego de Vizcarra, corregidor de Cajamarquilla (con escrito e interrogatorio de don Juan Chuillaxa); Cochabamba, 25 marzo 1574 (BNL A585 ff.112r-133v; Espinoza 1967 doc. 9)",no,"testigos de las partes y de oficio (47 indios), por lenguas",testigos de don Juan Chuillaxa,32,item,edad aparente del testigo,años,70,"parece, por su aspecto, de setenta años","García Suizchi, Leymebamba",310,high,
H1.g,"Información sobre los curacazgos de Leimebamba y Cochabamba por don Diego de Vizcarra, corregidor de Cajamarquilla (con escrito e interrogatorio de don Juan Chuillaxa); Cochabamba, 25 marzo 1574 (BNL A585 ff.112r-133v; Espinoza 1967 doc. 9)",no,"testigos de las partes y de oficio (47 indios), por lenguas",testigos de don Alonso Chuquimis,33,item,edad aparente del testigo,años,60,"parece, por su aspecto, de sesenta años","don Diego Checonichan, Bambamarca",310,high,
H1.g,"Información sobre los curacazgos de Leimebamba y Cochabamba por don Diego de Vizcarra, corregidor de Cajamarquilla (con escrito e interrogatorio de don Juan Chuillaxa); Cochabamba, 25 marzo 1574 (BNL A585 ff.112r-133v; Espinoza 1967 doc. 9)",no,"testigos de las partes y de oficio (47 indios), por lenguas",testigos de don Alonso Chuquimis,34,item,edad aparente del testigo,años,70,"parece, por su aspecto, de setenta años","Juan de Morinilan, Caxamalquilla",310,high,
H1.g,"Información sobre los curacazgos de Leimebamba y Cochabamba por don Diego de Vizcarra, corregidor de Cajamarquilla (con escrito e interrogatorio de don Juan Chuillaxa); Cochabamba, 25 marzo 1574 (BNL A585 ff.112r-133v; Espinoza 1967 doc. 9)",no,"testigos de las partes y de oficio (47 indios), por lenguas",testigos de don Alonso Chuquimis,35,item,edad aparente del testigo,años,80,"parece, por su aspecto, de más de ochenta años","Gonzalo Chiquican, Leymebamba",310,high,cota inferior ('más de')
H1.g,"Información sobre los curacazgos de Leimebamba y Cochabamba por don Diego de Vizcarra, corregidor de Cajamarquilla (con escrito e interrogatorio de don Juan Chuillaxa); Cochabamba, 25 marzo 1574 (BNL A585 ff.112r-133v; Espinoza 1967 doc. 9)",no,"testigos de las partes y de oficio (47 indios), por lenguas",testigos de don Alonso Chuquimis,36,item,edad aparente del testigo,años,70,"parece, por su aspecto, de setenta años","Pedro Xauxui, Caxamalquilla",310,high,
H1.g,"Información sobre los curacazgos de Leimebamba y Cochabamba por don Diego de Vizcarra, corregidor de Cajamarquilla (con escrito e interrogatorio de don Juan Chuillaxa); Cochabamba, 25 marzo 1574 (BNL A585 ff.112r-133v; Espinoza 1967 doc. 9)",no,"testigos de las partes y de oficio (47 indios), por lenguas",testigos de don Alonso Chuquimis,37,item,edad aparente del testigo,años,60,"parece, por su aspecto, de sesenta años","don Pedro Jalea, La Jalea",311,high,
H1.g,"Información sobre los curacazgos de Leimebamba y Cochabamba por don Diego de Vizcarra, corregidor de Cajamarquilla (con escrito e interrogatorio de don Juan Chuillaxa); Cochabamba, 25 marzo 1574 (BNL A585 ff.112r-133v; Espinoza 1967 doc. 9)",no,"testigos de las partes y de oficio (47 indios), por lenguas",testigos de don Alonso Chuquimis,38,item,edad aparente del testigo,años,80,"parece, por su aspecto, de ochenta años","Antón Buyo, La Jalea",311,high,
H1.g,"Información sobre los curacazgos de Leimebamba y Cochabamba por don Diego de Vizcarra, corregidor de Cajamarquilla (con escrito e interrogatorio de don Juan Chuillaxa); Cochabamba, 25 marzo 1574 (BNL A585 ff.112r-133v; Espinoza 1967 doc. 9)",no,"testigos de las partes y de oficio (47 indios), por lenguas",testigos de don Alonso Chuquimis,39,item,edad aparente del testigo,años,60,"parece, por su aspecto, de más de sesenta años","don Gómez Pila, Leymebamba",311,high,cota inferior ('más de')
H1.g,"Información sobre los curacazgos de Leimebamba y Cochabamba por don Diego de Vizcarra, corregidor de Cajamarquilla (con escrito e interrogatorio de don Juan Chuillaxa); Cochabamba, 25 marzo 1574 (BNL A585 ff.112r-133v; Espinoza 1967 doc. 9)",no,"testigos de las partes y de oficio (47 indios), por lenguas",testigos de don Alonso Chuquimis,40,item,edad aparente del testigo,años,60,"parece, por su aspecto, de más de sesenta años","Gómez Lachán, Leymebamba",311,high,cota inferior ('más de')
H1.g,"Información sobre los curacazgos de Leimebamba y Cochabamba por don Diego de Vizcarra, corregidor de Cajamarquilla (con escrito e interrogatorio de don Juan Chuillaxa); Cochabamba, 25 marzo 1574 (BNL A585 ff.112r-133v; Espinoza 1967 doc. 9)",no,"testigos de las partes y de oficio (47 indios), por lenguas",testigos de don Alonso Chuquimis,41,item,edad aparente del testigo,años,50,"parece, por su aspecto, de más de cincuenta años","Alonso Gualanga, Leymebamba",311,high,cota inferior ('más de')
H1.g,"Información sobre los curacazgos de Leimebamba y Cochabamba por don Diego de Vizcarra, corregidor de Cajamarquilla (con escrito e interrogatorio de don Juan Chuillaxa); Cochabamba, 25 marzo 1574 (BNL A585 ff.112r-133v; Espinoza 1967 doc. 9)",no,"testigos de las partes y de oficio (47 indios), por lenguas",testigos de don Alonso Chuquimis,42,item,edad aparente del testigo,años,60,"parece, por su aspecto, de más de sesenta años","Alonso Puicachos, Leymebamba",311,high,cota inferior ('más de')
H1.g,"Información sobre los curacazgos de Leimebamba y Cochabamba por don Diego de Vizcarra, corregidor de Cajamarquilla (con escrito e interrogatorio de don Juan Chuillaxa); Cochabamba, 25 marzo 1574 (BNL A585 ff.112r-133v; Espinoza 1967 doc. 9)",no,"testigos de las partes y de oficio (47 indios), por lenguas",testigos de oficio,43,item,edad aparente del testigo,años,70,"parece, por su aspecto, de más de setenta años","don Gómez Villcatiza, Caxamalquilla",311,high,cota inferior ('más de')
H1.g,"Información sobre los curacazgos de Leimebamba y Cochabamba por don Diego de Vizcarra, corregidor de Cajamarquilla (con escrito e interrogatorio de don Juan Chuillaxa); Cochabamba, 25 marzo 1574 (BNL A585 ff.112r-133v; Espinoza 1967 doc. 9)",no,"testigos de las partes y de oficio (47 indios), por lenguas",testigos de oficio,44,item,edad aparente del testigo,años,60,"parece, por su aspecto, de sesenta años","Alonso Cupiondo, Caxamalquilla",311,high,
H1.g,"Información sobre los curacazgos de Leimebamba y Cochabamba por don Diego de Vizcarra, corregidor de Cajamarquilla (con escrito e interrogatorio de don Juan Chuillaxa); Cochabamba, 25 marzo 1574 (BNL A585 ff.112r-133v; Espinoza 1967 doc. 9)",no,"testigos de las partes y de oficio (47 indios), por lenguas",testigos de oficio,45,item,edad aparente del testigo,años,60,"parece, por su aspecto, de más de sesenta años","Bartolomé Yuschui, Cochabamba",311,high,cota inferior ('más de')
H1.g,"Información sobre los curacazgos de Leimebamba y Cochabamba por don Diego de Vizcarra, corregidor de Cajamarquilla (con escrito e interrogatorio de don Juan Chuillaxa); Cochabamba, 25 marzo 1574 (BNL A585 ff.112r-133v; Espinoza 1967 doc. 9)",no,"testigos de las partes y de oficio (47 indios), por lenguas",testigos de oficio,46,item,edad aparente del testigo,años,70,"parece, por su aspecto, de más de setenta años","Diego Puin, Cochabamba",311,high,cota inferior ('más de')
H1.g,"Información sobre los curacazgos de Leimebamba y Cochabamba por don Diego de Vizcarra, corregidor de Cajamarquilla (con escrito e interrogatorio de don Juan Chuillaxa); Cochabamba, 25 marzo 1574 (BNL A585 ff.112r-133v; Espinoza 1967 doc. 9)",no,"testigos de las partes y de oficio (47 indios), por lenguas",testigos de oficio,47,item,edad aparente del testigo,años,60,"parece, por su aspecto, de más de sesenta años","Pedro Guala, Cochabamba",311,high,cota inferior ('más de')
H1.g,"Información sobre los curacazgos de Leimebamba y Cochabamba por don Diego de Vizcarra, corregidor de Cajamarquilla (con escrito e interrogatorio de don Juan Chuillaxa); Cochabamba, 25 marzo 1574 (BNL A585 ff.112r-133v; Espinoza 1967 doc. 9)",no,"testigos de las partes y de oficio (47 indios), por lenguas",testigos de oficio,48,item,edad aparente del testigo,años,60,"parece, por su aspecto, de sesenta años","Gonzalo Humiluana, Cochabamba",311,high,
H1.g,"Información sobre los curacazgos de Leimebamba y Cochabamba por don Diego de Vizcarra, corregidor de Cajamarquilla (con escrito e interrogatorio de don Juan Chuillaxa); Cochabamba, 25 marzo 1574 (BNL A585 ff.112r-133v; Espinoza 1967 doc. 9)",no,"testigos de las partes y de oficio (47 indios), por lenguas",testigos de oficio,49,item,edad aparente del testigo,años,60,"parece, por su aspecto, de sesenta años","Baltazar Choc, Leymebamba",311,high,
H1.g,"Información sobre los curacazgos de Leimebamba y Cochabamba por don Diego de Vizcarra, corregidor de Cajamarquilla (con escrito e interrogatorio de don Juan Chuillaxa); Cochabamba, 25 marzo 1574 (BNL A585 ff.112r-133v; Espinoza 1967 doc. 9)",no,"testigos de las partes y de oficio (47 indios), por lenguas",testigos de oficio,50,item,edad aparente del testigo,años,60,"parece, por su aspecto, de sesenta años","Luis Quinyoc, Leymebamba",311,high,
H1.g,"Información sobre los curacazgos de Leimebamba y Cochabamba por don Diego de Vizcarra, corregidor de Cajamarquilla (con escrito e interrogatorio de don Juan Chuillaxa); Cochabamba, 25 marzo 1574 (BNL A585 ff.112r-133v; Espinoza 1967 doc. 9)",no,"testigos de las partes y de oficio (47 indios), por lenguas",declaración §1 ayllos,51,total,ayllos de Cochabamba y Leimebamba al presente,ayllos,12,hay doce aillos al presente,"Leimebamba: Tulipe, Mango, Cuélap, Pausamarca, Lucana, Hutac; Cochabamba: Llama, Chibul, Chuquibamba, Tinqui, Ampui, Tacac",312,high,6 + 6 nombrados; Tacac agregado después de la conquista
H1.g,"Información sobre los curacazgos de Leimebamba y Cochabamba por don Diego de Vizcarra, corregidor de Cajamarquilla (con escrito e interrogatorio de don Juan Chuillaxa); Cochabamba, 25 marzo 1574 (BNL A585 ff.112r-133v; Espinoza 1967 doc. 9)",no,"testigos de las partes y de oficio (47 indios), por lenguas",declaración §1 ayllos,52,subtotal,ayllos originarios (sin Tacac),ayllos,11,once ayllos arriba nombrados,ayllos propios antes de los españoles,312,high,
H1.g,"Información sobre los curacazgos de Leimebamba y Cochabamba por don Diego de Vizcarra, corregidor de Cajamarquilla (con escrito e interrogatorio de don Juan Chuillaxa); Cochabamba, 25 marzo 1574 (BNL A585 ff.112r-133v; Espinoza 1967 doc. 9)",no,"testigos de las partes y de oficio (47 indios), por lenguas",declaración §3-4,53,item,testigos que conocieron a Guaina Chuillaxa,testigos,5,los dichos cinco testigos,4 de don Juan Chuillaxa + 1 de don Francisco Guamán,313,high,
H1.g,"Información sobre los curacazgos de Leimebamba y Cochabamba por don Diego de Vizcarra, corregidor de Cajamarquilla (con escrito e interrogatorio de don Juan Chuillaxa); Cochabamba, 25 marzo 1574 (BNL A585 ff.112r-133v; Espinoza 1967 doc. 9)",no,"testigos de las partes y de oficio (47 indios), por lenguas",declaración §3,54,item,testigos presentados por don Juan Chuillaxa que conocieron a Guaina Chuillaxa,testigos,4,cuatro de los testigos presentados por don Juan Chuillaxa,,313,high,
H1.g,"Información sobre los curacazgos de Leimebamba y Cochabamba por don Diego de Vizcarra, corregidor de Cajamarquilla (con escrito e interrogatorio de don Juan Chuillaxa); Cochabamba, 25 marzo 1574 (BNL A585 ff.112r-133v; Espinoza 1967 doc. 9)",no,"testigos de las partes y de oficio (47 indios), por lenguas",declaración §3,55,item,testigos de don Francisco Guamán que lo conocieron,testigos,1,uno de los testigos de don Francisco Guamán,,313,high,
H1.g,"Información sobre los curacazgos de Leimebamba y Cochabamba por don Diego de Vizcarra, corregidor de Cajamarquilla (con escrito e interrogatorio de don Juan Chuillaxa); Cochabamba, 25 marzo 1574 (BNL A585 ff.112r-133v; Espinoza 1967 doc. 9)",no,"testigos de las partes y de oficio (47 indios), por lenguas",declaración §6 señorío de Apo Chuillaxa,56,item,ayllos de Apo Chuillaxa (Chibul y otros dos),ayllos,3,Chibul y otros dos ayllos,que contienen en sí una pachaca,313,high,
H1.g,"Información sobre los curacazgos de Leimebamba y Cochabamba por don Diego de Vizcarra, corregidor de Cajamarquilla (con escrito e interrogatorio de don Juan Chuillaxa); Cochabamba, 25 marzo 1574 (BNL A585 ff.112r-133v; Espinoza 1967 doc. 9)",no,"testigos de las partes y de oficio (47 indios), por lenguas",declaración §6 señorío de Apo Chuillaxa,57,item,pachacas (Chibul y otros dos ayllos),pachacas,1,una pachaca,,313,high,
H1.g,"Información sobre los curacazgos de Leimebamba y Cochabamba por don Diego de Vizcarra, corregidor de Cajamarquilla (con escrito e interrogatorio de don Juan Chuillaxa); Cochabamba, 25 marzo 1574 (BNL A585 ff.112r-133v; Espinoza 1967 doc. 9)",no,"testigos de las partes y de oficio (47 indios), por lenguas",declaración §7,58,item,hijos varones de Guaina Chuillaxa,hijos,2,dos hijos varones,don Cristóbal y Anucara Chuillaxa,313,high,
H1.g,"Información sobre los curacazgos de Leimebamba y Cochabamba por don Diego de Vizcarra, corregidor de Cajamarquilla (con escrito e interrogatorio de don Juan Chuillaxa); Cochabamba, 25 marzo 1574 (BNL A585 ff.112r-133v; Espinoza 1967 doc. 9)",no,"testigos de las partes y de oficio (47 indios), por lenguas",declaración §8,59,item,años antes de la muerte de Guaina Chuillaxa (nombramiento de Chuquimis),años,2,dos años poco más o menos,,313,high,
H1.g,"Información sobre los curacazgos de Leimebamba y Cochabamba por don Diego de Vizcarra, corregidor de Cajamarquilla (con escrito e interrogatorio de don Juan Chuillaxa); Cochabamba, 25 marzo 1574 (BNL A585 ff.112r-133v; Espinoza 1967 doc. 9)",no,"testigos de las partes y de oficio (47 indios), por lenguas",declaración §10,60,item,pachacas del pueblo de Pipol (Chuquimis),pachacas,2,tenía dos pachacas,,314,high,
H1.g,"Información sobre los curacazgos de Leimebamba y Cochabamba por don Diego de Vizcarra, corregidor de Cajamarquilla (con escrito e interrogatorio de don Juan Chuillaxa); Cochabamba, 25 marzo 1574 (BNL A585 ff.112r-133v; Espinoza 1967 doc. 9)",no,"testigos de las partes y de oficio (47 indios), por lenguas",declaración §11,61,item,tiempo de gobierno de Tomallaxa,años,2,dos años poco más o menos,,314,high,
H1.g,"Información sobre los curacazgos de Leimebamba y Cochabamba por don Diego de Vizcarra, corregidor de Cajamarquilla (con escrito e interrogatorio de don Juan Chuillaxa); Cochabamba, 25 marzo 1574 (BNL A585 ff.112r-133v; Espinoza 1967 doc. 9)",no,"testigos de las partes y de oficio (47 indios), por lenguas",declaración §12,62,item,hijos de Tomallaxa,hijos,3,dejó tres hijos,,314,high,
H1.g,"Información sobre los curacazgos de Leimebamba y Cochabamba por don Diego de Vizcarra, corregidor de Cajamarquilla (con escrito e interrogatorio de don Juan Chuillaxa); Cochabamba, 25 marzo 1574 (BNL A585 ff.112r-133v; Espinoza 1967 doc. 9)",no,"testigos de las partes y de oficio (47 indios), por lenguas",declaración §12,63,item,edad de Francisco Chichitit (más de),años,40,de más de cuarenta años,,314,high,
H1.g,"Información sobre los curacazgos de Leimebamba y Cochabamba por don Diego de Vizcarra, corregidor de Cajamarquilla (con escrito e interrogatorio de don Juan Chuillaxa); Cochabamba, 25 marzo 1574 (BNL A585 ff.112r-133v; Espinoza 1967 doc. 9)",no,"testigos de las partes y de oficio (47 indios), por lenguas",declaración §12,64,item,testigos sobre Chichitit,testigos,4,"cuatro testigos, los dos de vista y dos de oídas",,314,high,
H1.g,"Información sobre los curacazgos de Leimebamba y Cochabamba por don Diego de Vizcarra, corregidor de Cajamarquilla (con escrito e interrogatorio de don Juan Chuillaxa); Cochabamba, 25 marzo 1574 (BNL A585 ff.112r-133v; Espinoza 1967 doc. 9)",no,"testigos de las partes y de oficio (47 indios), por lenguas",declaración §12,65,item,hijos de Saiua Tomallaxa,hijos,2,dos hijos,,314,high,
H1.g,"Información sobre los curacazgos de Leimebamba y Cochabamba por don Diego de Vizcarra, corregidor de Cajamarquilla (con escrito e interrogatorio de don Juan Chuillaxa); Cochabamba, 25 marzo 1574 (BNL A585 ff.112r-133v; Espinoza 1967 doc. 9)",no,"testigos de las partes y de oficio (47 indios), por lenguas",declaración §12,66,item,edad de don Juan Tomallaxa,años,35,treinta y cinco años,,314,high,
H1.g,"Información sobre los curacazgos de Leimebamba y Cochabamba por don Diego de Vizcarra, corregidor de Cajamarquilla (con escrito e interrogatorio de don Juan Chuillaxa); Cochabamba, 25 marzo 1574 (BNL A585 ff.112r-133v; Espinoza 1967 doc. 9)",no,"testigos de las partes y de oficio (47 indios), por lenguas",declaración §12,67,item,edad de Francisco Chuminial (más de),años,30,más de treinta años,,314,high,
H1.g,"Información sobre los curacazgos de Leimebamba y Cochabamba por don Diego de Vizcarra, corregidor de Cajamarquilla (con escrito e interrogatorio de don Juan Chuillaxa); Cochabamba, 25 marzo 1574 (BNL A585 ff.112r-133v; Espinoza 1967 doc. 9)",no,"testigos de las partes y de oficio (47 indios), por lenguas",declaración §13 Llamachiban,68,item,ayllos del pueblo de Llamachiban (antes),ayllos,6,contenía seis ayllos,,314,high,
H1.g,"Información sobre los curacazgos de Leimebamba y Cochabamba por don Diego de Vizcarra, corregidor de Cajamarquilla (con escrito e interrogatorio de don Juan Chuillaxa); Cochabamba, 25 marzo 1574 (BNL A585 ff.112r-133v; Espinoza 1967 doc. 9)",no,"testigos de las partes y de oficio (47 indios), por lenguas",declaración §13 Llamachiban,69,item,pachacas de Llamachiban (ahora),pachacas,1,e ahora una pachaca,posee don Juan Tomallaxa,314,high,
H1.g,"Información sobre los curacazgos de Leimebamba y Cochabamba por don Diego de Vizcarra, corregidor de Cajamarquilla (con escrito e interrogatorio de don Juan Chuillaxa); Cochabamba, 25 marzo 1574 (BNL A585 ff.112r-133v; Espinoza 1967 doc. 9)",no,"testigos de las partes y de oficio (47 indios), por lenguas",declaración §15,70,item,tiempo de gobierno de Puiluana,años,1.5,año y medio poco más o menos,,314,high,
H1.g,"Información sobre los curacazgos de Leimebamba y Cochabamba por don Diego de Vizcarra, corregidor de Cajamarquilla (con escrito e interrogatorio de don Juan Chuillaxa); Cochabamba, 25 marzo 1574 (BNL A585 ff.112r-133v; Espinoza 1967 doc. 9)",no,"testigos de las partes y de oficio (47 indios), por lenguas",declaración §16,71,item,hijos de Puiluana,hijos,2,dos hijos,,315,high,
H1.g,"Información sobre los curacazgos de Leimebamba y Cochabamba por don Diego de Vizcarra, corregidor de Cajamarquilla (con escrito e interrogatorio de don Juan Chuillaxa); Cochabamba, 25 marzo 1574 (BNL A585 ff.112r-133v; Espinoza 1967 doc. 9)",no,"testigos de las partes y de oficio (47 indios), por lenguas",declaración §16,72,item,hijas de Puiluana,hijas,2,dos hijas,,315,high,
H1.g,"Información sobre los curacazgos de Leimebamba y Cochabamba por don Diego de Vizcarra, corregidor de Cajamarquilla (con escrito e interrogatorio de don Juan Chuillaxa); Cochabamba, 25 marzo 1574 (BNL A585 ff.112r-133v; Espinoza 1967 doc. 9)",no,"testigos de las partes y de oficio (47 indios), por lenguas",declaración §20,73,item,otros señores apresados con Chuquimis Longuin,personas,3.5,otros tres o cuatro,,317,medium,rango 3-4
H1.g,"Información sobre los curacazgos de Leimebamba y Cochabamba por don Diego de Vizcarra, corregidor de Cajamarquilla (con escrito e interrogatorio de don Juan Chuillaxa); Cochabamba, 25 marzo 1574 (BNL A585 ff.112r-133v; Espinoza 1967 doc. 9)",no,"testigos de las partes y de oficio (47 indios), por lenguas",declaración §21,74,item,tiempo de gobierno de Guamán y Zuta antes de Cajamarca,meses,6,seis meses poco más o menos,,317,high,
H1.g,"Información sobre los curacazgos de Leimebamba y Cochabamba por don Diego de Vizcarra, corregidor de Cajamarquilla (con escrito e interrogatorio de don Juan Chuillaxa); Cochabamba, 25 marzo 1574 (BNL A585 ff.112r-133v; Espinoza 1967 doc. 9)",no,"testigos de las partes y de oficio (47 indios), por lenguas",declaración §22,75,item,caciques que dieron la obediencia a Pizarro,caciques,4,los dichos cuatro caciques,"Guamán, Zuta, Chuquimis Longuin, Lucana Pachaca",317,high,
H1.g,"Información sobre los curacazgos de Leimebamba y Cochabamba por don Diego de Vizcarra, corregidor de Cajamarquilla (con escrito e interrogatorio de don Juan Chuillaxa); Cochabamba, 25 marzo 1574 (BNL A585 ff.112r-133v; Espinoza 1967 doc. 9)",no,"testigos de las partes y de oficio (47 indios), por lenguas",declaración §27 hijos de Guamán,76,total,hijos de don Francisco Pizarro Guamán,hijos,10,el décimo,enumerados del primero al décimo,318,high,
H1.g,"Información sobre los curacazgos de Leimebamba y Cochabamba por don Diego de Vizcarra, corregidor de Cajamarquilla (con escrito e interrogatorio de don Juan Chuillaxa); Cochabamba, 25 marzo 1574 (BNL A585 ff.112r-133v; Espinoza 1967 doc. 9)",no,"testigos de las partes y de oficio (47 indios), por lenguas",declaración §27 hijos de Guamán,77,item,hijos muertos,hijos,6,son muertos los seis,,318,high,
H1.g,"Información sobre los curacazgos de Leimebamba y Cochabamba por don Diego de Vizcarra, corregidor de Cajamarquilla (con escrito e interrogatorio de don Juan Chuillaxa); Cochabamba, 25 marzo 1574 (BNL A585 ff.112r-133v; Espinoza 1967 doc. 9)",no,"testigos de las partes y de oficio (47 indios), por lenguas",declaración §28,78,item,edad de Pedro de Escobar,años,19,diez y ocho o veinte años,,319,medium,rango 18-20
H1.g,"Información sobre los curacazgos de Leimebamba y Cochabamba por don Diego de Vizcarra, corregidor de Cajamarquilla (con escrito e interrogatorio de don Juan Chuillaxa); Cochabamba, 25 marzo 1574 (BNL A585 ff.112r-133v; Espinoza 1967 doc. 9)",no,"testigos de las partes y de oficio (47 indios), por lenguas",declaración §28,79,item,edad de Agustín,años,11,diez o doce años,,319,medium,rango 10-12
H1.g,"Información sobre los curacazgos de Leimebamba y Cochabamba por don Diego de Vizcarra, corregidor de Cajamarquilla (con escrito e interrogatorio de don Juan Chuillaxa); Cochabamba, 25 marzo 1574 (BNL A585 ff.112r-133v; Espinoza 1967 doc. 9)",no,"testigos de las partes y de oficio (47 indios), por lenguas",declaración §30,80,item,tiempo de gobierno de don Alonso Quinyoc,años,8,ocho años poco más o menos,principal de la guaranga de Hutac,319,high,
H1.g,"Información sobre los curacazgos de Leimebamba y Cochabamba por don Diego de Vizcarra, corregidor de Cajamarquilla (con escrito e interrogatorio de don Juan Chuillaxa); Cochabamba, 25 marzo 1574 (BNL A585 ff.112r-133v; Espinoza 1967 doc. 9)",no,"testigos de las partes y de oficio (47 indios), por lenguas",declaración §30,81,item,hijos varones de don Alonso Quinyoc,hijos,8,el octavo,,319,high,
H1.g,"Información sobre los curacazgos de Leimebamba y Cochabamba por don Diego de Vizcarra, corregidor de Cajamarquilla (con escrito e interrogatorio de don Juan Chuillaxa); Cochabamba, 25 marzo 1574 (BNL A585 ff.112r-133v; Espinoza 1967 doc. 9)",no,"testigos de las partes y de oficio (47 indios), por lenguas",declaración §30,82,item,edad de Pablo Xillimbe,años,9,nueve años,,319,high,
H1.g,"Información sobre los curacazgos de Leimebamba y Cochabamba por don Diego de Vizcarra, corregidor de Cajamarquilla (con escrito e interrogatorio de don Juan Chuillaxa); Cochabamba, 25 marzo 1574 (BNL A585 ff.112r-133v; Espinoza 1967 doc. 9)",no,"testigos de las partes y de oficio (47 indios), por lenguas",declaración §32,83,item,tiempo de gobierno de don Diego Chuililla,años,1.5,año y medio poco más o menos,principal de la guaranga de Timpui,319,high,
H1.g,"Información sobre los curacazgos de Leimebamba y Cochabamba por don Diego de Vizcarra, corregidor de Cajamarquilla (con escrito e interrogatorio de don Juan Chuillaxa); Cochabamba, 25 marzo 1574 (BNL A585 ff.112r-133v; Espinoza 1967 doc. 9)",no,"testigos de las partes y de oficio (47 indios), por lenguas",declaración §32,84,item,hijos de don Diego Chuililla,hijos,3,tres hijos,,319,high,
H1.g,"Información sobre los curacazgos de Leimebamba y Cochabamba por don Diego de Vizcarra, corregidor de Cajamarquilla (con escrito e interrogatorio de don Juan Chuillaxa); Cochabamba, 25 marzo 1574 (BNL A585 ff.112r-133v; Espinoza 1967 doc. 9)",no,"testigos de las partes y de oficio (47 indios), por lenguas",declaración §32,85,item,edad de don Diego Chuililla (hijo),años,22,veinte y dos años,,319,high,
H1.g,"Información sobre los curacazgos de Leimebamba y Cochabamba por don Diego de Vizcarra, corregidor de Cajamarquilla (con escrito e interrogatorio de don Juan Chuillaxa); Cochabamba, 25 marzo 1574 (BNL A585 ff.112r-133v; Espinoza 1967 doc. 9)",no,"testigos de las partes y de oficio (47 indios), por lenguas",declaración §33,86,item,tiempo de gobierno de don Diego Ampuite,años,1,un año,principal de la pachaca de Ampui,320,high,
H1.g,"Información sobre los curacazgos de Leimebamba y Cochabamba por don Diego de Vizcarra, corregidor de Cajamarquilla (con escrito e interrogatorio de don Juan Chuillaxa); Cochabamba, 25 marzo 1574 (BNL A585 ff.112r-133v; Espinoza 1967 doc. 9)",no,"testigos de las partes y de oficio (47 indios), por lenguas",declaración §33,87,item,tiempo de gobierno de don Juan Xaulox,años,5,cinco años poco más o menos,"Xaulox, 'yanacona de don Alonso Quinyoc y su quipocamayo'",320,high,el dato sobre el quipocamayo no implica que la cifra venga de quipu
H1.g,"Información sobre los curacazgos de Leimebamba y Cochabamba por don Diego de Vizcarra, corregidor de Cajamarquilla (con escrito e interrogatorio de don Juan Chuillaxa); Cochabamba, 25 marzo 1574 (BNL A585 ff.112r-133v; Espinoza 1967 doc. 9)",no,"testigos de las partes y de oficio (47 indios), por lenguas",respuesta a la 17ª pregunta,88,item,testigos de Chuquimis que oyeron,testigos,2,dos testigos de los presentados por don Alonso Chuquimis,,323,high,
H1.g,"Información sobre los curacazgos de Leimebamba y Cochabamba por don Diego de Vizcarra, corregidor de Cajamarquilla (con escrito e interrogatorio de don Juan Chuillaxa); Cochabamba, 25 marzo 1574 (BNL A585 ff.112r-133v; Espinoza 1967 doc. 9)",no,"testigos de las partes y de oficio (47 indios), por lenguas",respuesta a la 17ª pregunta,89,item,testigos de oficio que oyeron,testigos,2,dos de oficio,,323,high,
H1.g,"Información sobre los curacazgos de Leimebamba y Cochabamba por don Diego de Vizcarra, corregidor de Cajamarquilla (con escrito e interrogatorio de don Juan Chuillaxa); Cochabamba, 25 marzo 1574 (BNL A585 ff.112r-133v; Espinoza 1967 doc. 9)",no,"testigos de las partes y de oficio (47 indios), por lenguas",respuesta a la 17ª pregunta,90,item,testigos de Guamán que oyeron,testigos,1,uno de los del dicho Guamán,,323,high,
H1.g,"Información sobre los curacazgos de Leimebamba y Cochabamba por don Diego de Vizcarra, corregidor de Cajamarquilla (con escrito e interrogatorio de don Juan Chuillaxa); Cochabamba, 25 marzo 1574 (BNL A585 ff.112r-133v; Espinoza 1967 doc. 9)",no,"testigos de las partes y de oficio (47 indios), por lenguas",respuesta a la 3ª pregunta de Chuquimis,91,item,testigos (casas de Chuquimis en Guamanga y Cuzco),testigos,4,cuatro de los dichos testigos,,323,high,
H1.h,"Memoria de las cosas primeras que acontecieron en Los Chachapoyas, de don Juan de Alvarado, indio natural de Cochabamba, c.1555 (AGI Patronato 28 r.56; ed. Jiménez de la Espada RGI IV pp.XIII-XIX) -- citada por Espinoza Soriano 1967",no,don Juan de Alvarado,huaranca de Cochapampa/Cochabamba,1,item,tributarios de la huaranca de Cochabamba en tiempo de Huayna Cápac,tributarios,600,seiscientos tributarios (paráfrasis de Espinoza),"huaranca de Cochabamba, desde Tacas hasta Pausamarca y desde Cacay hasta Pocequi",238,medium,"cifra citada por Espinoza (nota 43: Alvarado 1555, p.XIX); no transcrita literalmente; verificar en RGI IV p.XIX"
H1.h,"Memoria de las cosas primeras que acontecieron en Los Chachapoyas, de don Juan de Alvarado, indio natural de Cochabamba, c.1555 (AGI Patronato 28 r.56; ed. Jiménez de la Espada RGI IV pp.XIII-XIX) -- citada por Espinoza Soriano 1967",no,don Juan de Alvarado,huaranca de Cochapampa/Cochabamba,2,item,tributarios de la huaranca de Cochabamba en 1555,tributarios,200,doscientos (paráfrasis de Espinoza),'en 1555 sólo quedaban doscientos',238,medium,idem nota 43; verificar en RGI IV p.XIX
H1.h,"Memoria de las cosas primeras que acontecieron en Los Chachapoyas, de don Juan de Alvarado, indio natural de Cochabamba, c.1555 (AGI Patronato 28 r.56; ed. Jiménez de la Espada RGI IV pp.XIII-XIX) -- citada por Espinoza Soriano 1967",no,don Juan de Alvarado,campaña contra Cayo Tópac (c.1537),3,item,chachas hispanistas contra Cayo Tópac,indios,1500,mil quinientos chachas (paráfrasis de Espinoza),movilizados por un soldado español desde Cochapampa,274,low,nota 180 'Ibíd.' tras nota 178 = Alvarado 1555 pp.XV-XVII; atribución inferida
H1.h,"Memoria de las cosas primeras que acontecieron en Los Chachapoyas, de don Juan de Alvarado, indio natural de Cochabamba, c.1555 (AGI Patronato 28 r.56; ed. Jiménez de la Espada RGI IV pp.XIII-XIX) -- citada por Espinoza Soriano 1967",no,don Juan de Alvarado,campaña contra Cayo Tópac (c.1537),4,item,leguas entre Cochapampa y Cajamarquilla,leguas,13,trece leguas (paráfrasis),,274,low,idem
H1.h,"Memoria de las cosas primeras que acontecieron en Los Chachapoyas, de don Juan de Alvarado, indio natural de Cochabamba, c.1555 (AGI Patronato 28 r.56; ed. Jiménez de la Espada RGI IV pp.XIII-XIX) -- citada por Espinoza Soriano 1967",no,don Juan de Alvarado,campaña contra Cayo Tópac (c.1537),5,item,incanistas capturados,personas,60,sesenta incanistas (paráfrasis),,274,low,idem
H1.h,"Memoria de las cosas primeras que acontecieron en Los Chachapoyas, de don Juan de Alvarado, indio natural de Cochabamba, c.1555 (AGI Patronato 28 r.56; ed. Jiménez de la Espada RGI IV pp.XIII-XIX) -- citada por Espinoza Soriano 1967",no,don Juan de Alvarado,campaña contra Cayo Tópac (c.1537),6,item,capturados quemados vivos,personas,30,treinta (paráfrasis),en la plaza de Cochapampa,274,low,idem
H1.h,"Memoria de las cosas primeras que acontecieron en Los Chachapoyas, de don Juan de Alvarado, indio natural de Cochabamba, c.1555 (AGI Patronato 28 r.56; ed. Jiménez de la Espada RGI IV pp.XIII-XIX) -- citada por Espinoza Soriano 1967",no,don Juan de Alvarado,expedición de Alvarado al Oriente (1538),7,item,auxiliares chachapoyanos dados por Guamán,indios,4000,cuatro mil chachapoyanos (paráfrasis),,275,low,nota 185 = Alvarado 1555 p.XVII
H1.i,"Cristóbal de Miranda, Relación de los oficios que se proveen en el Reino del Perú (1583) -- Ciudad de San Juan de la Frontera de los Chachapoyas y sus corregimientos (ed. Maúrtua 1906, Juicio de límites Perú-Bolivia, Prueba peruana T.1)",no,Cristóbal de Miranda (relación administrativa),Ciudad de Chachapoyas,1,item,salario del corregidor de Chachapoyas,pesos de plata ensayada,2000,dos mill pesos de plata ensaiada y marcada,pagado de la Real Hacienda de Chachapoyas,260,high,
H1.i,"Cristóbal de Miranda, Relación de los oficios que se proveen en el Reino del Perú (1583) -- Ciudad de San Juan de la Frontera de los Chachapoyas y sus corregimientos (ed. Maúrtua 1906, Juicio de límites Perú-Bolivia, Prueba peruana T.1)",no,Cristóbal de Miranda (relación administrativa),Ciudad de Chachapoyas,2,item,distancia de Lima,leguas,150,ciento cincuenta leguas,,260,high,
H1.i,"Cristóbal de Miranda, Relación de los oficios que se proveen en el Reino del Perú (1583) -- Ciudad de San Juan de la Frontera de los Chachapoyas y sus corregimientos (ed. Maúrtua 1906, Juicio de límites Perú-Bolivia, Prueba peruana T.1)",no,Cristóbal de Miranda (relación administrativa),Ciudad de Chachapoyas,3,item,españoles en Santiago de Moyobamba (hasta),españoles,25,hasta veinte y cinco españoles,,260,high,
H1.i,"Cristóbal de Miranda, Relación de los oficios que se proveen en el Reino del Perú (1583) -- Ciudad de San Juan de la Frontera de los Chachapoyas y sus corregimientos (ed. Maúrtua 1906, Juicio de límites Perú-Bolivia, Prueba peruana T.1)",no,Cristóbal de Miranda (relación administrativa),Ciudad de Chachapoyas,4,item,distancia de Moyobamba a Chachapoyas,leguas,30,treinta leguas,,260,high,
H1.i,"Cristóbal de Miranda, Relación de los oficios que se proveen en el Reino del Perú (1583) -- Ciudad de San Juan de la Frontera de los Chachapoyas y sus corregimientos (ed. Maúrtua 1906, Juicio de límites Perú-Bolivia, Prueba peruana T.1)",no,Cristóbal de Miranda (relación administrativa),Ciudad de Chachapoyas,5,item,oficiales reales,oficiales,2,dos Oficiales Reales,,261,high,
H1.i,"Cristóbal de Miranda, Relación de los oficios que se proveen en el Reino del Perú (1583) -- Ciudad de San Juan de la Frontera de los Chachapoyas y sus corregimientos (ed. Maúrtua 1906, Juicio de límites Perú-Bolivia, Prueba peruana T.1)",no,Cristóbal de Miranda (relación administrativa),Ciudad de Chachapoyas,6,item,salario de cada oficial real,pesos de plata ensayada,150,ciento y cincuenta pesos,,261,high,
H1.i,"Cristóbal de Miranda, Relación de los oficios que se proveen en el Reino del Perú (1583) -- Ciudad de San Juan de la Frontera de los Chachapoyas y sus corregimientos (ed. Maúrtua 1906, Juicio de límites Perú-Bolivia, Prueba peruana T.1)",no,Cristóbal de Miranda (relación administrativa),Ciudad de Chachapoyas,7,item,alcaldes elegidos cada año,alcaldes,2,dos Alcaldes,,261,high,
H1.i,"Cristóbal de Miranda, Relación de los oficios que se proveen en el Reino del Perú (1583) -- Ciudad de San Juan de la Frontera de los Chachapoyas y sus corregimientos (ed. Maúrtua 1906, Juicio de límites Perú-Bolivia, Prueba peruana T.1)",no,Cristóbal de Miranda (relación administrativa),Ciudad de Chachapoyas,8,item,regidores,regidores,4,quatro Regidores,,261,high,
H1.i,"Cristóbal de Miranda, Relación de los oficios que se proveen en el Reino del Perú (1583) -- Ciudad de San Juan de la Frontera de los Chachapoyas y sus corregimientos (ed. Maúrtua 1906, Juicio de límites Perú-Bolivia, Prueba peruana T.1)",no,Cristóbal de Miranda (relación administrativa),Ciudad de Chachapoyas,9,item,valor de un regimiento (máx.),ducados de Castilla,250,duzientos ó duzientos y cinquenta ducados,valor de venta estimado 200-250,261,medium,rango 200-250
H1.i,"Cristóbal de Miranda, Relación de los oficios que se proveen en el Reino del Perú (1583) -- Ciudad de San Juan de la Frontera de los Chachapoyas y sus corregimientos (ed. Maúrtua 1906, Juicio de límites Perú-Bolivia, Prueba peruana T.1)",no,Cristóbal de Miranda (relación administrativa),Ciudad de Chachapoyas,10,item,valor de la vara de alguacil mayor (hasta),ducados de Castilla,1500,mill y quinientos ducados,,261,high,
H1.i,"Cristóbal de Miranda, Relación de los oficios que se proveen en el Reino del Perú (1583) -- Ciudad de San Juan de la Frontera de los Chachapoyas y sus corregimientos (ed. Maúrtua 1906, Juicio de límites Perú-Bolivia, Prueba peruana T.1)",no,Cristóbal de Miranda (relación administrativa),Ciudad de Chachapoyas,11,item,escribanos públicos,escribanos,2,dos Escrivanos públicos,,261,high,
H1.i,"Cristóbal de Miranda, Relación de los oficios que se proveen en el Reino del Perú (1583) -- Ciudad de San Juan de la Frontera de los Chachapoyas y sus corregimientos (ed. Maúrtua 1906, Juicio de límites Perú-Bolivia, Prueba peruana T.1)",no,Cristóbal de Miranda (relación administrativa),Ciudad de Chachapoyas,12,item,precio del oficio de escribano de cabildo,pesos,800,ochocientos pesos,comprado por Gonzalo Sánchez Delgado,261,high,
H1.i,"Cristóbal de Miranda, Relación de los oficios que se proveen en el Reino del Perú (1583) -- Ciudad de San Juan de la Frontera de los Chachapoyas y sus corregimientos (ed. Maúrtua 1906, Juicio de límites Perú-Bolivia, Prueba peruana T.1)",no,Cristóbal de Miranda (relación administrativa),Ciudad de Chachapoyas,13,item,valor del otro oficio de escribano (máx.),ducados,600,de quinientos á seiscientos ducados,,261,medium,rango 500-600
H1.i,"Cristóbal de Miranda, Relación de los oficios que se proveen en el Reino del Perú (1583) -- Ciudad de San Juan de la Frontera de los Chachapoyas y sus corregimientos (ed. Maúrtua 1906, Juicio de límites Perú-Bolivia, Prueba peruana T.1)",no,Cristóbal de Miranda (relación administrativa),Corregimiento de Caxamarquilla y Condormarca,14,item,salario del corregidor,pesos ensayados,650,seiscientos y cinquenta pesos ensaiados,pagado de lo aplicado en las tasas,262,high,
H1.i,"Cristóbal de Miranda, Relación de los oficios que se proveen en el Reino del Perú (1583) -- Ciudad de San Juan de la Frontera de los Chachapoyas y sus corregimientos (ed. Maúrtua 1906, Juicio de límites Perú-Bolivia, Prueba peruana T.1)",no,Cristóbal de Miranda (relación administrativa),Corr. Caxamarquilla y Condormarca - repartimiento de Collay (enc. Joan López Montenegro),15,item,indios tributarios,indios,584,quinientos ochenta y cuatro yndios tributarios,1583,262,high,
H1.i,"Cristóbal de Miranda, Relación de los oficios que se proveen en el Reino del Perú (1583) -- Ciudad de San Juan de la Frontera de los Chachapoyas y sus corregimientos (ed. Maúrtua 1906, Juicio de límites Perú-Bolivia, Prueba peruana T.1)",no,Cristóbal de Miranda (relación administrativa),Corr. Caxamarquilla y Condormarca - repartimiento de Collay (enc. Joan López Montenegro),16,item,personas (población total),personas,2885,dos mil ochocientas ochenta y cinco personas,1583,262,high,
H1.i,"Cristóbal de Miranda, Relación de los oficios que se proveen en el Reino del Perú (1583) -- Ciudad de San Juan de la Frontera de los Chachapoyas y sus corregimientos (ed. Maúrtua 1906, Juicio de límites Perú-Bolivia, Prueba peruana T.1)",no,Cristóbal de Miranda (relación administrativa),Corr. Caxamarquilla y Condormarca - repartimiento de Collay (enc. Joan López Montenegro),17,item,pueblos de reducción,pueblos,3,"reduzidos en tres pueblos (Chacllas, Canta, Mitibamba)",,262,high,
H1.i,"Cristóbal de Miranda, Relación de los oficios que se proveen en el Reino del Perú (1583) -- Ciudad de San Juan de la Frontera de los Chachapoyas y sus corregimientos (ed. Maúrtua 1906, Juicio de límites Perú-Bolivia, Prueba peruana T.1)",no,Cristóbal de Miranda (relación administrativa),Corr. Caxamarquilla y Condormarca - repartimiento de Sucos y Puymal (enc. Onorato Estevan),18,item,indios tributarios,indios,247,doscientos cuarenta y siete yndios tributarios,1583,262,high,
H1.i,"Cristóbal de Miranda, Relación de los oficios que se proveen en el Reino del Perú (1583) -- Ciudad de San Juan de la Frontera de los Chachapoyas y sus corregimientos (ed. Maúrtua 1906, Juicio de límites Perú-Bolivia, Prueba peruana T.1)",no,Cristóbal de Miranda (relación administrativa),Corr. Caxamarquilla y Condormarca - repartimiento de Sucos y Puymal (enc. Onorato Estevan),19,item,personas (población total),personas,1102,mil ciento dos personas,1583,262,high,
H1.i,"Cristóbal de Miranda, Relación de los oficios que se proveen en el Reino del Perú (1583) -- Ciudad de San Juan de la Frontera de los Chachapoyas y sus corregimientos (ed. Maúrtua 1906, Juicio de límites Perú-Bolivia, Prueba peruana T.1)",no,Cristóbal de Miranda (relación administrativa),Corr. Caxamarquilla y Condormarca - repartimiento de Sucos y Puymal (enc. Onorato Estevan),20,item,pueblos de reducción,pueblos,2,"reduzidos en dos pueblos (Uchupiax, Andaraca)",,262,high,
H1.i,"Cristóbal de Miranda, Relación de los oficios que se proveen en el Reino del Perú (1583) -- Ciudad de San Juan de la Frontera de los Chachapoyas y sus corregimientos (ed. Maúrtua 1906, Juicio de límites Perú-Bolivia, Prueba peruana T.1)",no,Cristóbal de Miranda (relación administrativa),Corr. Caxamarquilla y Condormarca - repartimiento de Caxamarquilla (enc. Inés Nieto),21,item,indios tributarios,indios,561,quinientos sesenta y un yndios tributarios,1583,262,high,
H1.i,"Cristóbal de Miranda, Relación de los oficios que se proveen en el Reino del Perú (1583) -- Ciudad de San Juan de la Frontera de los Chachapoyas y sus corregimientos (ed. Maúrtua 1906, Juicio de límites Perú-Bolivia, Prueba peruana T.1)",no,Cristóbal de Miranda (relación administrativa),Corr. Caxamarquilla y Condormarca - repartimiento de Caxamarquilla (enc. Inés Nieto),22,item,personas (población total),personas,2884,dos mil ochocientas ochenta y cuatro personas,1583,262,high,
H1.i,"Cristóbal de Miranda, Relación de los oficios que se proveen en el Reino del Perú (1583) -- Ciudad de San Juan de la Frontera de los Chachapoyas y sus corregimientos (ed. Maúrtua 1906, Juicio de límites Perú-Bolivia, Prueba peruana T.1)",no,Cristóbal de Miranda (relación administrativa),Corr. Caxamarquilla y Condormarca - repartimiento de Caxamarquilla (enc. Inés Nieto),23,item,pueblos de reducción,pueblos,4,"reduzidos en quatro pueblos (Sant Salvador de Caxamarquilla, Bambamarca, Ninichal, Talachavi)",,262,high,
H1.i,"Cristóbal de Miranda, Relación de los oficios que se proveen en el Reino del Perú (1583) -- Ciudad de San Juan de la Frontera de los Chachapoyas y sus corregimientos (ed. Maúrtua 1906, Juicio de límites Perú-Bolivia, Prueba peruana T.1)",no,Cristóbal de Miranda (relación administrativa),Corr. Caxamarquilla y Condormarca - repartimiento de Laymebamba y Cochabamba (enc. Don Joán de Guevara),24,item,indios tributarios,indios,912,novecientos doce yndios tributarios,1583,262,high,'en los tributos ay fechas ciertas situaciones' (cf. H1.j renta de la guarda). LEYMEBAMBA/COCHABAMBA
H1.i,"Cristóbal de Miranda, Relación de los oficios que se proveen en el Reino del Perú (1583) -- Ciudad de San Juan de la Frontera de los Chachapoyas y sus corregimientos (ed. Maúrtua 1906, Juicio de límites Perú-Bolivia, Prueba peruana T.1)",no,Cristóbal de Miranda (relación administrativa),Corr. Caxamarquilla y Condormarca - repartimiento de Laymebamba y Cochabamba (enc. Don Joán de Guevara),25,item,personas (población total),personas,5203,cinco mil doscientas tres personas,1583,262,high,
H1.i,"Cristóbal de Miranda, Relación de los oficios que se proveen en el Reino del Perú (1583) -- Ciudad de San Juan de la Frontera de los Chachapoyas y sus corregimientos (ed. Maúrtua 1906, Juicio de límites Perú-Bolivia, Prueba peruana T.1)",no,Cristóbal de Miranda (relación administrativa),Corr. Caxamarquilla y Condormarca - repartimiento de Laymebamba y Cochabamba (enc. Don Joán de Guevara),26,item,pueblos de reducción,pueblos,3,"reduzidos en tres pueblos (Santo Tomás de Quellay, San Elifonso, Cochabamba)",,262,high,
H1.i,"Cristóbal de Miranda, Relación de los oficios que se proveen en el Reino del Perú (1583) -- Ciudad de San Juan de la Frontera de los Chachapoyas y sus corregimientos (ed. Maúrtua 1906, Juicio de límites Perú-Bolivia, Prueba peruana T.1)",no,Cristóbal de Miranda (relación administrativa),Corr. Caxamarquilla y Condormarca - repartimiento de Chilchos y Laya (enc. Corona Real),27,item,indios tributarios,indios,353,trescientos cincuenta y tres yndios tributarios,1583,262,high,CHILCHOS; citado también por Schjellerup 2008:119
H1.i,"Cristóbal de Miranda, Relación de los oficios que se proveen en el Reino del Perú (1583) -- Ciudad de San Juan de la Frontera de los Chachapoyas y sus corregimientos (ed. Maúrtua 1906, Juicio de límites Perú-Bolivia, Prueba peruana T.1)",no,Cristóbal de Miranda (relación administrativa),Corr. Caxamarquilla y Condormarca - repartimiento de Chilchos y Laya (enc. Corona Real),28,item,personas (población total),personas,1457,mil cuatrocientas cincuenta y siete personas,1583,262,high,
H1.i,"Cristóbal de Miranda, Relación de los oficios que se proveen en el Reino del Perú (1583) -- Ciudad de San Juan de la Frontera de los Chachapoyas y sus corregimientos (ed. Maúrtua 1906, Juicio de límites Perú-Bolivia, Prueba peruana T.1)",no,Cristóbal de Miranda (relación administrativa),Corr. Caxamarquilla y Condormarca - repartimiento de Chilchos y Laya (enc. Corona Real),29,item,pueblos de reducción,pueblos,3,"reduzidos en tres pueblos (Santa Mónica, Sant Guillermo, el Asiento de Tambo)",,262,high,
H1.i,"Cristóbal de Miranda, Relación de los oficios que se proveen en el Reino del Perú (1583) -- Ciudad de San Juan de la Frontera de los Chachapoyas y sus corregimientos (ed. Maúrtua 1906, Juicio de límites Perú-Bolivia, Prueba peruana T.1)",no,Cristóbal de Miranda (relación administrativa),Corregimiento de los Pacllas,30,item,salario del corregidor,pesos de plata ensayada,600,seiscientos pesos de plata ensaiada é marcada,,263,high,
H1.i,"Cristóbal de Miranda, Relación de los oficios que se proveen en el Reino del Perú (1583) -- Ciudad de San Juan de la Frontera de los Chachapoyas y sus corregimientos (ed. Maúrtua 1906, Juicio de límites Perú-Bolivia, Prueba peruana T.1)",no,Cristóbal de Miranda (relación administrativa),Corr. los Pacllas - repartimiento de Sonche (enc. Joan Baptista Esteban),31,item,indios tributarios,indios,42,cuarenta y dos yndios tributarios,1583,263,high,
H1.i,"Cristóbal de Miranda, Relación de los oficios que se proveen en el Reino del Perú (1583) -- Ciudad de San Juan de la Frontera de los Chachapoyas y sus corregimientos (ed. Maúrtua 1906, Juicio de límites Perú-Bolivia, Prueba peruana T.1)",no,Cristóbal de Miranda (relación administrativa),Corr. los Pacllas - repartimiento de Sonche (enc. Joan Baptista Esteban),32,item,personas (población total),personas,199,ciento noventa y nueve personas,1583,263,high,
H1.i,"Cristóbal de Miranda, Relación de los oficios que se proveen en el Reino del Perú (1583) -- Ciudad de San Juan de la Frontera de los Chachapoyas y sus corregimientos (ed. Maúrtua 1906, Juicio de límites Perú-Bolivia, Prueba peruana T.1)",no,Cristóbal de Miranda (relación administrativa),Corr. los Pacllas - repartimiento de Sonche (enc. Joan Baptista Esteban),33,item,pueblos de reducción,pueblos,1,reduzidos en un pueblo (Santa María de Sonche),,263,high,
H1.i,"Cristóbal de Miranda, Relación de los oficios que se proveen en el Reino del Perú (1583) -- Ciudad de San Juan de la Frontera de los Chachapoyas y sus corregimientos (ed. Maúrtua 1906, Juicio de límites Perú-Bolivia, Prueba peruana T.1)",no,Cristóbal de Miranda (relación administrativa),Corr. los Pacllas - repartimiento de Chelequín (enc. Hernán Pantoja),34,item,indios tributarios,indios,530,quinientos treinta yndios tributarios,1583,263,high,
H1.i,"Cristóbal de Miranda, Relación de los oficios que se proveen en el Reino del Perú (1583) -- Ciudad de San Juan de la Frontera de los Chachapoyas y sus corregimientos (ed. Maúrtua 1906, Juicio de límites Perú-Bolivia, Prueba peruana T.1)",no,Cristóbal de Miranda (relación administrativa),Corr. los Pacllas - repartimiento de Chelequín (enc. Hernán Pantoja),35,item,personas (población total),personas,2831,dos mil ochocientas treinta y una personas,1583,263,high,
H1.i,"Cristóbal de Miranda, Relación de los oficios que se proveen en el Reino del Perú (1583) -- Ciudad de San Juan de la Frontera de los Chachapoyas y sus corregimientos (ed. Maúrtua 1906, Juicio de límites Perú-Bolivia, Prueba peruana T.1)",no,Cristóbal de Miranda (relación administrativa),Corr. los Pacllas - repartimiento de Chelequín (enc. Hernán Pantoja),36,item,pueblos de reducción,pueblos,3,"reduzidos en tres pueblos (N.S. de la Concepción de Chelequín, la Magdalena de Sonche, Tampa)",,263,high,
H1.i,"Cristóbal de Miranda, Relación de los oficios que se proveen en el Reino del Perú (1583) -- Ciudad de San Juan de la Frontera de los Chachapoyas y sus corregimientos (ed. Maúrtua 1906, Juicio de límites Perú-Bolivia, Prueba peruana T.1)",no,Cristóbal de Miranda (relación administrativa),Corr. los Pacllas - repartimiento de San Joan de Cebola y los Chunches Mapacamayos (enc. Francisco Cansino),37,item,indios tributarios,indios,294,doscientos noventa y cuatro yndios tributarios,1583,263,high,
H1.i,"Cristóbal de Miranda, Relación de los oficios que se proveen en el Reino del Perú (1583) -- Ciudad de San Juan de la Frontera de los Chachapoyas y sus corregimientos (ed. Maúrtua 1906, Juicio de límites Perú-Bolivia, Prueba peruana T.1)",no,Cristóbal de Miranda (relación administrativa),Corr. los Pacllas - repartimiento de San Joan de Cebola y los Chunches Mapacamayos (enc. Francisco Cansino),38,item,personas (población total),personas,1182,mil ciento ochenta y dos personas,1583,263,high,
H1.i,"Cristóbal de Miranda, Relación de los oficios que se proveen en el Reino del Perú (1583) -- Ciudad de San Juan de la Frontera de los Chachapoyas y sus corregimientos (ed. Maúrtua 1906, Juicio de límites Perú-Bolivia, Prueba peruana T.1)",no,Cristóbal de Miranda (relación administrativa),Corr. los Pacllas - repartimiento de San Joan de Cebola y los Chunches Mapacamayos (enc. Francisco Cansino),39,item,pueblos de reducción,pueblos,3,"reduzidos en tres pueblos (sólo 2 nombrados: San Joan de los Chunches, San Miguel de los Mapacamayos)",,263,high,
H1.i,"Cristóbal de Miranda, Relación de los oficios que se proveen en el Reino del Perú (1583) -- Ciudad de San Juan de la Frontera de los Chachapoyas y sus corregimientos (ed. Maúrtua 1906, Juicio de límites Perú-Bolivia, Prueba peruana T.1)",no,Cristóbal de Miranda (relación administrativa),Corr. los Pacllas - repartimiento de Puylunquín (enc. Onorato Estovan),40,item,indios tributarios,indios,127,ciento veinte y siete yndios tributarios,1583,263,high,
H1.i,"Cristóbal de Miranda, Relación de los oficios que se proveen en el Reino del Perú (1583) -- Ciudad de San Juan de la Frontera de los Chachapoyas y sus corregimientos (ed. Maúrtua 1906, Juicio de límites Perú-Bolivia, Prueba peruana T.1)",no,Cristóbal de Miranda (relación administrativa),Corr. los Pacllas - repartimiento de Puylunquín (enc. Onorato Estovan),41,item,personas (población total),personas,509,quinientas nueve personas,1583,263,high,
H1.i,"Cristóbal de Miranda, Relación de los oficios que se proveen en el Reino del Perú (1583) -- Ciudad de San Juan de la Frontera de los Chachapoyas y sus corregimientos (ed. Maúrtua 1906, Juicio de límites Perú-Bolivia, Prueba peruana T.1)",no,Cristóbal de Miranda (relación administrativa),Corr. los Pacllas - repartimiento de Puylunquín (enc. Onorato Estovan),42,item,pueblos de reducción,pueblos,1,reduzidos en un pueblo del mesmo nombre,,263,high,
H1.i,"Cristóbal de Miranda, Relación de los oficios que se proveen en el Reino del Perú (1583) -- Ciudad de San Juan de la Frontera de los Chachapoyas y sus corregimientos (ed. Maúrtua 1906, Juicio de límites Perú-Bolivia, Prueba peruana T.1)",no,Cristóbal de Miranda (relación administrativa),Corr. los Pacllas - repartimiento de Santiago de Yamarasbamba (enc. Onorato Estovan (dicha encomienda)),43,item,indios tributarios,indios,120,ciento veinte yndios tributarios,1583,263,high,
H1.i,"Cristóbal de Miranda, Relación de los oficios que se proveen en el Reino del Perú (1583) -- Ciudad de San Juan de la Frontera de los Chachapoyas y sus corregimientos (ed. Maúrtua 1906, Juicio de límites Perú-Bolivia, Prueba peruana T.1)",no,Cristóbal de Miranda (relación administrativa),Corr. los Pacllas - repartimiento de Santiago de Yamarasbamba (enc. Onorato Estovan (dicha encomienda)),44,item,personas (población total),personas,537,quinientas treinta y siete personas,1583,263,high,
H1.i,"Cristóbal de Miranda, Relación de los oficios que se proveen en el Reino del Perú (1583) -- Ciudad de San Juan de la Frontera de los Chachapoyas y sus corregimientos (ed. Maúrtua 1906, Juicio de límites Perú-Bolivia, Prueba peruana T.1)",no,Cristóbal de Miranda (relación administrativa),Corr. los Pacllas - repartimiento de Santiago de Yamarasbamba (enc. Onorato Estovan (dicha encomienda)),45,item,pueblos de reducción,pueblos,1,reduzidos en un pueblo (Techo),,263,high,
H1.i,"Cristóbal de Miranda, Relación de los oficios que se proveen en el Reino del Perú (1583) -- Ciudad de San Juan de la Frontera de los Chachapoyas y sus corregimientos (ed. Maúrtua 1906, Juicio de límites Perú-Bolivia, Prueba peruana T.1)",no,Cristóbal de Miranda (relación administrativa),Corr. los Pacllas - repartimiento de Chibalta (enc. Luis Valera),46,item,indios tributarios,indios,187,ciento ochenta y siete yndios tributarios,1583,263,high,
H1.i,"Cristóbal de Miranda, Relación de los oficios que se proveen en el Reino del Perú (1583) -- Ciudad de San Juan de la Frontera de los Chachapoyas y sus corregimientos (ed. Maúrtua 1906, Juicio de límites Perú-Bolivia, Prueba peruana T.1)",no,Cristóbal de Miranda (relación administrativa),Corr. los Pacllas - repartimiento de Chibalta (enc. Luis Valera),47,item,personas (población total),personas,919,novecientas diez y nueve personas,1583,263,high,
H1.i,"Cristóbal de Miranda, Relación de los oficios que se proveen en el Reino del Perú (1583) -- Ciudad de San Juan de la Frontera de los Chachapoyas y sus corregimientos (ed. Maúrtua 1906, Juicio de límites Perú-Bolivia, Prueba peruana T.1)",no,Cristóbal de Miranda (relación administrativa),Corr. los Pacllas - repartimiento de Chibalta (enc. Luis Valera),48,item,pueblos de reducción,pueblos,2,"reduzidos en dos pueblos (San Miguel de Quitaya, San Joan de Chibalta)",,263,high,
H1.i,"Cristóbal de Miranda, Relación de los oficios que se proveen en el Reino del Perú (1583) -- Ciudad de San Juan de la Frontera de los Chachapoyas y sus corregimientos (ed. Maúrtua 1906, Juicio de límites Perú-Bolivia, Prueba peruana T.1)",no,Cristóbal de Miranda (relación administrativa),Corr. los Pacllas - repartimiento de Xumbilla (enc. Pedro Ximénez),49,item,indios tributarios,indios,154,ciento cincuenta y cuatro yndios tributarios,1583,264,high,entrada comienza en p.263
H1.i,"Cristóbal de Miranda, Relación de los oficios que se proveen en el Reino del Perú (1583) -- Ciudad de San Juan de la Frontera de los Chachapoyas y sus corregimientos (ed. Maúrtua 1906, Juicio de límites Perú-Bolivia, Prueba peruana T.1)",no,Cristóbal de Miranda (relación administrativa),Corr. los Pacllas - repartimiento de Xumbilla (enc. Pedro Ximénez),50,item,personas (población total),personas,855,ochocientas y cincuenta y cinco personas,1583,264,high,
H1.i,"Cristóbal de Miranda, Relación de los oficios que se proveen en el Reino del Perú (1583) -- Ciudad de San Juan de la Frontera de los Chachapoyas y sus corregimientos (ed. Maúrtua 1906, Juicio de límites Perú-Bolivia, Prueba peruana T.1)",no,Cristóbal de Miranda (relación administrativa),Corr. los Pacllas - repartimiento de Xumbilla (enc. Pedro Ximénez),51,item,pueblos de reducción,pueblos,2,reduzidos en dos pueblos del mesmo nombre,,264,high,
H1.i,"Cristóbal de Miranda, Relación de los oficios que se proveen en el Reino del Perú (1583) -- Ciudad de San Juan de la Frontera de los Chachapoyas y sus corregimientos (ed. Maúrtua 1906, Juicio de límites Perú-Bolivia, Prueba peruana T.1)",no,Cristóbal de Miranda (relación administrativa),Corr. los Pacllas - repartimiento de Trapa (enc. Joan Baptista Nano),52,item,indios tributarios,indios,61,sesenta y un yndios tributarios,1583,264,high,
H1.i,"Cristóbal de Miranda, Relación de los oficios que se proveen en el Reino del Perú (1583) -- Ciudad de San Juan de la Frontera de los Chachapoyas y sus corregimientos (ed. Maúrtua 1906, Juicio de límites Perú-Bolivia, Prueba peruana T.1)",no,Cristóbal de Miranda (relación administrativa),Corr. los Pacllas - repartimiento de Trapa (enc. Joan Baptista Nano),53,item,personas (población total),personas,334,trescientas treinta y cuatro personas,1583,264,high,
H1.i,"Cristóbal de Miranda, Relación de los oficios que se proveen en el Reino del Perú (1583) -- Ciudad de San Juan de la Frontera de los Chachapoyas y sus corregimientos (ed. Maúrtua 1906, Juicio de límites Perú-Bolivia, Prueba peruana T.1)",no,Cristóbal de Miranda (relación administrativa),Corr. los Pacllas - repartimiento de Trapa (enc. Joan Baptista Nano),54,item,pueblos de reducción,pueblos,1,reduzidos en un pueblo,,264,high,
H1.i,"Cristóbal de Miranda, Relación de los oficios que se proveen en el Reino del Perú (1583) -- Ciudad de San Juan de la Frontera de los Chachapoyas y sus corregimientos (ed. Maúrtua 1906, Juicio de límites Perú-Bolivia, Prueba peruana T.1)",no,Cristóbal de Miranda (relación administrativa),Corr. los Pacllas - repartimiento de Iapa (enc. Hernán Pantoja),55,item,indios tributarios,indios,292,doscientos noventa y dos yndios tributarios,1583,264,high,
H1.i,"Cristóbal de Miranda, Relación de los oficios que se proveen en el Reino del Perú (1583) -- Ciudad de San Juan de la Frontera de los Chachapoyas y sus corregimientos (ed. Maúrtua 1906, Juicio de límites Perú-Bolivia, Prueba peruana T.1)",no,Cristóbal de Miranda (relación administrativa),Corr. los Pacllas - repartimiento de Iapa (enc. Hernán Pantoja),56,item,personas (población total),personas,1239,mil doscientas treinta y nueve personas,1583,264,high,
H1.i,"Cristóbal de Miranda, Relación de los oficios que se proveen en el Reino del Perú (1583) -- Ciudad de San Juan de la Frontera de los Chachapoyas y sus corregimientos (ed. Maúrtua 1906, Juicio de límites Perú-Bolivia, Prueba peruana T.1)",no,Cristóbal de Miranda (relación administrativa),Corr. los Pacllas - repartimiento de Iapa (enc. Hernán Pantoja),57,item,pueblos de reducción,pueblos,1,reduzidos en un pueblo (Colos),,264,high,
H1.i,"Cristóbal de Miranda, Relación de los oficios que se proveen en el Reino del Perú (1583) -- Ciudad de San Juan de la Frontera de los Chachapoyas y sus corregimientos (ed. Maúrtua 1906, Juicio de límites Perú-Bolivia, Prueba peruana T.1)",no,Cristóbal de Miranda (relación administrativa),Corr. los Pacllas - repartimiento de Lambazalca (enc. Hernando de Mori),58,item,indios tributarios,indios,124,ciento veinte y cuatro yndios tributarios,1583,264,high,
H1.i,"Cristóbal de Miranda, Relación de los oficios que se proveen en el Reino del Perú (1583) -- Ciudad de San Juan de la Frontera de los Chachapoyas y sus corregimientos (ed. Maúrtua 1906, Juicio de límites Perú-Bolivia, Prueba peruana T.1)",no,Cristóbal de Miranda (relación administrativa),Corr. los Pacllas - repartimiento de Lambazalca (enc. Hernando de Mori),59,item,personas (población total),personas,548,quinientas cuarenta y ocho personas,1583,264,high,
H1.i,"Cristóbal de Miranda, Relación de los oficios que se proveen en el Reino del Perú (1583) -- Ciudad de San Juan de la Frontera de los Chachapoyas y sus corregimientos (ed. Maúrtua 1906, Juicio de límites Perú-Bolivia, Prueba peruana T.1)",no,Cristóbal de Miranda (relación administrativa),Corr. los Pacllas - repartimiento de Lambazalca (enc. Hernando de Mori),60,item,pueblos de reducción,pueblos,1,reduzidos en un pueblo,,264,high,
H1.i,"Cristóbal de Miranda, Relación de los oficios que se proveen en el Reino del Perú (1583) -- Ciudad de San Juan de la Frontera de los Chachapoyas y sus corregimientos (ed. Maúrtua 1906, Juicio de límites Perú-Bolivia, Prueba peruana T.1)",no,Cristóbal de Miranda (relación administrativa),Corr. los Pacllas - repartimiento de Cazayungas (enc. Doña Catalina de Fuentes),61,item,indios tributarios,indios,160,ciento sesenta yndios tributarios,1583,264,high,
H1.i,"Cristóbal de Miranda, Relación de los oficios que se proveen en el Reino del Perú (1583) -- Ciudad de San Juan de la Frontera de los Chachapoyas y sus corregimientos (ed. Maúrtua 1906, Juicio de límites Perú-Bolivia, Prueba peruana T.1)",no,Cristóbal de Miranda (relación administrativa),Corr. los Pacllas - repartimiento de Cazayungas (enc. Doña Catalina de Fuentes),62,item,personas (población total),personas,729,setecientas veinte y nueve personas,1583,264,high,
H1.i,"Cristóbal de Miranda, Relación de los oficios que se proveen en el Reino del Perú (1583) -- Ciudad de San Juan de la Frontera de los Chachapoyas y sus corregimientos (ed. Maúrtua 1906, Juicio de límites Perú-Bolivia, Prueba peruana T.1)",no,Cristóbal de Miranda (relación administrativa),Corr. los Pacllas - repartimiento de Cazayungas (enc. Doña Catalina de Fuentes),63,item,pueblos de reducción,pueblos,1,reduzidos en un pueblo (Guaira),,264,high,
H1.i,"Cristóbal de Miranda, Relación de los oficios que se proveen en el Reino del Perú (1583) -- Ciudad de San Juan de la Frontera de los Chachapoyas y sus corregimientos (ed. Maúrtua 1906, Juicio de límites Perú-Bolivia, Prueba peruana T.1)",no,Cristóbal de Miranda (relación administrativa),Corr. los Pacllas - repartimiento de Cazcayungas (enc. Leonardo Muñoz),64,item,indios tributarios,indios,129,ciento veinte y nueve yndios tributarios,1583,264,high,
H1.i,"Cristóbal de Miranda, Relación de los oficios que se proveen en el Reino del Perú (1583) -- Ciudad de San Juan de la Frontera de los Chachapoyas y sus corregimientos (ed. Maúrtua 1906, Juicio de límites Perú-Bolivia, Prueba peruana T.1)",no,Cristóbal de Miranda (relación administrativa),Corr. los Pacllas - repartimiento de Cazcayungas (enc. Leonardo Muñoz),65,item,personas (población total),personas,590,quinientas noventa personas,1583,264,high,
H1.i,"Cristóbal de Miranda, Relación de los oficios que se proveen en el Reino del Perú (1583) -- Ciudad de San Juan de la Frontera de los Chachapoyas y sus corregimientos (ed. Maúrtua 1906, Juicio de límites Perú-Bolivia, Prueba peruana T.1)",no,Cristóbal de Miranda (relación administrativa),Corr. los Pacllas - repartimiento de Cazcayungas (enc. Leonardo Muñoz),66,item,pueblos de reducción,pueblos,1,reduzidos en un pueblo (San Pedro de Bayala),,264,high,
H1.i,"Cristóbal de Miranda, Relación de los oficios que se proveen en el Reino del Perú (1583) -- Ciudad de San Juan de la Frontera de los Chachapoyas y sus corregimientos (ed. Maúrtua 1906, Juicio de límites Perú-Bolivia, Prueba peruana T.1)",no,Cristóbal de Miranda (relación administrativa),Corr. los Pacllas - repartimiento de Iumpt (sic) Cazcayungas (enc. Joan Baptista Nano),67,item,indios tributarios,indios,91,noventa y un yndios tributarios,1583,264,high,
H1.i,"Cristóbal de Miranda, Relación de los oficios que se proveen en el Reino del Perú (1583) -- Ciudad de San Juan de la Frontera de los Chachapoyas y sus corregimientos (ed. Maúrtua 1906, Juicio de límites Perú-Bolivia, Prueba peruana T.1)",no,Cristóbal de Miranda (relación administrativa),Corr. los Pacllas - repartimiento de Iumpt (sic) Cazcayungas (enc. Joan Baptista Nano),68,item,personas (población total),personas,278,doscientas setenta y ocho personas,1583,264,high,
H1.i,"Cristóbal de Miranda, Relación de los oficios que se proveen en el Reino del Perú (1583) -- Ciudad de San Juan de la Frontera de los Chachapoyas y sus corregimientos (ed. Maúrtua 1906, Juicio de límites Perú-Bolivia, Prueba peruana T.1)",no,Cristóbal de Miranda (relación administrativa),Corr. los Pacllas - repartimiento de Iumpt (sic) Cazcayungas (enc. Joan Baptista Nano),69,item,pueblos de reducción,pueblos,1,reduzidos en un pueblo (Iumpito),,264,high,
H1.i,"Cristóbal de Miranda, Relación de los oficios que se proveen en el Reino del Perú (1583) -- Ciudad de San Juan de la Frontera de los Chachapoyas y sus corregimientos (ed. Maúrtua 1906, Juicio de límites Perú-Bolivia, Prueba peruana T.1)",no,Cristóbal de Miranda (relación administrativa),Corr. los Pacllas - repartimiento de Guapa (enc. Domingo de Parauz),70,item,indios tributarios,indios,87,ochenta y siete yndios tributarios,1583,264,high,
H1.i,"Cristóbal de Miranda, Relación de los oficios que se proveen en el Reino del Perú (1583) -- Ciudad de San Juan de la Frontera de los Chachapoyas y sus corregimientos (ed. Maúrtua 1906, Juicio de límites Perú-Bolivia, Prueba peruana T.1)",no,Cristóbal de Miranda (relación administrativa),Corr. los Pacllas - repartimiento de Guapa (enc. Domingo de Parauz),71,item,personas (población total),personas,319,trescientas diez y nueve personas,1583,264,high,
H1.i,"Cristóbal de Miranda, Relación de los oficios que se proveen en el Reino del Perú (1583) -- Ciudad de San Juan de la Frontera de los Chachapoyas y sus corregimientos (ed. Maúrtua 1906, Juicio de límites Perú-Bolivia, Prueba peruana T.1)",no,Cristóbal de Miranda (relación administrativa),Corr. los Pacllas - repartimiento de Guapa (enc. Domingo de Parauz),72,item,pueblos de reducción,pueblos,1,reduzidos en un pueblo (Pisca),,264,high,
H1.i,"Cristóbal de Miranda, Relación de los oficios que se proveen en el Reino del Perú (1583) -- Ciudad de San Juan de la Frontera de los Chachapoyas y sus corregimientos (ed. Maúrtua 1906, Juicio de límites Perú-Bolivia, Prueba peruana T.1)",no,Cristóbal de Miranda (relación administrativa),Corr. los Pacllas - repartimiento de Bagazán (enc. Francisco García Xaymes),73,item,indios tributarios,indios,78,setenta y ocho yndios tributarios,1583,264,high,
H1.i,"Cristóbal de Miranda, Relación de los oficios que se proveen en el Reino del Perú (1583) -- Ciudad de San Juan de la Frontera de los Chachapoyas y sus corregimientos (ed. Maúrtua 1906, Juicio de límites Perú-Bolivia, Prueba peruana T.1)",no,Cristóbal de Miranda (relación administrativa),Corr. los Pacllas - repartimiento de Bagazán (enc. Francisco García Xaymes),74,item,personas (población total),personas,481,cuatrocientas ochenta y una personas,1583,264,high,
H1.i,"Cristóbal de Miranda, Relación de los oficios que se proveen en el Reino del Perú (1583) -- Ciudad de San Juan de la Frontera de los Chachapoyas y sus corregimientos (ed. Maúrtua 1906, Juicio de límites Perú-Bolivia, Prueba peruana T.1)",no,Cristóbal de Miranda (relación administrativa),Corr. los Pacllas - repartimiento de Bagazán (enc. Francisco García Xaymes),75,item,pueblos de reducción,pueblos,1,reduzidos en un pueblo,,264,high,
H1.i,"Cristóbal de Miranda, Relación de los oficios que se proveen en el Reino del Perú (1583) -- Ciudad de San Juan de la Frontera de los Chachapoyas y sus corregimientos (ed. Maúrtua 1906, Juicio de límites Perú-Bolivia, Prueba peruana T.1)",no,Cristóbal de Miranda (relación administrativa),Corr. los Pacllas - repartimiento de Taulia (enc. Hernán Pantoja),76,item,indios tributarios,indios,360,trescientos sesenta yndios tributarios,1583,265,high,entrada comienza en p.264
H1.i,"Cristóbal de Miranda, Relación de los oficios que se proveen en el Reino del Perú (1583) -- Ciudad de San Juan de la Frontera de los Chachapoyas y sus corregimientos (ed. Maúrtua 1906, Juicio de límites Perú-Bolivia, Prueba peruana T.1)",no,Cristóbal de Miranda (relación administrativa),Corr. los Pacllas - repartimiento de Taulia (enc. Hernán Pantoja),77,item,personas (población total),personas,1702,mil setecientas dos personas,1583,265,high,
H1.i,"Cristóbal de Miranda, Relación de los oficios que se proveen en el Reino del Perú (1583) -- Ciudad de San Juan de la Frontera de los Chachapoyas y sus corregimientos (ed. Maúrtua 1906, Juicio de límites Perú-Bolivia, Prueba peruana T.1)",no,Cristóbal de Miranda (relación administrativa),Corr. los Pacllas - repartimiento de Taulia (enc. Hernán Pantoja),78,item,pueblos de reducción,pueblos,3,"reduzidos en tres pueblos (Taulia, Illabamba, Guamampata)",,265,high,
H1.i,"Cristóbal de Miranda, Relación de los oficios que se proveen en el Reino del Perú (1583) -- Ciudad de San Juan de la Frontera de los Chachapoyas y sus corregimientos (ed. Maúrtua 1906, Juicio de límites Perú-Bolivia, Prueba peruana T.1)",no,Cristóbal de Miranda (relación administrativa),Corr. los Pacllas - repartimiento de Tosico (enc. Francisco Dávila),79,item,indios tributarios,indios,74,setenta y cuatro yndios tributarios,1583,265,high,
H1.i,"Cristóbal de Miranda, Relación de los oficios que se proveen en el Reino del Perú (1583) -- Ciudad de San Juan de la Frontera de los Chachapoyas y sus corregimientos (ed. Maúrtua 1906, Juicio de límites Perú-Bolivia, Prueba peruana T.1)",no,Cristóbal de Miranda (relación administrativa),Corr. los Pacllas - repartimiento de Tosico (enc. Francisco Dávila),80,item,personas (población total),personas,216,doscientas diez y seis personas,1583,265,high,
H1.i,"Cristóbal de Miranda, Relación de los oficios que se proveen en el Reino del Perú (1583) -- Ciudad de San Juan de la Frontera de los Chachapoyas y sus corregimientos (ed. Maúrtua 1906, Juicio de límites Perú-Bolivia, Prueba peruana T.1)",no,Cristóbal de Miranda (relación administrativa),Corr. los Pacllas - repartimiento de Tosico (enc. Francisco Dávila),81,item,pueblos de reducción,pueblos,1,reduzidos en un pueblo (Sant Isidro),,265,high,
H1.i,"Cristóbal de Miranda, Relación de los oficios que se proveen en el Reino del Perú (1583) -- Ciudad de San Juan de la Frontera de los Chachapoyas y sus corregimientos (ed. Maúrtua 1906, Juicio de límites Perú-Bolivia, Prueba peruana T.1)",no,Cristóbal de Miranda (relación administrativa),Corr. los Pacllas - repartimiento de Chitimaros y Licate (enc. Francisco Núñez),82,item,indios tributarios,indios,94,noventa y cuatro yndios tributarios,1583,265,high,
H1.i,"Cristóbal de Miranda, Relación de los oficios que se proveen en el Reino del Perú (1583) -- Ciudad de San Juan de la Frontera de los Chachapoyas y sus corregimientos (ed. Maúrtua 1906, Juicio de límites Perú-Bolivia, Prueba peruana T.1)",no,Cristóbal de Miranda (relación administrativa),Corr. los Pacllas - repartimiento de Chitimaros y Licate (enc. Francisco Núñez),83,item,personas (población total),personas,288,doscientas ochenta y ocho personas,1583,265,high,
H1.i,"Cristóbal de Miranda, Relación de los oficios que se proveen en el Reino del Perú (1583) -- Ciudad de San Juan de la Frontera de los Chachapoyas y sus corregimientos (ed. Maúrtua 1906, Juicio de límites Perú-Bolivia, Prueba peruana T.1)",no,Cristóbal de Miranda (relación administrativa),Corr. los Pacllas - repartimiento de Chitimaros y Licate (enc. Francisco Núñez),84,item,pueblos de reducción,pueblos,2,reduzidos en dos pueblos,,265,high,
H1.i,"Cristóbal de Miranda, Relación de los oficios que se proveen en el Reino del Perú (1583) -- Ciudad de San Juan de la Frontera de los Chachapoyas y sus corregimientos (ed. Maúrtua 1906, Juicio de límites Perú-Bolivia, Prueba peruana T.1)",no,Cristóbal de Miranda (relación administrativa),Corr. los Pacllas - repartimiento de Xepelacio Conchuiaycetor (enc. Diego Camacho),85,item,indios tributarios,indios,151,ciento cincuenta y un yndios tributarios,1583,265,high,
H1.i,"Cristóbal de Miranda, Relación de los oficios que se proveen en el Reino del Perú (1583) -- Ciudad de San Juan de la Frontera de los Chachapoyas y sus corregimientos (ed. Maúrtua 1906, Juicio de límites Perú-Bolivia, Prueba peruana T.1)",no,Cristóbal de Miranda (relación administrativa),Corr. los Pacllas - repartimiento de Xepelacio Conchuiaycetor (enc. Diego Camacho),86,item,personas (población total),personas,439,cuatrocientas treinta y nueve personas,1583,265,high,
H1.i,"Cristóbal de Miranda, Relación de los oficios que se proveen en el Reino del Perú (1583) -- Ciudad de San Juan de la Frontera de los Chachapoyas y sus corregimientos (ed. Maúrtua 1906, Juicio de límites Perú-Bolivia, Prueba peruana T.1)",no,Cristóbal de Miranda (relación administrativa),Corr. los Pacllas - repartimiento de Xepelacio Conchuiaycetor (enc. Diego Camacho),87,item,pueblos de reducción,pueblos,2,reduzidos en dos pueblos,,265,high,
H1.i,"Cristóbal de Miranda, Relación de los oficios que se proveen en el Reino del Perú (1583) -- Ciudad de San Juan de la Frontera de los Chachapoyas y sus corregimientos (ed. Maúrtua 1906, Juicio de límites Perú-Bolivia, Prueba peruana T.1)",no,Cristóbal de Miranda (relación administrativa),Corr. los Pacllas - repartimiento de Nexaque y Cavisco (enc. Gonzalo de Alvarado),88,item,indios tributarios,indios,172,ciento setenta y dos yndios tributarios,1583,265,high,
H1.i,"Cristóbal de Miranda, Relación de los oficios que se proveen en el Reino del Perú (1583) -- Ciudad de San Juan de la Frontera de los Chachapoyas y sus corregimientos (ed. Maúrtua 1906, Juicio de límites Perú-Bolivia, Prueba peruana T.1)",no,Cristóbal de Miranda (relación administrativa),Corr. los Pacllas - repartimiento de Nexaque y Cavisco (enc. Gonzalo de Alvarado),89,item,personas (población total),personas,387,trescientas ochenta y siete personas,1583,265,high,
H1.i,"Cristóbal de Miranda, Relación de los oficios que se proveen en el Reino del Perú (1583) -- Ciudad de San Juan de la Frontera de los Chachapoyas y sus corregimientos (ed. Maúrtua 1906, Juicio de límites Perú-Bolivia, Prueba peruana T.1)",no,Cristóbal de Miranda (relación administrativa),Corr. los Pacllas - repartimiento de Nexaque y Cavisco (enc. Gonzalo de Alvarado),90,item,pueblos de reducción,pueblos,2,reduzidos en dos pueblos,,265,high,
H1.i,"Cristóbal de Miranda, Relación de los oficios que se proveen en el Reino del Perú (1583) -- Ciudad de San Juan de la Frontera de los Chachapoyas y sus corregimientos (ed. Maúrtua 1906, Juicio de límites Perú-Bolivia, Prueba peruana T.1)",no,Cristóbal de Miranda (relación administrativa),Corr. los Pacllas - repartimiento de Burçao (enc. Domingo Hernández Vidal),91,item,indios tributarios,indios,99,noventa y nueve yndios tributarios,1583,265,high,
H1.i,"Cristóbal de Miranda, Relación de los oficios que se proveen en el Reino del Perú (1583) -- Ciudad de San Juan de la Frontera de los Chachapoyas y sus corregimientos (ed. Maúrtua 1906, Juicio de límites Perú-Bolivia, Prueba peruana T.1)",no,Cristóbal de Miranda (relación administrativa),Corr. los Pacllas - repartimiento de Burçao (enc. Domingo Hernández Vidal),92,item,personas (población total),personas,445,cuatrocientas cuarenta y cinco personas,1583,265,high,
H1.i,"Cristóbal de Miranda, Relación de los oficios que se proveen en el Reino del Perú (1583) -- Ciudad de San Juan de la Frontera de los Chachapoyas y sus corregimientos (ed. Maúrtua 1906, Juicio de límites Perú-Bolivia, Prueba peruana T.1)",no,Cristóbal de Miranda (relación administrativa),Corr. los Pacllas - repartimiento de Burçao (enc. Domingo Hernández Vidal),93,item,pueblos de reducción,pueblos,1,reduzidos en un pueblo,,265,high,
H1.i,"Cristóbal de Miranda, Relación de los oficios que se proveen en el Reino del Perú (1583) -- Ciudad de San Juan de la Frontera de los Chachapoyas y sus corregimientos (ed. Maúrtua 1906, Juicio de límites Perú-Bolivia, Prueba peruana T.1)",no,Cristóbal de Miranda (relación administrativa),Corr. los Pacllas - repartimiento de Iranare (enc. Diego de Pineda),94,item,indios tributarios,indios,144,ciento cuarenta y cuatro yndios tributarios,1583,265,high,
H1.i,"Cristóbal de Miranda, Relación de los oficios que se proveen en el Reino del Perú (1583) -- Ciudad de San Juan de la Frontera de los Chachapoyas y sus corregimientos (ed. Maúrtua 1906, Juicio de límites Perú-Bolivia, Prueba peruana T.1)",no,Cristóbal de Miranda (relación administrativa),Corr. los Pacllas - repartimiento de Iranare (enc. Diego de Pineda),95,item,personas (población total),personas,373,trescientas setenta y tres personas,1583,265,high,
H1.i,"Cristóbal de Miranda, Relación de los oficios que se proveen en el Reino del Perú (1583) -- Ciudad de San Juan de la Frontera de los Chachapoyas y sus corregimientos (ed. Maúrtua 1906, Juicio de límites Perú-Bolivia, Prueba peruana T.1)",no,Cristóbal de Miranda (relación administrativa),Corr. los Pacllas - repartimiento de Iranare (enc. Diego de Pineda),96,item,pueblos de reducción,pueblos,1,reduzidos en un pueblo,,265,high,
H1.i,"Cristóbal de Miranda, Relación de los oficios que se proveen en el Reino del Perú (1583) -- Ciudad de San Juan de la Frontera de los Chachapoyas y sus corregimientos (ed. Maúrtua 1906, Juicio de límites Perú-Bolivia, Prueba peruana T.1)",no,Cristóbal de Miranda (relación administrativa),Corr. los Pacllas - repartimiento de Guasta y Galanga (enc. Fernando García Xaymes),97,item,indios tributarios,indios,174,ciento setenta y cuatro yndios tributarios,1583,265,high,
H1.i,"Cristóbal de Miranda, Relación de los oficios que se proveen en el Reino del Perú (1583) -- Ciudad de San Juan de la Frontera de los Chachapoyas y sus corregimientos (ed. Maúrtua 1906, Juicio de límites Perú-Bolivia, Prueba peruana T.1)",no,Cristóbal de Miranda (relación administrativa),Corr. los Pacllas - repartimiento de Guasta y Galanga (enc. Fernando García Xaymes),98,item,personas (población total),personas,490,cuatrocientas noventa personas,1583,265,high,
H1.i,"Cristóbal de Miranda, Relación de los oficios que se proveen en el Reino del Perú (1583) -- Ciudad de San Juan de la Frontera de los Chachapoyas y sus corregimientos (ed. Maúrtua 1906, Juicio de límites Perú-Bolivia, Prueba peruana T.1)",no,Cristóbal de Miranda (relación administrativa),Corr. los Pacllas - repartimiento de Guasta y Galanga (enc. Fernando García Xaymes),99,item,pueblos de reducción,pueblos,1,reduzidos en un pueblo (San Pedro y San Pablo),,265,high,
H1.i,"Cristóbal de Miranda, Relación de los oficios que se proveen en el Reino del Perú (1583) -- Ciudad de San Juan de la Frontera de los Chachapoyas y sus corregimientos (ed. Maúrtua 1906, Juicio de límites Perú-Bolivia, Prueba peruana T.1)",no,Cristóbal de Miranda (relación administrativa),Corr. los Pacllas - repartimiento de Tohe (enc. Melchor Guerra),100,item,indios tributarios,indios,108,ciento ocho yndios tributarios,1583,265,high,
H1.i,"Cristóbal de Miranda, Relación de los oficios que se proveen en el Reino del Perú (1583) -- Ciudad de San Juan de la Frontera de los Chachapoyas y sus corregimientos (ed. Maúrtua 1906, Juicio de límites Perú-Bolivia, Prueba peruana T.1)",no,Cristóbal de Miranda (relación administrativa),Corr. los Pacllas - repartimiento de Tohe (enc. Melchor Guerra),101,item,personas (población total),personas,374,trescientas setenta y cuatro personas,1583,265,high,
H1.i,"Cristóbal de Miranda, Relación de los oficios que se proveen en el Reino del Perú (1583) -- Ciudad de San Juan de la Frontera de los Chachapoyas y sus corregimientos (ed. Maúrtua 1906, Juicio de límites Perú-Bolivia, Prueba peruana T.1)",no,Cristóbal de Miranda (relación administrativa),Corr. los Pacllas - repartimiento de Tohe (enc. Melchor Guerra),102,item,pueblos de reducción,pueblos,1,reduzidos en un pueblo,,265,high,
H1.i,"Cristóbal de Miranda, Relación de los oficios que se proveen en el Reino del Perú (1583) -- Ciudad de San Juan de la Frontera de los Chachapoyas y sus corregimientos (ed. Maúrtua 1906, Juicio de límites Perú-Bolivia, Prueba peruana T.1)",no,Cristóbal de Miranda (relación administrativa),Corr. los Pacllas - repartimiento de [...] Contor (enc. Bernardino López),103,item,indios tributarios,indios,215,doscientos quince yndios tributarios,1583,266,high,"la edición de 1906 comienza p.266 con 'Contor, encomendado...' sin 'El rrepartimiento de' (posible omisión tipográfica); razón personas/tributarios 7.5, alta: verificar"
H1.i,"Cristóbal de Miranda, Relación de los oficios que se proveen en el Reino del Perú (1583) -- Ciudad de San Juan de la Frontera de los Chachapoyas y sus corregimientos (ed. Maúrtua 1906, Juicio de límites Perú-Bolivia, Prueba peruana T.1)",no,Cristóbal de Miranda (relación administrativa),Corr. los Pacllas - repartimiento de [...] Contor (enc. Bernardino López),104,item,personas (población total),personas,1610,mil seiscientas diez personas,1583,266,high,
H1.i,"Cristóbal de Miranda, Relación de los oficios que se proveen en el Reino del Perú (1583) -- Ciudad de San Juan de la Frontera de los Chachapoyas y sus corregimientos (ed. Maúrtua 1906, Juicio de límites Perú-Bolivia, Prueba peruana T.1)",no,Cristóbal de Miranda (relación administrativa),Corr. los Pacllas - repartimiento de [...] Contor (enc. Bernardino López),105,item,pueblos de reducción,pueblos,1,reduzidos en un pueblo (Badajoz),,266,high,
H1.i,"Cristóbal de Miranda, Relación de los oficios que se proveen en el Reino del Perú (1583) -- Ciudad de San Juan de la Frontera de los Chachapoyas y sus corregimientos (ed. Maúrtua 1906, Juicio de límites Perú-Bolivia, Prueba peruana T.1)",no,Cristóbal de Miranda (relación administrativa),Corr. los Pacllas - repartimiento de Chingatopa (enc. Antón Gómez Correa),106,item,indios tributarios,indios,104,ciento cuatro yndios tributarios,1583,266,high,
H1.i,"Cristóbal de Miranda, Relación de los oficios que se proveen en el Reino del Perú (1583) -- Ciudad de San Juan de la Frontera de los Chachapoyas y sus corregimientos (ed. Maúrtua 1906, Juicio de límites Perú-Bolivia, Prueba peruana T.1)",no,Cristóbal de Miranda (relación administrativa),Corr. los Pacllas - repartimiento de Chingatopa (enc. Antón Gómez Correa),107,item,personas (población total),personas,259,doscientas cincuenta y nueve personas,1583,266,high,
H1.i,"Cristóbal de Miranda, Relación de los oficios que se proveen en el Reino del Perú (1583) -- Ciudad de San Juan de la Frontera de los Chachapoyas y sus corregimientos (ed. Maúrtua 1906, Juicio de límites Perú-Bolivia, Prueba peruana T.1)",no,Cristóbal de Miranda (relación administrativa),Corr. los Pacllas - repartimiento de Chingatopa (enc. Antón Gómez Correa),108,item,pueblos de reducción,pueblos,1,reduzidos en un pueblo,,266,high,
H1.i,"Cristóbal de Miranda, Relación de los oficios que se proveen en el Reino del Perú (1583) -- Ciudad de San Juan de la Frontera de los Chachapoyas y sus corregimientos (ed. Maúrtua 1906, Juicio de límites Perú-Bolivia, Prueba peruana T.1)",no,Cristóbal de Miranda (relación administrativa),Corr. los Pacllas - repartimiento de Maçaco (enc. Diego Cavallero),109,item,indios tributarios,indios,95,noventa y cinco yndios tributarios,1583,266,high,
H1.i,"Cristóbal de Miranda, Relación de los oficios que se proveen en el Reino del Perú (1583) -- Ciudad de San Juan de la Frontera de los Chachapoyas y sus corregimientos (ed. Maúrtua 1906, Juicio de límites Perú-Bolivia, Prueba peruana T.1)",no,Cristóbal de Miranda (relación administrativa),Corr. los Pacllas - repartimiento de Maçaco (enc. Diego Cavallero),110,item,personas (población total),personas,216,doscientas diez y seis personas,1583,266,high,
H1.i,"Cristóbal de Miranda, Relación de los oficios que se proveen en el Reino del Perú (1583) -- Ciudad de San Juan de la Frontera de los Chachapoyas y sus corregimientos (ed. Maúrtua 1906, Juicio de límites Perú-Bolivia, Prueba peruana T.1)",no,Cristóbal de Miranda (relación administrativa),Corr. los Pacllas - repartimiento de Maçaco (enc. Diego Cavallero),111,item,pueblos de reducción,pueblos,2,"reduzidos en dos pueblos (Laucarpia, Guacitirayo)",,266,high,
H1.i,"Cristóbal de Miranda, Relación de los oficios que se proveen en el Reino del Perú (1583) -- Ciudad de San Juan de la Frontera de los Chachapoyas y sus corregimientos (ed. Maúrtua 1906, Juicio de límites Perú-Bolivia, Prueba peruana T.1)",no,Cristóbal de Miranda (relación administrativa),Corr. los Pacllas - repartimiento de Oromina (enc. Pedro de Bardales),112,item,indios tributarios,indios,66,sesenta y seis yndios tributarios,1583,266,high,
H1.i,"Cristóbal de Miranda, Relación de los oficios que se proveen en el Reino del Perú (1583) -- Ciudad de San Juan de la Frontera de los Chachapoyas y sus corregimientos (ed. Maúrtua 1906, Juicio de límites Perú-Bolivia, Prueba peruana T.1)",no,Cristóbal de Miranda (relación administrativa),Corr. los Pacllas - repartimiento de Oromina (enc. Pedro de Bardales),113,item,personas (población total),personas,191,ciento noventa y una personas,1583,266,high,
H1.i,"Cristóbal de Miranda, Relación de los oficios que se proveen en el Reino del Perú (1583) -- Ciudad de San Juan de la Frontera de los Chachapoyas y sus corregimientos (ed. Maúrtua 1906, Juicio de límites Perú-Bolivia, Prueba peruana T.1)",no,Cristóbal de Miranda (relación administrativa),Corr. los Pacllas - repartimiento de Oromina (enc. Pedro de Bardales),114,item,pueblos de reducción,pueblos,1,reduzidos en un pueblo,,266,high,
H1.i,"Cristóbal de Miranda, Relación de los oficios que se proveen en el Reino del Perú (1583) -- Ciudad de San Juan de la Frontera de los Chachapoyas y sus corregimientos (ed. Maúrtua 1906, Juicio de límites Perú-Bolivia, Prueba peruana T.1)",no,Cristóbal de Miranda (relación administrativa),Corregimiento de Luya y Chillao,115,item,salario del corregidor,pesos,600,seiscientos pesos de salario,,266,high,
H1.i,"Cristóbal de Miranda, Relación de los oficios que se proveen en el Reino del Perú (1583) -- Ciudad de San Juan de la Frontera de los Chachapoyas y sus corregimientos (ed. Maúrtua 1906, Juicio de límites Perú-Bolivia, Prueba peruana T.1)",no,Cristóbal de Miranda (relación administrativa),Corr. Luya y Chillao - repartimiento de la Xala (enc. Alonso de Chaves),116,item,indios tributarios,indios,355,trescientos cincuenta y cinco yndios tributarios,1583,266,high,
H1.i,"Cristóbal de Miranda, Relación de los oficios que se proveen en el Reino del Perú (1583) -- Ciudad de San Juan de la Frontera de los Chachapoyas y sus corregimientos (ed. Maúrtua 1906, Juicio de límites Perú-Bolivia, Prueba peruana T.1)",no,Cristóbal de Miranda (relación administrativa),Corr. Luya y Chillao - repartimiento de la Xala (enc. Alonso de Chaves),117,item,personas (población total),personas,1850,mil ochocientas cincuenta personas,1583,266,high,
H1.i,"Cristóbal de Miranda, Relación de los oficios que se proveen en el Reino del Perú (1583) -- Ciudad de San Juan de la Frontera de los Chachapoyas y sus corregimientos (ed. Maúrtua 1906, Juicio de límites Perú-Bolivia, Prueba peruana T.1)",no,Cristóbal de Miranda (relación administrativa),Corr. Luya y Chillao - repartimiento de la Xala (enc. Alonso de Chaves),118,item,pueblos de reducción,pueblos,3,"reduzidos en tres pueblos (Badajoz, San Cristóbal, la Magdalena)",,266,high,
H1.i,"Cristóbal de Miranda, Relación de los oficios que se proveen en el Reino del Perú (1583) -- Ciudad de San Juan de la Frontera de los Chachapoyas y sus corregimientos (ed. Maúrtua 1906, Juicio de límites Perú-Bolivia, Prueba peruana T.1)",no,Cristóbal de Miranda (relación administrativa),Corr. Luya y Chillao - repartimiento de Chachas y Mitimaes (enc. Joana Gallega),119,item,indios tributarios,indios,89,ochenta y nueve yndios tributarios,1583,266,high,
H1.i,"Cristóbal de Miranda, Relación de los oficios que se proveen en el Reino del Perú (1583) -- Ciudad de San Juan de la Frontera de los Chachapoyas y sus corregimientos (ed. Maúrtua 1906, Juicio de límites Perú-Bolivia, Prueba peruana T.1)",no,Cristóbal de Miranda (relación administrativa),Corr. Luya y Chillao - repartimiento de Chachas y Mitimaes (enc. Joana Gallega),120,item,personas (población total),personas,464,cuatrocientas sesenta y cuatro personas,1583,266,high,
H1.i,"Cristóbal de Miranda, Relación de los oficios que se proveen en el Reino del Perú (1583) -- Ciudad de San Juan de la Frontera de los Chachapoyas y sus corregimientos (ed. Maúrtua 1906, Juicio de límites Perú-Bolivia, Prueba peruana T.1)",no,Cristóbal de Miranda (relación administrativa),Corr. Luya y Chillao - repartimiento de Chachas y Mitimaes (enc. Joana Gallega),121,item,pueblos de reducción,pueblos,1,reduzidos en un pueblo (Levanto),,266,high,
H1.i,"Cristóbal de Miranda, Relación de los oficios que se proveen en el Reino del Perú (1583) -- Ciudad de San Juan de la Frontera de los Chachapoyas y sus corregimientos (ed. Maúrtua 1906, Juicio de límites Perú-Bolivia, Prueba peruana T.1)",no,Cristóbal de Miranda (relación administrativa),Corr. Luya y Chillao - repartimiento de Olea y Cheto (enc. Pedro de Vergarai),122,item,indios tributarios,indios,320,trescientos veinte yndios tributarios,1583,266,high,
H1.i,"Cristóbal de Miranda, Relación de los oficios que se proveen en el Reino del Perú (1583) -- Ciudad de San Juan de la Frontera de los Chachapoyas y sus corregimientos (ed. Maúrtua 1906, Juicio de límites Perú-Bolivia, Prueba peruana T.1)",no,Cristóbal de Miranda (relación administrativa),Corr. Luya y Chillao - repartimiento de Olea y Cheto (enc. Pedro de Vergarai),123,item,personas (población total),personas,1861,mil ochocientas sesenta y una personas,1583,266,high,
H1.i,"Cristóbal de Miranda, Relación de los oficios que se proveen en el Reino del Perú (1583) -- Ciudad de San Juan de la Frontera de los Chachapoyas y sus corregimientos (ed. Maúrtua 1906, Juicio de límites Perú-Bolivia, Prueba peruana T.1)",no,Cristóbal de Miranda (relación administrativa),Corr. Luya y Chillao - repartimiento de Olea y Cheto (enc. Pedro de Vergarai),124,item,pueblos de reducción,pueblos,2,reduzidos en dos pueblos,,266,high,
H1.i,"Cristóbal de Miranda, Relación de los oficios que se proveen en el Reino del Perú (1583) -- Ciudad de San Juan de la Frontera de los Chachapoyas y sus corregimientos (ed. Maúrtua 1906, Juicio de límites Perú-Bolivia, Prueba peruana T.1)",no,Cristóbal de Miranda (relación administrativa),"Corr. Luya y Chillao - repartimiento de Timal, Colcamal y Allaucán (enc. Joán de Pinedo)",125,item,indios tributarios,indios,161,ciento sesenta y un yndios tributarios,1583,266,high,
H1.i,"Cristóbal de Miranda, Relación de los oficios que se proveen en el Reino del Perú (1583) -- Ciudad de San Juan de la Frontera de los Chachapoyas y sus corregimientos (ed. Maúrtua 1906, Juicio de límites Perú-Bolivia, Prueba peruana T.1)",no,Cristóbal de Miranda (relación administrativa),"Corr. Luya y Chillao - repartimiento de Timal, Colcamal y Allaucán (enc. Joán de Pinedo)",126,item,personas (población total),personas,803,ochocientas tres personas,1583,266,high,
H1.i,"Cristóbal de Miranda, Relación de los oficios que se proveen en el Reino del Perú (1583) -- Ciudad de San Juan de la Frontera de los Chachapoyas y sus corregimientos (ed. Maúrtua 1906, Juicio de límites Perú-Bolivia, Prueba peruana T.1)",no,Cristóbal de Miranda (relación administrativa),"Corr. Luya y Chillao - repartimiento de Timal, Colcamal y Allaucán (enc. Joán de Pinedo)",127,item,pueblos de reducción,pueblos,2,"reduzidos en dos pueblos (San Pedro de Timal, San Cristóbal de Colcamal)",,266,high,
H1.i,"Cristóbal de Miranda, Relación de los oficios que se proveen en el Reino del Perú (1583) -- Ciudad de San Juan de la Frontera de los Chachapoyas y sus corregimientos (ed. Maúrtua 1906, Juicio de límites Perú-Bolivia, Prueba peruana T.1)",no,Cristóbal de Miranda (relación administrativa),Corr. Luya y Chillao - repartimiento de Luyaconilap (sic) (enc. Inés Nieto),128,item,indios tributarios,indios,137,ciento treinta y siete yndios tributarios,1583,267,high,
H1.i,"Cristóbal de Miranda, Relación de los oficios que se proveen en el Reino del Perú (1583) -- Ciudad de San Juan de la Frontera de los Chachapoyas y sus corregimientos (ed. Maúrtua 1906, Juicio de límites Perú-Bolivia, Prueba peruana T.1)",no,Cristóbal de Miranda (relación administrativa),Corr. Luya y Chillao - repartimiento de Luyaconilap (sic) (enc. Inés Nieto),129,item,personas (población total),personas,620,seiscientas veinte personas,1583,267,high,
H1.i,"Cristóbal de Miranda, Relación de los oficios que se proveen en el Reino del Perú (1583) -- Ciudad de San Juan de la Frontera de los Chachapoyas y sus corregimientos (ed. Maúrtua 1906, Juicio de límites Perú-Bolivia, Prueba peruana T.1)",no,Cristóbal de Miranda (relación administrativa),Corr. Luya y Chillao - repartimiento de Luyaconilap (sic) (enc. Inés Nieto),130,item,pueblos de reducción,pueblos,1,reduzidos en un pueblo (San Antonio),,267,high,
H1.i,"Cristóbal de Miranda, Relación de los oficios que se proveen en el Reino del Perú (1583) -- Ciudad de San Juan de la Frontera de los Chachapoyas y sus corregimientos (ed. Maúrtua 1906, Juicio de límites Perú-Bolivia, Prueba peruana T.1)",no,Cristóbal de Miranda (relación administrativa),Corr. Luya y Chillao - repartimiento de Luya (enc. Melchor Ruiz),131,item,indios tributarios,indios,185,ciento ochenta y cinco yndios tributarios,1583,267,high,
H1.i,"Cristóbal de Miranda, Relación de los oficios que se proveen en el Reino del Perú (1583) -- Ciudad de San Juan de la Frontera de los Chachapoyas y sus corregimientos (ed. Maúrtua 1906, Juicio de límites Perú-Bolivia, Prueba peruana T.1)",no,Cristóbal de Miranda (relación administrativa),Corr. Luya y Chillao - repartimiento de Luya (enc. Melchor Ruiz),132,item,personas (población total),personas,1004,mil cuatro personas,1583,267,high,
H1.i,"Cristóbal de Miranda, Relación de los oficios que se proveen en el Reino del Perú (1583) -- Ciudad de San Juan de la Frontera de los Chachapoyas y sus corregimientos (ed. Maúrtua 1906, Juicio de límites Perú-Bolivia, Prueba peruana T.1)",no,Cristóbal de Miranda (relación administrativa),Corr. Luya y Chillao - repartimiento de Luya (enc. Melchor Ruiz),133,item,pueblos de reducción,pueblos,2,"reduzidos en dos pueblos (Patato, Luya)",,267,high,
H1.i,"Cristóbal de Miranda, Relación de los oficios que se proveen en el Reino del Perú (1583) -- Ciudad de San Juan de la Frontera de los Chachapoyas y sus corregimientos (ed. Maúrtua 1906, Juicio de límites Perú-Bolivia, Prueba peruana T.1)",no,Cristóbal de Miranda (relación administrativa),Corr. Luya y Chillao - repartimiento de Cusmal y Questancho (enc. Pero Ximénez),134,item,indios tributarios,indios,361,trescientos sesenta y un yndios tributarios,1583,267,high,
H1.i,"Cristóbal de Miranda, Relación de los oficios que se proveen en el Reino del Perú (1583) -- Ciudad de San Juan de la Frontera de los Chachapoyas y sus corregimientos (ed. Maúrtua 1906, Juicio de límites Perú-Bolivia, Prueba peruana T.1)",no,Cristóbal de Miranda (relación administrativa),Corr. Luya y Chillao - repartimiento de Cusmal y Questancho (enc. Pero Ximénez),135,item,personas (población total),personas,1766,mil setecientas sesenta y seis personas,1583,267,high,
H1.i,"Cristóbal de Miranda, Relación de los oficios que se proveen en el Reino del Perú (1583) -- Ciudad de San Juan de la Frontera de los Chachapoyas y sus corregimientos (ed. Maúrtua 1906, Juicio de límites Perú-Bolivia, Prueba peruana T.1)",no,Cristóbal de Miranda (relación administrativa),Corr. Luya y Chillao - repartimiento de Cusmal y Questancho (enc. Pero Ximénez),136,item,pueblos de reducción,pueblos,2,"reduzidos en dos pueblos (San Miguel, Machayalcho)",,267,high,
H1.i,"Cristóbal de Miranda, Relación de los oficios que se proveen en el Reino del Perú (1583) -- Ciudad de San Juan de la Frontera de los Chachapoyas y sus corregimientos (ed. Maúrtua 1906, Juicio de límites Perú-Bolivia, Prueba peruana T.1)",no,Cristóbal de Miranda (relación administrativa),Corr. Luya y Chillao - repartimiento de Susuya (enc. Joán Baptista Nano),137,item,indios tributarios,indios,25,veinte y cinco yndios tributarios,1583,267,high,
H1.i,"Cristóbal de Miranda, Relación de los oficios que se proveen en el Reino del Perú (1583) -- Ciudad de San Juan de la Frontera de los Chachapoyas y sus corregimientos (ed. Maúrtua 1906, Juicio de límites Perú-Bolivia, Prueba peruana T.1)",no,Cristóbal de Miranda (relación administrativa),Corr. Luya y Chillao - repartimiento de Susuya (enc. Joán Baptista Nano),138,item,personas (población total),personas,98,noventa y ocho personas,1583,267,high,
H1.i,"Cristóbal de Miranda, Relación de los oficios que se proveen en el Reino del Perú (1583) -- Ciudad de San Juan de la Frontera de los Chachapoyas y sus corregimientos (ed. Maúrtua 1906, Juicio de límites Perú-Bolivia, Prueba peruana T.1)",no,Cristóbal de Miranda (relación administrativa),Corr. Luya y Chillao - repartimiento de Susuya (enc. Joán Baptista Nano),139,item,pueblos de reducción,pueblos,1,reduzidos en un pueblo,,267,high,
H1.i,"Cristóbal de Miranda, Relación de los oficios que se proveen en el Reino del Perú (1583) -- Ciudad de San Juan de la Frontera de los Chachapoyas y sus corregimientos (ed. Maúrtua 1906, Juicio de límites Perú-Bolivia, Prueba peruana T.1)",no,Cristóbal de Miranda (relación administrativa),Corr. Luya y Chillao - repartimiento de Timorbamba (enc. Joán de Rojas),140,item,indios tributarios,indios,329,trescientos veinte y nueve yndios tributarios,1583,267,high,"razón personas/tributarios 2.2, baja pero confirmada en la imagen"
H1.i,"Cristóbal de Miranda, Relación de los oficios que se proveen en el Reino del Perú (1583) -- Ciudad de San Juan de la Frontera de los Chachapoyas y sus corregimientos (ed. Maúrtua 1906, Juicio de límites Perú-Bolivia, Prueba peruana T.1)",no,Cristóbal de Miranda (relación administrativa),Corr. Luya y Chillao - repartimiento de Timorbamba (enc. Joán de Rojas),141,item,personas (población total),personas,719,setecientas diez y nueve personas,1583,267,high,
H1.i,"Cristóbal de Miranda, Relación de los oficios que se proveen en el Reino del Perú (1583) -- Ciudad de San Juan de la Frontera de los Chachapoyas y sus corregimientos (ed. Maúrtua 1906, Juicio de límites Perú-Bolivia, Prueba peruana T.1)",no,Cristóbal de Miranda (relación administrativa),Corr. Luya y Chillao - repartimiento de Timorbamba (enc. Joán de Rojas),142,item,pueblos de reducción,pueblos,3,"reduzidos en tres pueblos (Sant Joán, Cherión, Santiago del Agua)",,267,high,
H1.i,"Cristóbal de Miranda, Relación de los oficios que se proveen en el Reino del Perú (1583) -- Ciudad de San Juan de la Frontera de los Chachapoyas y sus corregimientos (ed. Maúrtua 1906, Juicio de límites Perú-Bolivia, Prueba peruana T.1)",no,Cristóbal de Miranda (relación administrativa),Corr. Luya y Chillao - repartimiento de Longuía y Yamón (enc. Joán de Fuentes),143,item,indios tributarios,indios,226,doscientos veinte y seis yndios tributarios,1583,267,high,
H1.i,"Cristóbal de Miranda, Relación de los oficios que se proveen en el Reino del Perú (1583) -- Ciudad de San Juan de la Frontera de los Chachapoyas y sus corregimientos (ed. Maúrtua 1906, Juicio de límites Perú-Bolivia, Prueba peruana T.1)",no,Cristóbal de Miranda (relación administrativa),Corr. Luya y Chillao - repartimiento de Longuía y Yamón (enc. Joán de Fuentes),144,item,personas (población total),personas,1043,mil cuarenta y tres personas,1583,267,high,
H1.i,"Cristóbal de Miranda, Relación de los oficios que se proveen en el Reino del Perú (1583) -- Ciudad de San Juan de la Frontera de los Chachapoyas y sus corregimientos (ed. Maúrtua 1906, Juicio de límites Perú-Bolivia, Prueba peruana T.1)",no,Cristóbal de Miranda (relación administrativa),Corr. Luya y Chillao - repartimiento de Longuía y Yamón (enc. Joán de Fuentes),145,item,pueblos de reducción,pueblos,2,"reduzidos en dos pueblos (Santiago de Yamón, Longuía)",,267,high,
H1.i,"Cristóbal de Miranda, Relación de los oficios que se proveen en el Reino del Perú (1583) -- Ciudad de San Juan de la Frontera de los Chachapoyas y sus corregimientos (ed. Maúrtua 1906, Juicio de límites Perú-Bolivia, Prueba peruana T.1)",no,Cristóbal de Miranda (relación administrativa),Corr. Luya y Chillao - repartimiento de Tuamacho y Colquimangla (enc. Doña Catalina de Fuentes),146,item,indios tributarios,indios,193,ciento noventa y tres yndios tributarios,1583,267,high,
H1.i,"Cristóbal de Miranda, Relación de los oficios que se proveen en el Reino del Perú (1583) -- Ciudad de San Juan de la Frontera de los Chachapoyas y sus corregimientos (ed. Maúrtua 1906, Juicio de límites Perú-Bolivia, Prueba peruana T.1)",no,Cristóbal de Miranda (relación administrativa),Corr. Luya y Chillao - repartimiento de Tuamacho y Colquimangla (enc. Doña Catalina de Fuentes),147,item,personas (población total),personas,780,setecientas ochenta personas,1583,267,high,
H1.i,"Cristóbal de Miranda, Relación de los oficios que se proveen en el Reino del Perú (1583) -- Ciudad de San Juan de la Frontera de los Chachapoyas y sus corregimientos (ed. Maúrtua 1906, Juicio de límites Perú-Bolivia, Prueba peruana T.1)",no,Cristóbal de Miranda (relación administrativa),Corr. Luya y Chillao - repartimiento de Tuamacho y Colquimangla (enc. Doña Catalina de Fuentes),148,item,pueblos de reducción,pueblos,1,reduzidos en un pueblo,,267,high,
H1.i,"Cristóbal de Miranda, Relación de los oficios que se proveen en el Reino del Perú (1583) -- Ciudad de San Juan de la Frontera de los Chachapoyas y sus corregimientos (ed. Maúrtua 1906, Juicio de límites Perú-Bolivia, Prueba peruana T.1)",no,Cristóbal de Miranda (relación administrativa),Corr. Luya y Chillao - repartimiento de Bagua (enc. Joán Díaz Carvallo),149,item,indios tributarios,indios,39,treinta y nueve yndios tributarios,1583,267,high,
H1.i,"Cristóbal de Miranda, Relación de los oficios que se proveen en el Reino del Perú (1583) -- Ciudad de San Juan de la Frontera de los Chachapoyas y sus corregimientos (ed. Maúrtua 1906, Juicio de límites Perú-Bolivia, Prueba peruana T.1)",no,Cristóbal de Miranda (relación administrativa),Corr. Luya y Chillao - repartimiento de Bagua (enc. Joán Díaz Carvallo),150,item,personas (población total),personas,128,ciento veinte y ocho personas,1583,267,high,
H1.i,"Cristóbal de Miranda, Relación de los oficios que se proveen en el Reino del Perú (1583) -- Ciudad de San Juan de la Frontera de los Chachapoyas y sus corregimientos (ed. Maúrtua 1906, Juicio de límites Perú-Bolivia, Prueba peruana T.1)",no,Cristóbal de Miranda (relación administrativa),Corr. Luya y Chillao - repartimiento de Bagua (enc. Joán Díaz Carvallo),151,item,pueblos de reducción,pueblos,1,reduzidos en un pueblo,,267,high,
H1.i,"Cristóbal de Miranda, Relación de los oficios que se proveen en el Reino del Perú (1583) -- Ciudad de San Juan de la Frontera de los Chachapoyas y sus corregimientos (ed. Maúrtua 1906, Juicio de límites Perú-Bolivia, Prueba peruana T.1)",no,Cristóbal de Miranda (relación administrativa),Corr. Luya y Chillao - repartimiento de Honda (Leonardo Muñoz) y Chisgo (Pedro Gómez Freyle) (enc. Leonardo Muñoz / Pedro Gómez Freyle),152,item,indios tributarios,indios,105,ciento cinco yndios tributarios,1583,267,high,entrada continúa en p.268
H1.i,"Cristóbal de Miranda, Relación de los oficios que se proveen en el Reino del Perú (1583) -- Ciudad de San Juan de la Frontera de los Chachapoyas y sus corregimientos (ed. Maúrtua 1906, Juicio de límites Perú-Bolivia, Prueba peruana T.1)",no,Cristóbal de Miranda (relación administrativa),Corr. Luya y Chillao - repartimiento de Honda (Leonardo Muñoz) y Chisgo (Pedro Gómez Freyle) (enc. Leonardo Muñoz / Pedro Gómez Freyle),153,item,personas (población total),personas,491,cuatrocientas noventa y una personas,1583,267,high,
H1.i,"Cristóbal de Miranda, Relación de los oficios que se proveen en el Reino del Perú (1583) -- Ciudad de San Juan de la Frontera de los Chachapoyas y sus corregimientos (ed. Maúrtua 1906, Juicio de límites Perú-Bolivia, Prueba peruana T.1)",no,Cristóbal de Miranda (relación administrativa),Corr. Luya y Chillao - repartimiento de Honda (Leonardo Muñoz) y Chisgo (Pedro Gómez Freyle) (enc. Leonardo Muñoz / Pedro Gómez Freyle),154,item,pueblos de reducción,pueblos,2,"reduzidos en dos pueblos (Santa María de Nieva, San Cristóval de Chotón)",,267,high,
H1.i,"Cristóbal de Miranda, Relación de los oficios que se proveen en el Reino del Perú (1583) -- Ciudad de San Juan de la Frontera de los Chachapoyas y sus corregimientos (ed. Maúrtua 1906, Juicio de límites Perú-Bolivia, Prueba peruana T.1)",no,Cristóbal de Miranda (relación administrativa),Corr. Luya y Chillao - indios de Ortuño de Vergaray reducidos en San Cristóval (de vista),155,item,indios tributarios,indios,41,cuarenta y un yndios tributarios,reducidos en San Cristóval de Chotón,268,high,
H1.i,"Cristóbal de Miranda, Relación de los oficios que se proveen en el Reino del Perú (1583) -- Ciudad de San Juan de la Frontera de los Chachapoyas y sus corregimientos (ed. Maúrtua 1906, Juicio de límites Perú-Bolivia, Prueba peruana T.1)",no,Cristóbal de Miranda (relación administrativa),Corr. Luya y Chillao - indios de Ortuño de Vergaray reducidos en San Cristóval (de vista),156,item,personas (población total),personas,187,ciento ochenta y siete personas de vista,,268,high,'de vista' en el texto
H1.i,"Cristóbal de Miranda, Relación de los oficios que se proveen en el Reino del Perú (1583) -- Ciudad de San Juan de la Frontera de los Chachapoyas y sus corregimientos (ed. Maúrtua 1906, Juicio de límites Perú-Bolivia, Prueba peruana T.1)",no,Cristóbal de Miranda (relación administrativa),Corr. Luya y Chillao - repartimiento de Choco (Alejos de Medina) y Comacocha (Joan de Pineda) (enc. Alejos de Medina / Joan de Pineda),157,item,indios tributarios,indios,356,trescientos cincuenta y seis yndios tributarios,1583,268,high,parte de los de Choco reducidos en San Cristóval
H1.i,"Cristóbal de Miranda, Relación de los oficios que se proveen en el Reino del Perú (1583) -- Ciudad de San Juan de la Frontera de los Chachapoyas y sus corregimientos (ed. Maúrtua 1906, Juicio de límites Perú-Bolivia, Prueba peruana T.1)",no,Cristóbal de Miranda (relación administrativa),Corr. Luya y Chillao - repartimiento de Choco (Alejos de Medina) y Comacocha (Joan de Pineda) (enc. Alejos de Medina / Joan de Pineda),158,item,personas (población total),personas,1501,mil quinientas una personas,1583,268,high,
H1.i,"Cristóbal de Miranda, Relación de los oficios que se proveen en el Reino del Perú (1583) -- Ciudad de San Juan de la Frontera de los Chachapoyas y sus corregimientos (ed. Maúrtua 1906, Juicio de límites Perú-Bolivia, Prueba peruana T.1)",no,Cristóbal de Miranda (relación administrativa),Corr. Luya y Chillao - repartimiento de Choco (Alejos de Medina) y Comacocha (Joan de Pineda) (enc. Alejos de Medina / Joan de Pineda),159,item,pueblos de reducción,pueblos,2,"reduzidos en dos pueblos (San Francisco de Xonta, San Francisco de Comacocha)",,268,high,
H1.i,"Cristóbal de Miranda, Relación de los oficios que se proveen en el Reino del Perú (1583) -- Ciudad de San Juan de la Frontera de los Chachapoyas y sus corregimientos (ed. Maúrtua 1906, Juicio de límites Perú-Bolivia, Prueba peruana T.1)",no,Cristóbal de Miranda (relación administrativa),Corr. Luya y Chillao - repartimiento de Chúpate (enc. Alonso de Chaves),160,item,indios tributarios,indios,173,ciento setenta y tres yndios tributarios,1583,268,high,
H1.i,"Cristóbal de Miranda, Relación de los oficios que se proveen en el Reino del Perú (1583) -- Ciudad de San Juan de la Frontera de los Chachapoyas y sus corregimientos (ed. Maúrtua 1906, Juicio de límites Perú-Bolivia, Prueba peruana T.1)",no,Cristóbal de Miranda (relación administrativa),Corr. Luya y Chillao - repartimiento de Chúpate (enc. Alonso de Chaves),161,item,personas (población total),personas,821,ochocientas veinte y una personas,1583,268,high,
H1.i,"Cristóbal de Miranda, Relación de los oficios que se proveen en el Reino del Perú (1583) -- Ciudad de San Juan de la Frontera de los Chachapoyas y sus corregimientos (ed. Maúrtua 1906, Juicio de límites Perú-Bolivia, Prueba peruana T.1)",no,Cristóbal de Miranda (relación administrativa),Corr. Luya y Chillao - repartimiento de Chúpate (enc. Alonso de Chaves),162,item,pueblos de reducción,pueblos,1,reduzidos en un pueblo (San Pedro),,268,high,
H1.i,"Cristóbal de Miranda, Relación de los oficios que se proveen en el Reino del Perú (1583) -- Ciudad de San Juan de la Frontera de los Chachapoyas y sus corregimientos (ed. Maúrtua 1906, Juicio de límites Perú-Bolivia, Prueba peruana T.1)",no,Cristóbal de Miranda (relación administrativa),Corr. Luya y Chillao - repartimiento de Pomacocha (enc. Pero Gómez Freyle),163,item,indios tributarios,indios,159,ciento cincuenta y nueve yndios tributarios,1583,268,high,
H1.i,"Cristóbal de Miranda, Relación de los oficios que se proveen en el Reino del Perú (1583) -- Ciudad de San Juan de la Frontera de los Chachapoyas y sus corregimientos (ed. Maúrtua 1906, Juicio de límites Perú-Bolivia, Prueba peruana T.1)",no,Cristóbal de Miranda (relación administrativa),Corr. Luya y Chillao - repartimiento de Pomacocha (enc. Pero Gómez Freyle),164,item,personas (población total),personas,883,ochocientas ochenta y tres personas,1583,268,high,
H1.i,"Cristóbal de Miranda, Relación de los oficios que se proveen en el Reino del Perú (1583) -- Ciudad de San Juan de la Frontera de los Chachapoyas y sus corregimientos (ed. Maúrtua 1906, Juicio de límites Perú-Bolivia, Prueba peruana T.1)",no,Cristóbal de Miranda (relación administrativa),Corr. Luya y Chillao - repartimiento de Pomacocha (enc. Pero Gómez Freyle),165,item,pueblos de reducción,pueblos,1,reduzidos en un pueblo,,268,high,
H1.i,"Cristóbal de Miranda, Relación de los oficios que se proveen en el Reino del Perú (1583) -- Ciudad de San Juan de la Frontera de los Chachapoyas y sus corregimientos (ed. Maúrtua 1906, Juicio de límites Perú-Bolivia, Prueba peruana T.1)",no,Cristóbal de Miranda (relación administrativa),Corr. Luya y Chillao - repartimiento de Trapollo (enc. Luis Valera),166,item,indios tributarios,indios,153,ciento y cincuenta y tres yndios tributarios,1583,268,high,
H1.i,"Cristóbal de Miranda, Relación de los oficios que se proveen en el Reino del Perú (1583) -- Ciudad de San Juan de la Frontera de los Chachapoyas y sus corregimientos (ed. Maúrtua 1906, Juicio de límites Perú-Bolivia, Prueba peruana T.1)",no,Cristóbal de Miranda (relación administrativa),Corr. Luya y Chillao - repartimiento de Trapollo (enc. Luis Valera),167,item,personas (población total),personas,929,novecientas veinte y nueve personas,1583,268,high,
H1.i,"Cristóbal de Miranda, Relación de los oficios que se proveen en el Reino del Perú (1583) -- Ciudad de San Juan de la Frontera de los Chachapoyas y sus corregimientos (ed. Maúrtua 1906, Juicio de límites Perú-Bolivia, Prueba peruana T.1)",no,Cristóbal de Miranda (relación administrativa),Corr. Luya y Chillao - repartimiento de Trapollo (enc. Luis Valera),168,item,pueblos de reducción,pueblos,2,"reduzidos en dos pueblos (Sant Andrés, Santo Tomás)",,268,high,
H1.i,"Cristóbal de Miranda, Relación de los oficios que se proveen en el Reino del Perú (1583) -- Ciudad de San Juan de la Frontera de los Chachapoyas y sus corregimientos (ed. Maúrtua 1906, Juicio de límites Perú-Bolivia, Prueba peruana T.1)",no,Cristóbal de Miranda (relación administrativa),Corr. Luya y Chillao - repartimiento de Checta (enc. García de Torres),169,item,indios tributarios,indios,261,doscientos sesenta y un yndios tributarios,1583,268,high,
H1.i,"Cristóbal de Miranda, Relación de los oficios que se proveen en el Reino del Perú (1583) -- Ciudad de San Juan de la Frontera de los Chachapoyas y sus corregimientos (ed. Maúrtua 1906, Juicio de límites Perú-Bolivia, Prueba peruana T.1)",no,Cristóbal de Miranda (relación administrativa),Corr. Luya y Chillao - repartimiento de Checta (enc. García de Torres),170,item,personas (población total),personas,842,ochocientas cuarenta y dos personas,1583,268,high,
H1.i,"Cristóbal de Miranda, Relación de los oficios que se proveen en el Reino del Perú (1583) -- Ciudad de San Juan de la Frontera de los Chachapoyas y sus corregimientos (ed. Maúrtua 1906, Juicio de límites Perú-Bolivia, Prueba peruana T.1)",no,Cristóbal de Miranda (relación administrativa),Corr. Luya y Chillao - repartimiento de Checta (enc. García de Torres),171,item,pueblos de reducción,pueblos,2,"reduzidos en dos pueblos (Checta, Timorbamba)",,268,high,
H1.i,"Cristóbal de Miranda, Relación de los oficios que se proveen en el Reino del Perú (1583) -- Ciudad de San Juan de la Frontera de los Chachapoyas y sus corregimientos (ed. Maúrtua 1906, Juicio de límites Perú-Bolivia, Prueba peruana T.1)",no,Cristóbal de Miranda (relación administrativa),Corr. Luya y Chillao - repartimiento de los Guaneas [=Guancas] (enc. Don Francisco de Guevara),172,item,indios tributarios,indios,52,cincuenta y dos yndios tributarios,1583,268,high,"impreso 'Guaneas'; mitimaes Guancas del señorío de Guamán (Leymebamba-Cochabamba), mismo encomendero Guevara; cf. H1.j"
H1.i,"Cristóbal de Miranda, Relación de los oficios que se proveen en el Reino del Perú (1583) -- Ciudad de San Juan de la Frontera de los Chachapoyas y sus corregimientos (ed. Maúrtua 1906, Juicio de límites Perú-Bolivia, Prueba peruana T.1)",no,Cristóbal de Miranda (relación administrativa),Corr. Luya y Chillao - repartimiento de los Guaneas [=Guancas] (enc. Don Francisco de Guevara),173,item,personas (población total),personas,276,doscientas setenta y seis personas,1583,268,high,
H1.i,"Cristóbal de Miranda, Relación de los oficios que se proveen en el Reino del Perú (1583) -- Ciudad de San Juan de la Frontera de los Chachapoyas y sus corregimientos (ed. Maúrtua 1906, Juicio de límites Perú-Bolivia, Prueba peruana T.1)",no,Cristóbal de Miranda (relación administrativa),Corr. Luya y Chillao - repartimiento de los Guaneas [=Guancas] (enc. Don Francisco de Guevara),174,item,pueblos de reducción,pueblos,1,reduzidos en un pueblo del mismo nombre,,268,high,
H1.j,"Renta situada y consignada para la paga de la guarda de a pie de los virreyes: Cibdad de los Chachapoias (relación del estado de la Real Audiencia de Los Reyes, virrey García Hurtado de Mendoza, c.1590-1596; CODOIN Archivo de Indias T.8, 1867, pp.392-404)",no,,Cibdad de los Chachapoias - repartimiento de Cochabamba y Laymebamba,1,item,renta en plata ensayada (un año con otro),pesos ensayados,508,quinientos y ocho pesos de plata ensayada / 508,"repartimiento de Cochabamba y Laymebamba, puesto en la Corona Real para la guarda de a pie",402,high,
H1.j,"Renta situada y consignada para la paga de la guarda de a pie de los virreyes: Cibdad de los Chachapoias (relación del estado de la Real Audiencia de Los Reyes, virrey García Hurtado de Mendoza, c.1590-1596; CODOIN Archivo de Indias T.8, 1867, pp.392-404)",no,,Cibdad de los Chachapoias - repartimiento de Cochabamba y Laymebamba,2,item,trigo y maíz (Leimebamba),fanegas,81,ochenta y una fanegas de trigo y maiz,da y renta más este repartimiento de Leimebamba,402,high,
H1.j,"Renta situada y consignada para la paga de la guarda de a pie de los virreyes: Cibdad de los Chachapoias (relación del estado de la Real Audiencia de Los Reyes, virrey García Hurtado de Mendoza, c.1590-1596; CODOIN Archivo de Indias T.8, 1867, pp.392-404)",no,,Cibdad de los Chachapoias - repartimiento de Cochabamba y Laymebamba,3,item,precio por fanega,reales corrientes,5,á cinco reales corrientes fanega,,402,high,
H1.j,"Renta situada y consignada para la paga de la guarda de a pie de los virreyes: Cibdad de los Chachapoias (relación del estado de la Real Audiencia de Los Reyes, virrey García Hurtado de Mendoza, c.1590-1596; CODOIN Archivo de Indias T.8, 1867, pp.392-404)",no,,Cibdad de los Chachapoias - repartimiento de Cochabamba y Laymebamba,4,item,valor de venta de las 81 fanegas,pesos corrientes,45,"cuarenta y cinco pesos corrientes, quitas costas / 45",81×5 reales = 50 p 5 r; el texto da 45 netos de costas,402,high,
H1.j,"Renta situada y consignada para la paga de la guarda de a pie de los virreyes: Cibdad de los Chachapoias (relación del estado de la Real Audiencia de Los Reyes, virrey García Hurtado de Mendoza, c.1590-1596; CODOIN Archivo de Indias T.8, 1867, pp.392-404)",no,,Cibdad de los Chachapoias - pueblo de los Guancas,5,item,renta en plata ensayada,pesos ensayados,10.375,diez pesos y tres tomines / 10 3,10 pesos 3 tomines,402,high,
H1.j,"Renta situada y consignada para la paga de la guarda de a pie de los virreyes: Cibdad de los Chachapoias (relación del estado de la Real Audiencia de Los Reyes, virrey García Hurtado de Mendoza, c.1590-1596; CODOIN Archivo de Indias T.8, 1867, pp.392-404)",no,,Cibdad de los Chachapoias - pueblo de los Guancas,6,item,maíz y trigo por mitad,fanegas,40,cuarenta fanegas,,402,high,
H1.j,"Renta situada y consignada para la paga de la guarda de a pie de los virreyes: Cibdad de los Chachapoias (relación del estado de la Real Audiencia de Los Reyes, virrey García Hurtado de Mendoza, c.1590-1596; CODOIN Archivo de Indias T.8, 1867, pp.392-404)",no,,Cibdad de los Chachapoias - pueblo de los Guancas,7,item,precio por fanega,reales,14,á catorce reales fanega,,402,high,
H1.j,"Renta situada y consignada para la paga de la guarda de a pie de los virreyes: Cibdad de los Chachapoias (relación del estado de la Real Audiencia de Los Reyes, virrey García Hurtado de Mendoza, c.1590-1596; CODOIN Archivo de Indias T.8, 1867, pp.392-404)",no,,Cibdad de los Chachapoias - pueblo de los Guancas,8,item,aves,aves,12,doce aves á real,,402,high,
H1.j,"Renta situada y consignada para la paga de la guarda de a pie de los virreyes: Cibdad de los Chachapoias (relación del estado de la Real Audiencia de Los Reyes, virrey García Hurtado de Mendoza, c.1590-1596; CODOIN Archivo de Indias T.8, 1867, pp.392-404)",no,,Cibdad de los Chachapoias - pueblo de los Guancas,9,item,precio por ave,reales,1,á real,,402,high,
H1.j,"Renta situada y consignada para la paga de la guarda de a pie de los virreyes: Cibdad de los Chachapoias (relación del estado de la Real Audiencia de Los Reyes, virrey García Hurtado de Mendoza, c.1590-1596; CODOIN Archivo de Indias T.8, 1867, pp.392-404)",no,,Cibdad de los Chachapoias - pueblo de los Guancas,10,item,valor de venta (fanegas + aves),pesos corrientes,45.125,cuarenta y cinco pesos y un real corrientes / 45 1,45 p 1 real; 40×14 r + 12 r no cuadra (=71 p 4 r): posible error en precio o valor,402,medium,inconsistencia aritmética interna
H1.j,"Renta situada y consignada para la paga de la guarda de a pie de los virreyes: Cibdad de los Chachapoias (relación del estado de la Real Audiencia de Los Reyes, virrey García Hurtado de Mendoza, c.1590-1596; CODOIN Archivo de Indias T.8, 1867, pp.392-404)",no,,Cibdad de los Chachapoias - pueblos de Chilchos y Luia,11,item,piezas de ropa,piezas,19,diez y nueve piezas de ropa,los indios de los pueblos de Chilchos y Luia,402,high,
H1.j,"Renta situada y consignada para la paga de la guarda de a pie de los virreyes: Cibdad de los Chachapoias (relación del estado de la Real Audiencia de Los Reyes, virrey García Hurtado de Mendoza, c.1590-1596; CODOIN Archivo de Indias T.8, 1867, pp.392-404)",no,,Cibdad de los Chachapoias - pueblos de Chilchos y Luia,12,item,precio por pieza,pesos,4,á cuatro pesos pieza,,402,high,
H1.j,"Renta situada y consignada para la paga de la guarda de a pie de los virreyes: Cibdad de los Chachapoias (relación del estado de la Real Audiencia de Los Reyes, virrey García Hurtado de Mendoza, c.1590-1596; CODOIN Archivo de Indias T.8, 1867, pp.392-404)",no,,Cibdad de los Chachapoias - pueblos de Chilchos y Luia,13,item,valor de venta de la ropa,pesos corrientes,76,setenta y seis pesos corrientes / 76,19×4 = 76,402,high,
H1.j,"Renta situada y consignada para la paga de la guarda de a pie de los virreyes: Cibdad de los Chachapoias (relación del estado de la Real Audiencia de Los Reyes, virrey García Hurtado de Mendoza, c.1590-1596; CODOIN Archivo de Indias T.8, 1867, pp.392-404)",no,,Cibdad de los Chachapoias - indios de Luia 'llamados chilcos' (?),14,item,maíz puesto en su tierra,fanegas,32,treinta y dos fanegas de maiz,"los indios de Luia, llamados chileos/chilcos",403,medium,OCR ilegible; leído en imagen: 'treinta y dos'; el etnónimo impreso parece 'chileos' (¿chilcos/chilchos?)
H1.j,"Renta situada y consignada para la paga de la guarda de a pie de los virreyes: Cibdad de los Chachapoias (relación del estado de la Real Audiencia de Los Reyes, virrey García Hurtado de Mendoza, c.1590-1596; CODOIN Archivo de Indias T.8, 1867, pp.392-404)",no,,Cibdad de los Chachapoias - indios de Luia 'llamados chilcos' (?),15,item,precio por fanega,reales,3,á tres reales fanega,,403,high,
H1.j,"Renta situada y consignada para la paga de la guarda de a pie de los virreyes: Cibdad de los Chachapoias (relación del estado de la Real Audiencia de Los Reyes, virrey García Hurtado de Mendoza, c.1590-1596; CODOIN Archivo de Indias T.8, 1867, pp.392-404)",no,,Cibdad de los Chachapoias - indios de Luia 'llamados chilcos' (?),16,item,valor de venta,pesos corrientes,13,trece pesos / 13,32×3 r = 12 p; el texto da 13,403,medium,pequeña inconsistencia
H1.j,"Renta situada y consignada para la paga de la guarda de a pie de los virreyes: Cibdad de los Chachapoias (relación del estado de la Real Audiencia de Los Reyes, virrey García Hurtado de Mendoza, c.1590-1596; CODOIN Archivo de Indias T.8, 1867, pp.392-404)",no,,Cibdad de los Chachapoias - indios mitimas residentes en Cajamarca,17,item,especies de trigo y maíz vendidas por los corregidores,pesos corrientes,103,ciento y tres pesos corrientes / 103,,403,high,
H1.j,"Renta situada y consignada para la paga de la guarda de a pie de los virreyes: Cibdad de los Chachapoias (relación del estado de la Real Audiencia de Los Reyes, virrey García Hurtado de Mendoza, c.1590-1596; CODOIN Archivo de Indias T.8, 1867, pp.392-404)",no,,Cibdad de los Chachapoias - suma,18,total,renta total en plata ensayada,pesos ensayados,518.375,quinientos y diez y ocho pesos y tres tomines / 518 3,508 + 10p3t = 518p3t (cuadra),403,high,
H1.j,"Renta situada y consignada para la paga de la guarda de a pie de los virreyes: Cibdad de los Chachapoias (relación del estado de la Real Audiencia de Los Reyes, virrey García Hurtado de Mendoza, c.1590-1596; CODOIN Archivo de Indias T.8, 1867, pp.392-404)",no,,Cibdad de los Chachapoias - suma,19,total,renta total en pesos corrientes,pesos corrientes,282.125,doscientos y ochenta y dos y un tomín / 282 1,45 + 45p1 + 76 + 13 + 103 = 282p1 (cuadra),403,high,
H1.k,"Probanza/declaración sobre los caciques de la encomienda de Alonso de Alvarado, c.1546-1548 (AGI [Justicia?] 123, f.51v) -- citada por Schjellerup 2008",no,,cacique Alonso Quinyop (indios de la sierra),1,item,tributarios del cacique Alonso Quinyop,tributarios,1000,1 000 tributarios,"sucesor de Guamán; cacique de los indios de la sierra (encomienda Alvarado, antes de 1548)",114,medium,cifra citada en la paráfrasis de Schjellerup; no se transcribe el texto original
H1.k,"Probanza/declaración sobre los caciques de la encomienda de Alonso de Alvarado, c.1546-1548 (AGI [Justicia?] 123, f.51v) -- citada por Schjellerup 2008",no,,cacique Chilcho (señor de los Ancingas/Anayungas y Chontaces),2,item,tributarios del cacique Chilcho,tributarios,1500,1 500 tributarios,naturales y mitimaes,115,medium,idem
H1.l,"Disminución de los tributarios de la parcialidad de los Chilchos (documento colonial del pleito, vía Espinoza Soriano 2003:71) -- citada por Schjellerup 2008",no,,parcialidad de los Chilchos (cacique don Hernando Chilcho),1,item,guarangas 'a partir de 1535',guarangas,5,5 guarangas,'se dice había tenido 5 guarangas' -- mismo dato que H1.a §2 (1572),115,medium,"Schjellerup añade '(5 000 tributarios/35-40 000 personas)': conversión moderna, no documental. Única cifra asociada a 1535 en estas fuentes"
H1.l,"Disminución de los tributarios de la parcialidad de los Chilchos (documento colonial del pleito, vía Espinoza Soriano 2003:71) -- citada por Schjellerup 2008",no,,parcialidad de los Chilchos (cacique don Hernando Chilcho),2,item,tributarios durante la encomienda de Alvarado (1546),tributarios,1500,1 500 tributarios,,115,medium,coincide con H1.k
H1.l,"Disminución de los tributarios de la parcialidad de los Chilchos (documento colonial del pleito, vía Espinoza Soriano 2003:71) -- citada por Schjellerup 2008",no,,parcialidad de los Chilchos (cacique don Hernando Chilcho),3,item,tributarios bajo la encomienda de Juan Pérez de Guevara,tributarios,1000,1 000 tributarios,más adelante (post-1548),115,medium,
H1.m,"Tributos exigidos a la encomienda de Chilcho y Laya por Juan Pérez de Guevara, 1548-1549 (pleito de los caciques de Leymebamba y Chilchos, Audiencia de Lima 1564; vía Espinoza Soriano 2003:80) -- citado por Schjellerup 2008",no,caciques de Leymebamba y Los Chilchos (demandantes),tributo 1548-1549,1,item,ropa de algodón,piezas,900,900 piezas de ropa de algodón,exigido a partir de 1548-1549; aumentó en años siguientes,117,medium,"cifras vía Espinoza 2003:80, no transcripción directa"
H1.m,"Tributos exigidos a la encomienda de Chilcho y Laya por Juan Pérez de Guevara, 1548-1549 (pleito de los caciques de Leymebamba y Chilchos, Audiencia de Lima 1564; vía Espinoza Soriano 2003:80) -- citado por Schjellerup 2008",no,caciques de Leymebamba y Los Chilchos (demandantes),tributo 1548-1549,2,item,cera,panes,150,150 panes de cera,exigido a partir de 1548-1549; aumentó en años siguientes,117,medium,"cifras vía Espinoza 2003:80, no transcripción directa"
H1.m,"Tributos exigidos a la encomienda de Chilcho y Laya por Juan Pérez de Guevara, 1548-1549 (pleito de los caciques de Leymebamba y Chilchos, Audiencia de Lima 1564; vía Espinoza Soriano 2003:80) -- citado por Schjellerup 2008",no,caciques de Leymebamba y Los Chilchos (demandantes),tributo 1548-1549,3,item,miel,canutos,2800,2 800 canutos de miel,exigido a partir de 1548-1549; aumentó en años siguientes,117,medium,"cifras vía Espinoza 2003:80, no transcripción directa"
H1.m,"Tributos exigidos a la encomienda de Chilcho y Laya por Juan Pérez de Guevara, 1548-1549 (pleito de los caciques de Leymebamba y Chilchos, Audiencia de Lima 1564; vía Espinoza Soriano 2003:80) -- citado por Schjellerup 2008",no,caciques de Leymebamba y Los Chilchos (demandantes),tributo 1548-1549,4,item,hilo de algodón,ovillos,5510,5 510 ovillos de hilo de algodón,exigido a partir de 1548-1549; aumentó en años siguientes,117,medium,"cifras vía Espinoza 2003:80, no transcripción directa"
H1.m,"Tributos exigidos a la encomienda de Chilcho y Laya por Juan Pérez de Guevara, 1548-1549 (pleito de los caciques de Leymebamba y Chilchos, Audiencia de Lima 1564; vía Espinoza Soriano 2003:80) -- citado por Schjellerup 2008",no,caciques de Leymebamba y Los Chilchos (demandantes),tributo 1548-1549,5,item,pescado seco,petaquillas,594,594 petaquillas de pescado seco,exigido a partir de 1548-1549; aumentó en años siguientes,117,medium,"cifras vía Espinoza 2003:80, no transcripción directa"
H1.m,"Tributos exigidos a la encomienda de Chilcho y Laya por Juan Pérez de Guevara, 1548-1549 (pleito de los caciques de Leymebamba y Chilchos, Audiencia de Lima 1564; vía Espinoza Soriano 2003:80) -- citado por Schjellerup 2008",no,caciques de Leymebamba y Los Chilchos (demandantes),tributo 1548-1549,6,item,aves de Castilla,aves,1054,1 054 aves de Castilla,exigido a partir de 1548-1549; aumentó en años siguientes,117,medium,"cifras vía Espinoza 2003:80, no transcripción directa"
H1.m,"Tributos exigidos a la encomienda de Chilcho y Laya por Juan Pérez de Guevara, 1548-1549 (pleito de los caciques de Leymebamba y Chilchos, Audiencia de Lima 1564; vía Espinoza Soriano 2003:80) -- citado por Schjellerup 2008",no,caciques de Leymebamba y Los Chilchos (demandantes),tributo 1548-1549,7,item,maíz,fanegas,20,20 fanegas del maíz,exigido a partir de 1548-1549; aumentó en años siguientes,117,medium,"cifras vía Espinoza 2003:80, no transcripción directa"
H1.m,"Tributos exigidos a la encomienda de Chilcho y Laya por Juan Pérez de Guevara, 1548-1549 (pleito de los caciques de Leymebamba y Chilchos, Audiencia de Lima 1564; vía Espinoza Soriano 2003:80) -- citado por Schjellerup 2008",no,caciques de Leymebamba y Los Chilchos (demandantes),tributo 1548-1549,8,item,vigas,vigas,33,33 vigas,exigido a partir de 1548-1549; aumentó en años siguientes,117,medium,"cifras vía Espinoza 2003:80, no transcripción directa"
H1.m,"Tributos exigidos a la encomienda de Chilcho y Laya por Juan Pérez de Guevara, 1548-1549 (pleito de los caciques de Leymebamba y Chilchos, Audiencia de Lima 1564; vía Espinoza Soriano 2003:80) -- citado por Schjellerup 2008",no,caciques de Leymebamba y Los Chilchos (demandantes),tributo 1548-1549,9,item,troncos de palma de chonta,troncos,46,46 troncos de la palma de chonta,exigido a partir de 1548-1549; aumentó en años siguientes,117,medium,"cifras vía Espinoza 2003:80, no transcripción directa"
H1.m,"Tributos exigidos a la encomienda de Chilcho y Laya por Juan Pérez de Guevara, 1548-1549 (pleito de los caciques de Leymebamba y Chilchos, Audiencia de Lima 1564; vía Espinoza Soriano 2003:80) -- citado por Schjellerup 2008",no,caciques de Leymebamba y Los Chilchos (demandantes),tributo 1548-1549,10,item,tablas,tablas,50,50 tablas,exigido a partir de 1548-1549; aumentó en años siguientes,117,medium,"cifras vía Espinoza 2003:80, no transcripción directa"
H1.m,"Tributos exigidos a la encomienda de Chilcho y Laya por Juan Pérez de Guevara, 1548-1549 (pleito de los caciques de Leymebamba y Chilchos, Audiencia de Lima 1564; vía Espinoza Soriano 2003:80) -- citado por Schjellerup 2008",no,caciques de Leymebamba y Los Chilchos (demandantes),tributo 1548-1549,11,item,camas de madera,camas,2,2 camas de madera,exigido a partir de 1548-1549; aumentó en años siguientes,117,medium,"cifras vía Espinoza 2003:80, no transcripción directa"
H1.n,"Total de tributos recogidos por Juan Pérez de Guevara de Chilchos y Laya 'en esos años' (antes de 1564; pleito Audiencia de Lima 1564, vía Espinoza Soriano 2003:118) -- citado por Schjellerup 2008",no,caciques de Leymebamba y Los Chilchos (demandantes),tributos acumulados 1548-c.1564,1,item,piezas de algodón (mayor parte teñido),piezas,5077,5 077 piezas de algodón,recogido por Pérez de Guevara 'en esos años',117,medium,cifras vía Espinoza 2003:118; periodo no precisado
H1.n,"Total de tributos recogidos por Juan Pérez de Guevara de Chilchos y Laya 'en esos años' (antes de 1564; pleito Audiencia de Lima 1564, vía Espinoza Soriano 2003:118) -- citado por Schjellerup 2008",no,caciques de Leymebamba y Los Chilchos (demandantes),tributos acumulados 1548-c.1564,2,item,cera,panes,394,394 panes de cera,recogido por Pérez de Guevara 'en esos años',117,medium,cifras vía Espinoza 2003:118; periodo no precisado
H1.n,"Total de tributos recogidos por Juan Pérez de Guevara de Chilchos y Laya 'en esos años' (antes de 1564; pleito Audiencia de Lima 1564, vía Espinoza Soriano 2003:118) -- citado por Schjellerup 2008",no,caciques de Leymebamba y Los Chilchos (demandantes),tributos acumulados 1548-c.1564,3,item,miel,canutos,7735,7 735 canutos de miel,recogido por Pérez de Guevara 'en esos años',117,medium,cifras vía Espinoza 2003:118; periodo no precisado
H1.n,"Total de tributos recogidos por Juan Pérez de Guevara de Chilchos y Laya 'en esos años' (antes de 1564; pleito Audiencia de Lima 1564, vía Espinoza Soriano 2003:118) -- citado por Schjellerup 2008",no,caciques de Leymebamba y Los Chilchos (demandantes),tributos acumulados 1548-c.1564,4,item,hilo de algodón,ovillos,5610,5 610 ovillos de hilo de algodón,recogido por Pérez de Guevara 'en esos años',117,medium,cifras vía Espinoza 2003:118; periodo no precisado
H1.n,"Total de tributos recogidos por Juan Pérez de Guevara de Chilchos y Laya 'en esos años' (antes de 1564; pleito Audiencia de Lima 1564, vía Espinoza Soriano 2003:118) -- citado por Schjellerup 2008",no,caciques de Leymebamba y Los Chilchos (demandantes),tributos acumulados 1548-c.1564,5,item,maní,petaquillas,4400,4 400 petaquillas de maní,recogido por Pérez de Guevara 'en esos años',117,medium,cifras vía Espinoza 2003:118; periodo no precisado
H1.n,"Total de tributos recogidos por Juan Pérez de Guevara de Chilchos y Laya 'en esos años' (antes de 1564; pleito Audiencia de Lima 1564, vía Espinoza Soriano 2003:118) -- citado por Schjellerup 2008",no,caciques de Leymebamba y Los Chilchos (demandantes),tributos acumulados 1548-c.1564,6,item,pescado seco,petaquillas,660,660 petaquillas de pescado seco,recogido por Pérez de Guevara 'en esos años',117,medium,cifras vía Espinoza 2003:118; periodo no precisado
H1.n,"Total de tributos recogidos por Juan Pérez de Guevara de Chilchos y Laya 'en esos años' (antes de 1564; pleito Audiencia de Lima 1564, vía Espinoza Soriano 2003:118) -- citado por Schjellerup 2008",no,caciques de Leymebamba y Los Chilchos (demandantes),tributos acumulados 1548-c.1564,7,item,aves de Castilla,aves,510,510 aves de Castilla,recogido por Pérez de Guevara 'en esos años',117,medium,cifras vía Espinoza 2003:118; periodo no precisado
H1.n,"Total de tributos recogidos por Juan Pérez de Guevara de Chilchos y Laya 'en esos años' (antes de 1564; pleito Audiencia de Lima 1564, vía Espinoza Soriano 2003:118) -- citado por Schjellerup 2008",no,caciques de Leymebamba y Los Chilchos (demandantes),tributos acumulados 1548-c.1564,8,item,sal,piedras,5000,5 000 piedras de sal,recogido por Pérez de Guevara 'en esos años',117,medium,cifras vía Espinoza 2003:118; periodo no precisado
H1.n,"Total de tributos recogidos por Juan Pérez de Guevara de Chilchos y Laya 'en esos años' (antes de 1564; pleito Audiencia de Lima 1564, vía Espinoza Soriano 2003:118) -- citado por Schjellerup 2008",no,caciques de Leymebamba y Los Chilchos (demandantes),tributos acumulados 1548-c.1564,9,item,trigo,fanegas,90,90 fanegas de trigo,recogido por Pérez de Guevara 'en esos años',117,medium,cifras vía Espinoza 2003:118; periodo no precisado
H1.n,"Total de tributos recogidos por Juan Pérez de Guevara de Chilchos y Laya 'en esos años' (antes de 1564; pleito Audiencia de Lima 1564, vía Espinoza Soriano 2003:118) -- citado por Schjellerup 2008",no,caciques de Leymebamba y Los Chilchos (demandantes),tributos acumulados 1548-c.1564,10,item,maíz,fanegas,200,200 fanegas de maíz,recogido por Pérez de Guevara 'en esos años',117,medium,cifras vía Espinoza 2003:118; periodo no precisado
H1.n,"Total de tributos recogidos por Juan Pérez de Guevara de Chilchos y Laya 'en esos años' (antes de 1564; pleito Audiencia de Lima 1564, vía Espinoza Soriano 2003:118) -- citado por Schjellerup 2008",no,caciques de Leymebamba y Los Chilchos (demandantes),tributos acumulados 1548-c.1564,11,item,chonta,cargas,60,60 cargas de chonta,recogido por Pérez de Guevara 'en esos años',117,medium,cifras vía Espinoza 2003:118; periodo no precisado
H1.n,"Total de tributos recogidos por Juan Pérez de Guevara de Chilchos y Laya 'en esos años' (antes de 1564; pleito Audiencia de Lima 1564, vía Espinoza Soriano 2003:118) -- citado por Schjellerup 2008",no,caciques de Leymebamba y Los Chilchos (demandantes),tributos acumulados 1548-c.1564,12,item,cobre para clavos,petacas,6,6 petacas de cobre para clavos,recogido por Pérez de Guevara 'en esos años',117,medium,cifras vía Espinoza 2003:118; periodo no precisado
H1.o,"Pleito de los caciques de Leymebamba y Los Chilchos contra el encomendero Juan Pérez de Guevara, Audiencia de Lima, 1564 -- quejas y testimonios (vía Espinoza Soriano 2003:69-70,115-125) -- citado por Schjellerup 2008",no,caciques de Leymebamba y Los Chilchos / testigos,"expedición contra los posic, 1549",1,item,españoles con Juan de Guevara,españoles,10,diez españoles,con Francisco Menacho y gente de Leymebamba y Los Chilchos,116,medium,paráfrasis de Schjellerup (Espinoza 2003:69)
H1.o,"Pleito de los caciques de Leymebamba y Los Chilchos contra el encomendero Juan Pérez de Guevara, Audiencia de Lima, 1564 -- quejas y testimonios (vía Espinoza Soriano 2003:69-70,115-125) -- citado por Schjellerup 2008",no,caciques de Leymebamba y Los Chilchos / testigos,españoles establecidos en Posic,2,item,españoles establecidos en Posic hasta 1556,españoles,5,otros cinco españoles,,117,medium,Espinoza 2003:70
H1.o,"Pleito de los caciques de Leymebamba y Los Chilchos contra el encomendero Juan Pérez de Guevara, Audiencia de Lima, 1564 -- quejas y testimonios (vía Espinoza Soriano 2003:69-70,115-125) -- citado por Schjellerup 2008",no,caciques de Leymebamba y Los Chilchos / testigos,ataque a los orimona,3,item,llamas robadas,llamas,100,100 llamas,botín del ataque de Francisco de Guevara,118,medium,Espinoza 2003:125
H1.o,"Pleito de los caciques de Leymebamba y Los Chilchos contra el encomendero Juan Pérez de Guevara, Audiencia de Lima, 1564 -- quejas y testimonios (vía Espinoza Soriano 2003:69-70,115-125) -- citado por Schjellerup 2008",no,caciques de Leymebamba y Los Chilchos / testigos,abusos de Enrique Jara,4,item,años de crueldades contra los orimona,años,6,los próximos seis años,,118,medium,
H1.o,"Pleito de los caciques de Leymebamba y Los Chilchos contra el encomendero Juan Pérez de Guevara, Audiencia de Lima, 1564 -- quejas y testimonios (vía Espinoza Soriano 2003:69-70,115-125) -- citado por Schjellerup 2008",no,caciques de Leymebamba y Los Chilchos / testigos,queja: chacras de algodón (criado Diego Pérez),5,item,algodón cosechado en dos años (más de),arrobas,7000,más de 7000 arrobas,sin pagar salario; depositadas en la casa de Chachapoyas,119,medium,cita de Espinoza 2003:115-120; '(8 750 kg)' es conversión moderna
H1.o,"Pleito de los caciques de Leymebamba y Los Chilchos contra el encomendero Juan Pérez de Guevara, Audiencia de Lima, 1564 -- quejas y testimonios (vía Espinoza Soriano 2003:69-70,115-125) -- citado por Schjellerup 2008",no,caciques de Leymebamba y Los Chilchos / testigos,queja: chacras de algodón (criado Diego Pérez),6,item,años de cosecha,años,2,en dos años,,119,medium,
H1.p,"Libro de visitas del arzobispo Toribio de Mogrovejo, segunda visita pastoral, 1593 (Rev. Archivo Nacional del Perú 1921:51,65) -- citado por Schjellerup 2008",no,don Juan Chilcho y don Pedro Yaxa (Laja) [para San Ildefonso],San Ildefonso de los Chilchos (anexo de Santo Tomás),1,item,indios tributarios,indios,56,cincuenta y seis indios tributarios,por declaración de don Juan Chilcho y don Pedro Yaxa,119,high,CHILCHOS 1593
H1.p,"Libro de visitas del arzobispo Toribio de Mogrovejo, segunda visita pastoral, 1593 (Rev. Archivo Nacional del Perú 1921:51,65) -- citado por Schjellerup 2008",no,don Juan Chilcho y don Pedro Yaxa (Laja) [para San Ildefonso],San Ildefonso de los Chilchos (anexo de Santo Tomás),2,item,cojos entre los tributarios,indios,3,tres cojos,incluidos en los 56,119,high,
H1.p,"Libro de visitas del arzobispo Toribio de Mogrovejo, segunda visita pastoral, 1593 (Rev. Archivo Nacional del Perú 1921:51,65) -- citado por Schjellerup 2008",no,don Juan Chilcho y don Pedro Yaxa (Laja) [para San Ildefonso],San Ildefonso de los Chilchos (anexo de Santo Tomás),3,item,mudos entre los tributarios,indios,1,un mudo,incluido en los 56,119,high,
H1.p,"Libro de visitas del arzobispo Toribio de Mogrovejo, segunda visita pastoral, 1593 (Rev. Archivo Nacional del Perú 1921:51,65) -- citado por Schjellerup 2008",no,,pueblo de Laya,4,item,indios,indios,3,hay tres indios,despoblado por temor de los Ancaes,120,high,
H1.p,"Libro de visitas del arzobispo Toribio de Mogrovejo, segunda visita pastoral, 1593 (Rev. Archivo Nacional del Perú 1921:51,65) -- citado por Schjellerup 2008",no,,pueblo de Ypapuy,5,item,distancia (leguas de mal camino),leguas,7,siete leguas,1593,120,high,
H1.p,"Libro de visitas del arzobispo Toribio de Mogrovejo, segunda visita pastoral, 1593 (Rev. Archivo Nacional del Perú 1921:51,65) -- citado por Schjellerup 2008",no,,pueblo de Ypapuy,6,item,indios tributarios casados,personas,22,veinte y dos indios tributarios casados,1593,120,high,
H1.p,"Libro de visitas del arzobispo Toribio de Mogrovejo, segunda visita pastoral, 1593 (Rev. Archivo Nacional del Perú 1921:51,65) -- citado por Schjellerup 2008",no,,pueblo de Ypapuy,7,item,"indios viejos reservados, casados y solteros",personas,12,doce indios viejos reservados,1593,120,high,
H1.p,"Libro de visitas del arzobispo Toribio de Mogrovejo, segunda visita pastoral, 1593 (Rev. Archivo Nacional del Perú 1921:51,65) -- citado por Schjellerup 2008",no,,pueblo de Ypapuy,8,item,indias viudas y solteras,personas,12,doce indias viudas y solteras,1593,120,high,
H1.p,"Libro de visitas del arzobispo Toribio de Mogrovejo, segunda visita pastoral, 1593 (Rev. Archivo Nacional del Perú 1921:51,65) -- citado por Schjellerup 2008",no,,pueblo de Ypapuy,9,item,muchachos,personas,16,diez y seis mochachos,1593,120,high,
H1.p,"Libro de visitas del arzobispo Toribio de Mogrovejo, segunda visita pastoral, 1593 (Rev. Archivo Nacional del Perú 1921:51,65) -- citado por Schjellerup 2008",no,,pueblo de Ypapuy,10,item,personas confirmadas,personas,11,once personas,1593,120,high,
H1.p,"Libro de visitas del arzobispo Toribio de Mogrovejo, segunda visita pastoral, 1593 (Rev. Archivo Nacional del Perú 1921:51,65) -- citado por Schjellerup 2008",no,,pueblo de Possi,11,item,indios tributarios casados,personas,26,veinte y seis indios tributarios casados,1593,120,high,
H1.p,"Libro de visitas del arzobispo Toribio de Mogrovejo, segunda visita pastoral, 1593 (Rev. Archivo Nacional del Perú 1921:51,65) -- citado por Schjellerup 2008",no,,pueblo de Possi,12,item,indios tributarios solteros,personas,9,nueve indios más tributarios solteros,1593,120,high,
H1.p,"Libro de visitas del arzobispo Toribio de Mogrovejo, segunda visita pastoral, 1593 (Rev. Archivo Nacional del Perú 1921:51,65) -- citado por Schjellerup 2008",no,,pueblo de Possi,13,item,indios viejos reservados casados,personas,10,diez indios viejos reservados,1593,120,high,
H1.p,"Libro de visitas del arzobispo Toribio de Mogrovejo, segunda visita pastoral, 1593 (Rev. Archivo Nacional del Perú 1921:51,65) -- citado por Schjellerup 2008",no,,pueblo de Possi,14,item,indias viudas y solteras,personas,8,"ocho indias, viudas, solteras",1593,120,high,
H1.p,"Libro de visitas del arzobispo Toribio de Mogrovejo, segunda visita pastoral, 1593 (Rev. Archivo Nacional del Perú 1921:51,65) -- citado por Schjellerup 2008",no,,pueblo de Possi,15,item,muchachos,personas,16,diez y seis mochachos,1593,120,high,
H1.p,"Libro de visitas del arzobispo Toribio de Mogrovejo, segunda visita pastoral, 1593 (Rev. Archivo Nacional del Perú 1921:51,65) -- citado por Schjellerup 2008",no,,pueblo de Possi,16,item,muchachas,personas,22,veinte y dos mochachas,1593,120,high,
H1.p,"Libro de visitas del arzobispo Toribio de Mogrovejo, segunda visita pastoral, 1593 (Rev. Archivo Nacional del Perú 1921:51,65) -- citado por Schjellerup 2008",no,,pueblo de Possi,17,total,ánimas (total),personas,91,que por todas son ánimas noventa y una,1593,120,high,26+9+10+8+16+22 = 91 (cuadra)
H1.p,"Libro de visitas del arzobispo Toribio de Mogrovejo, segunda visita pastoral, 1593 (Rev. Archivo Nacional del Perú 1921:51,65) -- citado por Schjellerup 2008",no,,pueblo de Possi,18,item,personas confirmadas,personas,28,veinte y ochos personas,1593,120,high,
